YEAR,MONTH,DAY,DAY_OF_WEEK,AIRLINE,FLIGHT_NUMBER,ORIGIN_AIRPORT,DESTINATION_AIRPORT,SCHEDULED_DEPARTURE,DEPARTURE_TIME,DEPARTURE_DELAY,TAXI_OUT,WHEELS_OFF,SCHEDULED_TIME,ELAPSED_TIME,AIR_TIME,DISTANCE,WHEELS_ON,TAXI_IN,SCHEDULED_ARRIVAL,ARRIVAL_TIME,ARRIVAL_DELAY,DIVERTED,CANCELLED,CANCELLATION_REASON,AIR_SYSTEM_DELAY,SECURITY_DELAY,AIRLINE_DELAY,LATE_AIRCRAFT_DELAY,WEATHER_DELAY
2023,7,2,6,G4,7380,LAX,MCO,1047,1047,20,24,1047,182,177,136,1259,1349,17,1349,1349,0,0,0,,0,0,0,0,0
2023,4,27,1,AS,9634,DFW,LGA,724,724,9,27,724,169,161,129,999,1013,5,1013,1013,32,0,0,,12,7,27,13,12
2023,11,25,3,AS,7281,SAN,HOU,2222,2222,32,33,2222,112,108,67,579,14,8,14,14,43,0,0,,15,6,16,41,13
2023,8,9,4,UA,1068,LGA,BWI,1005,1005,60,33,1005,262,248,203,1754,1427,12,1427,1427,36,0,0,,1,9,39,47,0
2023,5,1,3,F9,4224,ATL,MSP,1923,1923,37,15,1923,56,62,28,180,2019,19,2019,2019,35,0,0,,19,3,20,53,19
2023,7,11,4,DL,9019,SFO,EWR,1456,1456,8,20,1456,140,133,104,752,1716,9,1716,1716,8,0,0,,0,0,0,0,0
2023,10,3,2,NK,4608,ATL,FLL,1504,1504,-18,23,1504,124,122,80,589,1708,19,1708,1708,-17,0,0,,0,0,0,0,0
2023,3,20,5,B6,3986,LAS,DAL,1907,1907,62,19,1907,172,171,143,1134,2159,9,2159,2159,50,0,0,,7,5,8,13,11
2023,7,23,4,DL,3180,ORD,PHL,606,606,10,34,606,214,209,165,1522,940,10,940,940,15,0,0,,0,0,0,0,0
2023,11,26,1,AA,4539,MIA,FLL,1120,1120,3,24,1120,284,281,238,2068,1604,19,1604,1604,14,0,0,,0,0,0,0,0
2023,11,4,3,F9,2363,FLL,DTW,1339,1339,-30,25,1339,111,123,82,561,1530,16,1530,1530,-19,0,0,,0,0,0,0,0
2023,8,18,2,DL,2225,EWR,TPA,1626,1626,7,15,1626,130,139,110,677,1836,14,1836,1836,7,0,0,,0,0,0,0,0
2023,5,23,1,UA,6372,BWI,MIA,1623,1623,24,25,1623,91,112,79,459,1754,8,1754,1754,21,0,0,,30,7,31,5,8
2023,4,6,2,AA,1727,MSP,IAD,1020,1020,-29,18,1020,303,293,257,1961,1523,18,1523,1523,-11,0,1,A,0,0,0,0,0
2023,8,3,5,WN,5792,MCO,MSP,1657,1657,9,20,1657,242,263,237,1511,2059,6,2059,2059,15,0,0,,0,0,0,0,0
2023,8,22,7,F9,8074,BWI,ATL,655,655,-12,19,655,318,335,310,2188,1213,6,1213,1213,-7,0,0,,0,0,0,0,0
2023,3,11,3,DL,8459,DAL,MSP,1009,1009,78,22,1009,371,380,339,2634,1620,19,1620,1620,68,0,0,,31,5,46,8,29
2023,6,15,6,AA,7014,MDW,LAX,1141,1141,3,33,1141,138,145,93,853,1359,19,1359,1359,9,0,0,,0,0,0,0,0
2023,5,22,3,WN,838,MDW,SAN,530,530,-5,32,530,146,138,98,812,756,8,756,756,-8,0,0,,0,0,0,0,0
2023,2,28,5,G4,4585,JFK,EWR,1346,1346,13,10,1346,86,87,70,514,1512,7,1512,1512,23,0,0,,34,3,4,24,7
2023,8,5,3,AA,687,DAL,SFO,2005,2005,55,10,2005,182,197,179,1072,2307,8,2307,2307,36,0,0,,22,8,37,34,27
2023,12,20,6,UA,357,BOS,BNA,1011,1011,-4,13,1011,309,319,289,2310,1520,17,1520,1520,-6,0,0,,0,0,0,0,0
2023,6,10,4,G4,9064,LGA,ATL,749,749,-19,10,749,87,82,60,325,916,12,916,916,-7,0,0,,0,0,0,0,0
2023,2,12,2,UA,4648,BNA,DEN,1357,1357,16,16,1357,207,221,197,1322,1724,8,1724,1724,2,0,0,,0,0,0,0,0
2023,12,15,6,DL,4419,BWI,MCO,1523,1523,-27,18,1523,223,218,193,1351,1906,7,1906,1906,-40,0,0,,0,0,0,0,0
2023,5,17,1,NK,6643,SAN,BWI,1040,1040,24,15,1040,160,147,116,1085,1320,16,1320,1320,23,0,0,,30,9,35,39,17
2023,1,10,5,DL,3392,DAL,LGA,1252,1252,65,11,1252,96,120,102,531,1428,7,1428,1428,37,0,0,,6,5,0,15,26
2023,12,6,4,G4,4358,BOS,DFW,1029,1029,39,29,1029,236,260,227,1432,1425,4,1425,1425,20,0,0,,23,5,21,22,11
2023,10,18,1,AS,4880,LGA,IAH,1455,1455,25,31,1455,223,228,184,1362,1838,13,1838,1838,32,0,0,,7,0,22,48,23
2023,6,13,1,DL,5320,FLL,PHX,933,933,14,27,933,92,111,77,455,1105,7,1105,1105,11,0,0,,0,0,0,0,0
2023,12,3,5,G4,2740,DTW,ATL,1335,1335,46,22,1335,215,227,190,1551,1710,15,1710,1710,57,0,0,,2,3,14,7,1
2023,9,24,4,AA,9511,CLT,MSP,617,617,47,12,617,146,152,123,751,843,17,843,843,27,0,0,,33,0,45,6,5
2023,1,10,7,HA,9728,SAN,SLC,1311,1311,7,14,1311,358,360,339,2540,1909,7,1909,1909,7,0,0,,0,0,0,0,0
2023,11,14,1,DL,4785,SFO,LAS,516,516,35,15,516,342,349,322,2353,1058,12,1058,1058,37,0,0,,31,3,5,34,16
2023,11,6,1,AA,9965,MCO,BWI,2258,2258,-2,14,2258,155,165,137,861,133,14,133,133,-14,0,1,D,0,0,0,0,0
2023,10,3,4,UA,878,SFO,MSP,1817,1817,36,15,1817,225,244,222,1615,2202,7,2202,2202,45,0,0,,20,1,34,36,22
2023,12,16,3,F9,2871,DEN,FLL,834,834,-23,11,834,98,111,90,552,1012,10,1012,1012,-11,0,0,,0,0,0,0,0
2023,12,7,1,NK,293,MIA,EWR,2021,2021,11,8,2021,124,119,107,763,2225,4,2225,2225,-8,0,0,,0,0,0,0,0
2023,3,20,2,UA,9844,MSP,TPA,1742,1742,-30,29,1742,271,256,210,1951,2213,17,2213,2213,-24,0,0,,0,0,0,0,0
2023,12,14,4,UA,8729,DAL,IAH,733,733,25,12,733,80,80,49,326,853,19,853,853,28,0,0,,2,8,27,17,10
2023,7,9,1,G4,2687,IAD,PHL,1913,1913,-7,18,1913,106,115,87,598,2059,10,2059,2059,-11,0,0,,0,0,0,0,0
2023,4,15,5,AS,234,LGA,MCO,747,747,25,11,747,140,162,134,892,1007,17,1007,1007,5,0,0,,0,0,0,0,0
2023,9,21,6,B6,2375,DTW,LGA,551,551,18,9,551,271,273,259,1714,1022,5,1022,1022,21,0,0,,7,0,6,3,16
2023,3,3,2,HA,2273,ORD,MIA,514,514,34,24,514,296,296,257,2128,1010,15,1010,1010,57,0,0,,36,9,48,29,19
2023,5,2,6,AS,967,PHL,BNA,1847,1847,-25,32,1847,335,338,292,2498,22,14,22,22,-24,0,0,,0,0,0,0,0
2023,3,27,6,G4,890,EWR,ATL,940,940,23,19,940,107,107,77,456,1127,11,1127,1127,40,0,0,,17,4,19,32,21
2023,7,2,1,NK,3864,DEN,LGA,1635,1635,72,9,1635,165,154,141,900,1920,4,1920,1920,54,0,0,,17,7,23,3,23
2023,5,3,2,HA,6155,PHX,BOS,1106,1106,6,16,1106,181,192,163,1018,1407,13,1407,1407,10,0,0,,0,0,0,0,0
2023,9,18,2,HA,3401,FLL,LAS,506,506,32,13,506,103,93,74,363,649,6,649,649,38,0,0,,35,4,12,16,26
2023,7,14,3,G4,8227,MIA,SLC,2040,2040,21,13,2040,278,296,272,1767,118,11,118,118,20,0,0,,39,7,27,42,7
2023,2,20,6,WN,4543,HOU,FLL,1325,1325,-20,25,1325,278,278,240,1813,1803,13,1803,1803,-19,0,0,,0,0,0,0,0
2023,4,18,2,UA,3524,SLC,IAD,2239,2239,30,29,2239,362,369,329,2680,441,11,441,441,36,0,0,,19,4,14,23,6
2023,9,10,3,F9,1764,LGA,DTW,1724,1724,-14,10,1724,269,285,261,1747,2153,14,2153,2153,13,0,0,,0,0,0,0,0
2023,12,25,4,WN,3292,DEN,BNA,1905,1905,1,22,1905,343,350,312,2330,48,16,48,48,6,0,0,,0,0,0,0,0
2023,2,2,3,G4,2489,JFK,SFO,1800,1800,-26,14,1800,254,258,236,1822,2214,8,2214,2214,-26,0,0,,0,0,0,0,0
2023,10,25,5,WN,1559,SFO,LAS,1845,1845,7,20,1845,115,118,90,661,2040,8,2040,2040,6,0,0,,0,0,0,0,0
2023,9,22,7,F9,4691,TPA,BWI,2221,2221,34,17,2221,354,367,339,2408,415,11,415,415,61,0,0,,39,8,26,25,7
2023,10,1,1,G4,6122,MCO,TPA,1810,1810,21,11,1810,169,161,137,1136,2059,13,2059,2059,21,0,0,,9,1,43,18,18
2023,5,4,4,G4,2277,MSP,LGA,2127,2127,16,23,2127,76,89,58,402,2243,8,2243,2243,8,0,0,,0,0,0,0,0
2023,2,14,7,HA,4440,SEA,MIA,1629,1629,20,16,1629,55,57,29,187,1724,12,1724,1724,5,0,0,,0,0,0,0,0
2023,4,1,7,WN,1104,LAS,SFO,1536,1536,-21,28,1536,137,126,94,778,1753,4,1753,1753,-38,0,0,,0,0,0,0,0
2023,12,14,4,AA,7521,MDW,IAH,1615,1615,-23,17,1615,193,189,164,1136,1928,8,1928,1928,-13,0,0,,0,0,0,0,0
2023,12,16,5,DL,9612,DFW,EWR,959,959,-2,26,959,264,258,226,1875,1423,6,1423,1423,8,0,0,,0,0,0,0,0
2023,7,22,3,G4,5410,LGA,EWR,1130,1130,-4,24,1130,313,334,304,2243,1643,6,1643,1643,-6,0,0,,0,0,0,0,0
2023,12,14,1,WN,9671,LGA,JFK,1214,1214,33,8,1214,233,234,221,1627,1607,5,1607,1607,30,0,0,,18,9,8,17,21
2023,8,20,3,B6,7870,SEA,LGA,2147,2147,-8,20,2147,252,268,242,1851,159,6,159,159,-19,0,0,,0,0,0,0,0
2023,3,3,2,NK,2957,IAD,IAH,614,614,-23,11,614,109,97,76,454,803,10,803,803,-16,0,0,,0,0,0,0,0
2023,1,3,3,B6,7711,SFO,LAX,1008,1008,-30,22,1008,272,287,247,1888,1440,18,1440,1440,-18,0,0,,0,0,0,0,0
2023,4,9,4,WN,6018,EWR,SEA,1603,1603,-8,33,1603,336,346,302,2430,2139,11,2139,2139,-11,0,0,,0,0,0,0,0
2023,2,6,1,UA,9575,LGA,PHX,556,556,-30,17,556,93,89,54,394,729,18,729,729,-3,1,0,,0,0,0,0,0
2023,8,25,3,UA,3385,ORD,SLC,828,828,-6,27,828,282,284,242,1894,1310,15,1310,1310,-13,0,0,,0,0,0,0,0
2023,4,13,1,WN,9762,BOS,JFK,1637,1637,-9,16,1637,321,313,286,2355,2158,11,2158,2158,-2,0,0,,0,0,0,0,0
2023,2,21,1,HA,29,CLT,DEN,1451,1451,6,15,1451,182,198,169,1174,1753,14,1753,1753,17,0,0,,17,4,19,29,9
2023,6,2,2,HA,8898,LAS,DEN,1656,1656,6,27,1656,69,73,35,366,1805,11,1805,1805,6,0,0,,0,0,0,0,0
2023,6,8,2,G4,9213,DEN,IAD,1646,1646,58,13,1646,113,137,120,656,1839,4,1839,1839,49,0,0,,20,3,44,28,7
2023,10,21,4,F9,9639,IAD,ATL,727,727,17,30,727,170,167,120,910,1017,17,1017,1017,-1,0,0,,0,0,0,0,0
2023,4,2,5,DL,7757,MCO,LAS,2218,2218,-30,17,2218,384,391,360,2778,442,14,442,442,-7,0,0,,0,0,0,0,0
2023,6,4,7,G4,6949,EWR,JFK,1600,1600,-27,31,1600,195,182,141,1203,1915,10,1915,1915,-23,0,0,,0,0,0,0,0
2023,2,25,1,B6,5756,BNA,PHL,543,543,7,27,543,389,408,376,2717,1212,5,1212,1212,14,0,0,,0,0,0,0,0
2023,10,15,5,DL,3603,DAL,TPA,1217,1217,-29,24,1217,312,335,297,2054,1729,14,1729,1729,-15,0,0,,0,0,0,0,0
2023,12,4,7,B6,5063,IAH,HOU,2021,2021,-30,12,2021,78,83,53,424,2139,18,2139,2139,-31,0,0,,0,0,0,0,0
2023,2,13,7,HA,8072,DFW,SFO,817,817,43,21,817,114,105,71,641,1011,13,1011,1011,36,0,0,,17,1,0,14,21
2023,10,28,4,WN,7245,LGA,LAS,1033,1033,19,24,1033,167,177,146,976,1320,7,1320,1320,34,0,0,,27,4,5,4,29
2023,4,12,7,F9,6373,PHL,DEN,2108,2108,46,18,2108,168,175,149,1100,2356,8,2356,2356,28,0,0,,35,6,15,33,29
2023,8,28,7,B6,7106,LAX,IAH,2207,2207,5,34,2207,199,215,166,1328,126,15,126,126,32,0,0,,36,9,32,51,22
2023,7,13,1,HA,3582,MIA,DEN,1631,1631,15,11,1631,176,162,147,1250,1927,4,1927,1927,6,0,0,,0,0,0,0,0
2023,12,14,1,F9,2763,ATL,SEA,736,736,-26,30,736,259,282,235,1786,1155,17,1155,1155,-34,0,0,,0,0,0,0,0
2023,9,20,6,G4,573,SAN,SFO,1332,1332,-3,30,1332,252,238,201,1605,1744,7,1744,1744,1,0,0,,0,0,0,0,0
2023,8,18,5,WN,7706,PHL,PHX,1016,1016,-13,24,1016,71,94,63,188,1127,7,1127,1127,17,0,0,,37,9,20,33,27
2023,5,28,3,NK,615,DEN,PHX,1744,1744,67,32,1744,354,353,309,2436,2338,12,2338,2338,36,0,0,,7,0,25,8,5
2023,2,6,2,UA,4051,JFK,SEA,1833,1833,-30,9,1833,316,316,295,2319,2349,12,2349,2349,-25,0,0,,0,0,0,0,0
2023,5,11,3,AS,326,HOU,CLT,2121,2121,59,28,2121,85,95,51,293,2246,16,2246,2246,58,0,0,,34,0,17,4,6
2023,8,2,5,F9,3741,SAN,BNA,1700,1700,28,29,1700,363,355,310,2652,2303,16,2303,2303,26,0,0,,20,3,3,26,5
2023,10,28,2,NK,359,CLT,TPA,2212,2212,0,8,2212,355,355,333,2565,407,14,407,407,7,0,0,,0,0,0,0,0
2023,9,23,3,NK,3778,SEA,DTW,1743,1743,25,25,1743,134,139,101,908,1957,13,1957,1957,15,0,0,,0,0,0,0,0
2023,12,19,6,F9,5907,SFO,IAD,537,537,52,14,537,86,109,91,396,703,4,703,703,39,0,0,,31,3,41,19,5
2023,12,19,2,NK,1722,DFW,FLL,1153,1153,35,29,1153,168,163,123,914,1441,11,1441,1441,30,0,0,,25,7,47,46,28
2023,12,5,1,B6,1350,JFK,EWR,1954,1954,32,13,1954,359,367,347,2572,153,7,153,153,16,0,0,,6,6,39,44,28
2023,9,19,3,NK,3697,MSP,BWI,1246,1246,-12,13,1246,215,235,215,1464,1621,7,1621,1621,-9,0,0,,0,0,0,0,0
2023,1,2,2,HA,3897,PHL,LAX,1726,1726,18,21,1726,67,69,40,356,1833,8,1833,1833,13,0,0,,0,0,0,0,0
2023,9,10,6,DL,4261,EWR,BNA,1340,1340,62,30,1340,309,316,281,2168,1849,5,1849,1849,49,0,0,,7,1,22,22,14
2023,7,25,7,B6,9789,IAH,PHX,947,947,41,33,947,383,380,329,2716,1610,18,1610,1610,41,0,0,,16,2,8,33,9
2023,9,2,2,NK,9820,SLC,DEN,2018,2018,55,19,2018,361,384,361,2439,219,4,219,219,27,0,0,,17,3,37,28,9
2023,8,11,2,G4,6942,MIA,IAD,1126,1126,52,21,1126,362,347,318,2499,1728,8,1728,1728,43,0,0,,35,6,44,42,9
2023,1,18,6,UA,3809,DAL,BNA,624,624,23,21,624,238,229,198,1467,1022,10,1022,1022,49,0,0,,38,7,44,59,4
2023,12,24,7,WN,5247,MIA,TPA,1517,1517,46,19,1517,129,134,102,850,1726,13,1726,1726,28,0,0,,22,7,17,34,3
2023,8,15,3,NK,8385,MSP,CLT,1217,1217,-4,16,1217,112,112,84,437,1409,12,1409,1409,14,0,0,,0,0,0,0,0
2023,8,9,4,AA,3846,EWR,ATL,1212,1212,-27,16,1212,319,317,286,2351,1731,15,1731,1731,-20,0,0,,0,0,0,0,0
2023,11,23,3,UA,2578,DAL,SAN,1721,1721,16,9,1721,252,238,214,1743,2133,15,2133,2133,8,0,0,,0,0,0,0,0
2023,3,19,7,G4,92,PHX,LAX,2050,2050,6,25,2050,351,366,325,2620,241,16,241,241,-9,0,0,,0,0,0,0,0
2023,1,9,5,HA,4235,CLT,HOU,725,725,-15,12,725,166,189,172,999,1011,5,1011,1011,-9,0,0,,0,0,0,0,0
2023,8,3,6,NK,8673,HOU,BOS,913,913,-6,33,913,79,72,24,199,1032,15,1032,1032,14,0,0,,0,0,0,0,0
2023,3,21,3,HA,6593,BOS,SEA,1142,1142,79,30,1142,223,221,180,1380,1525,11,1525,1525,64,0,0,,1,8,44,5,13
2023,3,9,2,NK,8129,LGA,LAX,2230,2230,40,19,2230,388,382,353,2761,458,10,458,458,35,0,0,,0,0,47,5,25
2023,1,28,6,AS,1076,EWR,JFK,710,710,18,21,710,389,397,371,2762,1339,5,1339,1339,29,0,0,,3,6,23,42,11
2023,11,14,1,DL,2514,IAH,BWI,1220,1220,-30,20,1220,348,365,337,2410,1808,8,1808,1808,-19,0,0,,0,0,0,0,0
2023,5,19,7,HA,8169,MCO,DEN,1904,1904,-30,10,1904,295,313,293,2058,2359,10,2359,2359,-40,0,0,,0,0,0,0,0
2023,10,7,3,DL,6862,MIA,MSP,2148,2148,-17,22,2148,255,259,219,1836,203,18,203,203,-11,0,0,,0,0,0,0,0
2023,7,16,6,UA,8991,MSP,SEA,1255,1255,53,22,1255,272,284,256,1890,1727,6,1727,1727,65,0,0,,36,0,48,24,18
2023,10,16,3,AS,605,EWR,FLL,638,638,-4,10,638,207,195,180,1493,1005,5,1005,1005,-2,0,0,,0,0,0,0,0
2023,9,28,6,WN,2980,MCO,MSP,2226,2226,39,27,2226,277,295,259,1940,303,9,303,303,2,0,0,,0,0,0,0,0
2023,12,1,2,B6,7141,DFW,PHX,1249,1249,19,26,1249,321,309,270,2110,1810,13,1810,1810,23,0,0,,23,7,36,41,4
2023,7,4,1,DL,7066,MDW,TPA,1741,1741,5,22,1741,191,181,143,1238,2052,16,2052,2052,4,0,0,,0,0,0,0,0
2023,9,4,1,AS,4917,SLC,PHL,1506,1506,38,26,1506,221,227,192,1305,1847,9,1847,1847,12,0,0,,0,0,0,0,0
2023,8,7,5,DL,6801,DAL,SFO,1352,1352,2,15,1352,336,324,295,2531,1928,14,1928,1928,-16,0,0,,0,0,0,0,0
2023,12,8,6,F9,598,LAS,MSP,1721,1721,67,30,1721,44,33,20,181,1805,7,1805,1805,71,0,0,,13,4,32,37,13
2023,2,17,3,G4,9725,LGA,SLC,1535,1535,35,20,1535,167,162,138,1017,1822,4,1822,1822,23,0,0,,26,9,9,42,15
2023,1,5,1,WN,7321,PHL,MSP,1816,1816,-13,30,1816,226,245,207,1416,2202,8,2202,2202,-20,0,0,,0,0,0,0,0
2023,7,7,7,G4,8706,LAS,DAL,2150,2150,1,17,2150,200,203,182,1365,110,4,110,110,2,0,0,,0,0,0,0,0
2023,7,28,1,NK,5623,LGA,MIA,1831,1831,-30,9,1831,205,200,177,1315,2156,14,2156,2156,-31,0,0,,0,0,0,0,0
2023,8,20,4,DL,1878,IAD,IAH,1013,1013,23,18,1013,273,268,233,1833,1446,17,1446,1446,23,0,0,,37,1,20,44,12
2023,5,20,4,NK,1700,SAN,CLT,1537,1537,-8,32,1537,115,126,80,750,1732,14,1732,1732,-7,0,0,,0,0,0,0,0
2023,3,4,1,AA,9222,PHL,DTW,1841,1841,-30,29,1841,320,306,266,2175,1,11,1,1,-38,0,0,,0,0,0,0,0
2023,12,28,6,DL,5781,CLT,MDW,1101,1101,14,26,1101,259,251,220,1734,1520,5,1520,1520,8,0,0,,0,0,0,0,0
2023,8,6,5,AS,717,CLT,BNA,2056,2056,-8,16,2056,197,215,180,1137,13,19,13,13,1,0,1,A,0,0,0,0,0
2023,6,7,1,WN,4087,SFO,DTW,1612,1612,-30,16,1612,212,236,208,1364,1944,12,1944,1944,-23,0,0,,0,0,0,0,0
2023,11,18,2,NK,666,LGA,MSP,1404,1404,60,13,1404,291,295,270,2115,1855,12,1855,1855,52,0,0,,30,5,7,27,26
2023,3,5,3,DL,7847,MCO,PHL,540,540,1,17,540,372,379,356,2796,1152,6,1152,1152,26,0,0,,38,5,23,27,17
2023,1,20,5,AA,6612,DFW,MSP,1827,1827,-4,29,1827,256,255,217,1589,2243,9,2243,2243,7,0,0,,0,0,0,0,0
2023,3,3,2,G4,1080,DEN,PHX,1728,1728,7,31,1728,133,130,87,669,1941,12,1941,1941,18,0,0,,11,5,9,57,2
2023,5,7,5,AS,8420,DEN,TPA,1605,1605,-30,15,1605,286,301,276,1908,2051,10,2051,2051,-25,0,0,,0,0,0,0,0
2023,3,27,2,F9,8341,CLT,DAL,1529,1529,-23,22,1529,182,180,151,1018,1831,7,1831,1831,-15,0,0,,0,0,0,0,0
2023,1,28,3,DL,1070,LAS,EWR,741,741,47,13,741,308,293,274,2213,1249,6,1249,1249,37,0,0,,10,0,43,44,12
2023,5,22,3,F9,5264,BNA,TPA,649,649,-6,14,649,275,286,267,1981,1124,5,1124,1124,6,0,0,,0,0,0,0,0
2023,10,14,4,UA,7952,MSP,BNA,1518,1518,26,27,1518,199,216,176,1279,1837,13,1837,1837,23,0,0,,39,5,10,18,9
2023,7,7,6,WN,1364,LAS,DAL,1156,1156,-28,24,1156,76,95,58,432,1312,13,1312,1312,-19,0,0,,0,0,0,0,0
2023,7,5,2,DL,4509,BWI,PHX,1308,1308,-30,11,1308,107,106,91,510,1455,4,1455,1455,-22,0,0,,0,0,0,0,0
2023,11,22,4,HA,1756,HOU,DAL,1403,1403,6,15,1403,195,184,155,1208,1718,14,1718,1718,7,0,0,,0,0,0,0,0
2023,9,5,2,AA,520,DFW,DTW,1017,1017,16,20,1017,319,340,301,2310,1536,19,1536,1536,51,0,0,,10,1,26,47,15
2023,10,23,4,NK,5464,LAX,LAS,1310,1310,68,31,1310,361,349,305,2505,1911,13,1911,1911,52,0,0,,16,0,29,22,15
2023,10,2,3,HA,7234,IAH,EWR,1244,1244,31,21,1244,290,294,259,2084,1734,14,1734,1734,20,0,0,,26,5,45,13,12
2023,12,27,5,UA,1103,ORD,IAH,1924,1924,19,25,1924,168,191,162,1108,2212,4,2212,2212,26,0,0,,7,5,38,9,4
2023,3,21,7,WN,598,DTW,FLL,1239,1239,33,30,1239,198,204,159,1226,1557,15,1557,1557,23,0,0,,20,7,11,33,9
2023,7,22,4,G4,3274,LGA,MIA,1609,1609,-6,24,1609,189,197,166,1254,1918,7,1918,1918,-7,0,0,,0,0,0,0,0
2023,1,6,2,AS,5782,JFK,LGA,554,554,45,25,554,258,253,221,1789,1012,7,1012,1012,27,0,0,,4,7,39,22,23
2023,4,15,2,F9,6257,CLT,TPA,2235,2235,56,21,2235,221,211,178,1542,216,12,216,216,55,0,0,,31,9,3,39,0
2023,4,21,7,UA,7259,LGA,IAD,1533,1533,14,31,1533,354,365,321,2439,2127,13,2127,2127,20,0,0,,24,9,48,57,28
2023,5,10,6,NK,8781,DTW,JFK,637,637,8,18,637,72,66,44,180,749,4,749,749,5,0,0,,0,0,0,0,0
2023,7,23,3,AS,6555,MIA,ORD,1253,1253,36,17,1253,161,184,148,853,1534,19,1534,1534,41,0,0,,26,1,22,20,20
2023,7,26,2,G4,9600,DEN,TPA,1405,1405,24,20,1405,156,150,116,1018,1641,14,1641,1641,0,0,0,,0,0,0,0,0
2023,11,24,1,NK,8003,LAS,IAD,1212,1212,36,27,1212,236,246,212,1534,1608,7,1608,1608,24,0,0,,39,1,25,19,2
2023,4,7,5,AA,4847,PHL,BWI,655,655,-30,23,655,86,107,78,382,821,6,821,821,-26,0,0,,0,0,0,0,0
2023,7,5,4,F9,9822,BNA,PHL,907,907,19,21,907,178,195,162,1207,1205,12,1205,1205,4,0,0,,0,0,0,0,0
2023,11,1,6,HA,9187,TPA,MSP,1227,1227,-30,10,1227,211,203,177,1416,1558,16,1558,1558,-40,0,0,,0,0,0,0,0
2023,3,13,7,DL,4799,DTW,HOU,1748,1748,56,25,1748,165,177,144,1100,2033,8,2033,2033,46,0,0,,6,8,3,45,26
2023,6,21,5,UA,6606,FLL,PHL,1010,1010,39,34,1010,52,72,20,208,1102,18,1102,1102,43,0,0,,20,9,7,17,17
2023,12,26,3,DL,2987,ORD,SAN,1707,1707,30,13,1707,101,125,100,451,1848,12,1848,1848,43,0,0,,15,4,21,46,12
2023,2,18,6,AS,401,LAS,SLC,1718,1718,44,27,1718,317,326,286,2195,2235,13,2235,2235,33,0,0,,2,0,25,53,1
2023,10,13,4,DL,2856,DFW,BOS,1053,1053,38,10,1053,319,339,310,2309,1612,19,1612,1612,43,0,0,,31,8,12,29,15
2023,9,21,4,HA,3413,BOS,MSP,834,834,6,26,834,298,295,260,2073,1332,9,1332,1332,15,0,0,,0,0,0,0,0
2023,5,21,7,B6,57,BOS,JFK,2114,2114,74,33,2114,91,82,35,466,2245,14,2245,2245,80,0,0,,31,9,16,47,21
2023,6,18,1,AS,8023,SLC,SEA,2119,2119,2,10,2119,295,280,258,2038,214,12,214,214,-1,0,0,,0,0,0,0,0
2023,12,5,7,F9,1876,SLC,FLL,1657,1657,12,19,1657,199,192,154,1318,2016,19,2016,2016,-9,0,0,,0,0,0,0,0
2023,12,13,3,NK,4544,LAX,HOU,1832,1832,32,15,1832,152,164,145,839,2104,4,2104,2104,30,0,0,,3,5,40,53,5
2023,12,4,6,F9,4299,LAS,IAD,1309,1309,-11,32,1309,304,324,276,2031,1813,16,1813,1813,-20,0,0,,0,0,0,0,0
2023,12,17,6,DL,3769,LAS,TPA,1407,1407,23,32,1407,300,314,275,2103,1907,7,1907,1907,13,0,0,,0,0,0,0,0
2023,4,3,2,WN,5753,DEN,LAX,1041,1041,50,12,1041,74,67,48,167,1155,7,1155,1155,41,0,0,,36,1,17,4,7
2023,11,17,1,AS,4834,EWR,IAH,1532,1532,1,24,1532,217,231,190,1328,1909,17,1909,1909,-1,0,0,,0,0,0,0,0
2023,10,28,1,NK,1354,EWR,BWI,1419,1419,-29,17,1419,248,267,237,1679,1827,13,1827,1827,-21,0,0,,0,0,0,0,0
2023,7,11,6,G4,4988,ORD,MIA,649,649,21,28,649,174,185,144,927,943,13,943,943,28,0,0,,36,3,33,22,2
2023,12,21,6,AA,6598,FLL,BOS,758,758,-4,24,758,102,115,82,509,940,9,940,940,-6,0,0,,0,0,0,0,0
2023,9,20,5,F9,4312,BNA,PHX,1620,1620,26,16,1620,87,76,47,481,1747,13,1747,1747,29,0,0,,25,9,4,55,3
2023,7,23,5,F9,2935,ORD,MDW,1800,1800,41,20,1800,315,300,262,2091,2315,18,2315,2315,37,0,0,,5,6,11,58,18
2023,1,21,5,AS,23,JFK,EWR,2020,2020,43,17,2020,116,105,70,677,2216,18,2216,2216,50,0,0,,28,5,28,43,7
2023,1,26,1,WN,1210,DFW,DTW,1628,1628,30,15,1628,301,314,283,2209,2129,16,2129,2129,25,0,0,,16,9,36,29,16
2023,9,4,2,DL,8941,SAN,MSP,1936,1936,41,14,1936,191,192,174,1248,2247,4,2247,2247,36,0,0,,19,6,11,41,24
2023,11,2,4,DL,805,PHX,DFW,1239,1239,-13,9,1239,69,90,68,361,1348,13,1348,1348,-14,0,0,,0,0,0,0,0
2023,9,20,5,AS,8326,MDW,LGA,1023,1023,30,9,1023,286,294,277,1864,1509,8,1509,1509,26,0,0,,5,0,46,29,29
2023,4,16,2,F9,4417,PHX,BOS,1234,1234,66,11,1234,335,346,317,2480,1809,18,1809,1809,49,0,0,,31,3,33,56,24
2023,9,28,7,NK,8626,MDW,SEA,2212,2212,-11,16,2212,202,195,173,1203,134,6,134,134,-18,0,0,,0,0,0,0,0
2023,3,18,3,AA,5142,CLT,ATL,956,956,38,32,956,181,203,167,1182,1257,4,1257,1257,44,0,0,,9,6,22,35,4
2023,7,8,5,AS,4969,DEN,DAL,1200,1200,-14,21,1200,219,216,186,1482,1539,9,1539,1539,-23,0,0,,0,0,0,0,0
2023,6,3,7,NK,3672,ATL,IAD,1429,1429,10,31,1429,218,228,191,1483,1807,6,1807,1807,7,0,0,,0,0,0,0,0
2023,8,9,4,NK,7293,LAS,TPA,1825,1825,20,18,1825,385,380,355,2623,50,7,50,50,31,0,0,,18,6,17,58,11
2023,11,20,3,G4,7002,BOS,MDW,545,545,23,28,545,272,280,237,1990,1017,15,1017,1017,17,0,0,,15,3,9,4,20
2023,9,6,3,HA,2099,BWI,ORD,1540,1540,19,14,1540,288,305,279,1945,2028,12,2028,2028,28,0,0,,19,8,4,5,14
2023,5,10,4,B6,8445,ATL,MSP,2101,2101,-11,32,2101,270,260,223,1877,131,5,131,131,-14,0,0,,0,0,0,0,0
2023,1,21,5,AA,5062,ORD,BNA,1839,1839,28,26,1839,127,146,116,740,2046,4,2046,2046,13,0,0,,0,0,0,0,0
2023,3,10,1,UA,9322,EWR,LAX,1734,1734,13,11,1734,287,287,263,1864,2221,13,2221,2221,-6,0,0,,0,0,0,0,0
2023,10,13,4,WN,3265,TPA,EWR,1646,1646,-24,9,1646,343,340,322,2288,2229,9,2229,2229,-3,0,0,,0,0,0,0,0
2023,12,17,4,B6,5436,LGA,ATL,730,730,-23,32,730,117,112,65,605,927,15,927,927,-31,0,0,,0,0,0,0,0
2023,8,9,4,G4,8494,TPA,LAS,1449,1449,19,30,1449,106,113,65,593,1635,18,1635,1635,27,0,0,,9,2,44,30,9
2023,11,17,3,AA,6692,SLC,MSP,1136,1136,21,29,1136,80,66,20,228,1256,18,1256,1256,8,0,0,,0,0,0,0,0
2023,6,24,2,DL,2764,HOU,DFW,611,611,24,28,611,254,268,236,1648,1025,4,1025,1025,38,0,0,,18,8,48,26,0
2023,8,9,7,B6,4006,MCO,MIA,1032,1032,-12,30,1032,187,190,156,1076,1339,4,1339,1339,18,0,0,,30,4,46,15,20
2023,9,9,1,DL,3242,SEA,ATL,1719,1719,16,26,1719,340,364,321,2300,2259,17,2259,2259,-5,0,0,,0,0,0,0,0
2023,4,1,5,WN,3058,MIA,ATL,1358,1358,-4,28,1358,142,141,103,772,1620,10,1620,1620,-14,0,0,,0,0,0,0,0
2023,1,2,5,DL,551,IAD,SFO,856,856,8,25,856,237,254,224,1629,1253,5,1253,1253,18,0,0,,22,2,26,25,13
2023,1,28,7,WN,5575,BWI,DTW,815,815,5,28,815,75,64,29,383,930,7,930,930,12,0,0,,0,0,0,0,0
2023,10,16,2,AA,5412,EWR,SLC,827,827,-20,14,827,265,271,250,1767,1252,7,1252,1252,-6,0,0,,0,0,0,0,0
2023,4,1,4,F9,1588,MDW,BNA,1738,1738,53,18,1738,294,305,282,2180,2232,5,2232,2232,40,0,0,,1,1,36,51,15
2023,12,10,1,WN,5921,LAS,SLC,1246,1246,13,17,1246,122,141,115,536,1448,9,1448,1448,37,0,0,,31,2,16,51,7
2023,7,18,5,NK,5261,SAN,EWR,808,808,-9,18,808,247,250,219,1784,1215,13,1215,1215,-4,0,0,,0,0,0,0,0
2023,2,26,7,UA,4410,IAD,TPA,530,530,-30,30,530,62,85,38,187,632,17,632,632,-38,0,0,,0,0,0,0,0
2023,3,28,6,UA,5784,MCO,HOU,1305,1305,18,16,1305,205,196,175,1334,1630,5,1630,1630,14,0,0,,0,0,0,0,0
2023,1,8,7,AS,713,PHL,IAD,1321,1321,13,10,1321,228,251,226,1635,1709,15,1709,1709,-1,0,0,,0,0,0,0,0
2023,5,21,5,UA,5407,LAS,PHX,1516,1516,0,31,1516,293,311,269,2117,2009,11,2009,2009,21,0,0,,34,8,30,31,14
2023,1,28,4,AS,7991,EWR,MSP,2050,2050,-22,12,2050,237,255,236,1622,47,7,47,47,-25,0,0,,0,0,0,0,0
2023,8,11,6,UA,7421,SLC,SFO,2255,2255,47,30,2255,92,103,69,390,27,4,27,27,48,0,0,,28,6,24,36,26
2023,1,23,2,WN,6844,LGA,MSP,2026,2026,-1,8,2026,193,182,155,1199,2339,19,2339,2339,-4,0,0,,0,0,0,0,0
2023,11,2,1,NK,2434,LGA,PHX,2258,2258,11,8,2258,276,264,246,1821,334,10,334,334,4,0,0,,0,0,0,0,0
2023,1,8,2,F9,3302,ATL,IAH,1451,1451,76,27,1451,121,112,67,711,1652,18,1652,1652,44,0,0,,15,4,36,29,23
2023,2,27,2,DL,271,LAX,BOS,2002,2002,1,12,2002,309,296,275,2149,111,9,111,111,10,0,0,,0,0,0,0,0
2023,2,22,7,G4,9987,TPA,MIA,830,830,36,33,830,166,171,123,955,1116,15,1116,1116,48,0,0,,15,2,22,30,13
2023,12,8,1,UA,1080,FLL,DAL,1747,1747,48,26,1747,308,326,283,2079,2255,17,2255,2255,32,0,0,,25,6,35,47,1
2023,6,17,1,F9,5323,HOU,SAN,722,722,19,13,722,349,342,320,2495,1311,9,1311,1311,0,0,0,,0,0,0,0,0
2023,7,15,5,F9,8796,IAH,SAN,609,609,11,10,609,176,180,156,954,905,14,905,905,21,0,0,,22,0,12,5,21
2023,5,17,5,WN,5258,SEA,PHL,806,806,22,28,806,332,356,322,2351,1338,6,1338,1338,1,0,0,,0,0,0,0,0
2023,1,28,1,AA,7983,JFK,PHX,1723,1723,10,34,1723,282,278,231,1825,2205,13,2205,2205,25,0,0,,23,2,49,8,23
2023,1,23,6,AA,9778,MIA,SAN,725,725,-4,20,725,374,397,367,2665,1339,10,1339,1339,-12,0,0,,0,0,0,0,0
2023,3,24,3,UA,6215,TPA,PHL,605,605,53,24,605,314,326,293,2246,1119,9,1119,1119,34,0,0,,13,9,22,19,7
2023,2,13,5,G4,5007,MDW,EWR,1429,1429,-24,10,1429,258,275,252,1827,1847,13,1847,1847,-15,0,0,,0,0,0,0,0
2023,5,19,3,UA,3986,DAL,SAN,530,530,18,30,530,77,71,28,195,647,13,647,647,5,0,0,,0,0,0,0,0
2023,12,5,7,UA,9588,EWR,LGA,1113,1113,14,10,1113,268,263,241,1801,1541,12,1541,1541,5,0,0,,0,0,0,0,0
2023,10,12,6,AS,8792,IAH,DFW,2254,2254,29,28,2254,53,44,20,231,2347,6,2347,2347,31,0,0,,37,5,31,38,25
2023,6,1,1,NK,8706,LGA,BWI,506,506,49,30,506,344,346,310,2470,1050,6,1050,1050,15,0,0,,0,0,0,0,0
2023,7,23,6,NK,5992,DAL,LAX,1855,1855,30,20,1855,370,373,346,2591,105,7,105,105,47,0,0,,1,9,34,4,3
2023,4,5,5,G4,6228,ATL,BNA,1310,1310,-30,9,1310,294,292,277,1959,1804,6,1804,1804,-23,0,0,,0,0,0,0,0
2023,7,8,2,AS,9259,BNA,DTW,1747,1747,29,10,1747,172,173,156,939,2039,7,2039,2039,11,0,0,,0,0,0,0,0
2023,11,13,7,F9,7834,CLT,LAX,1151,1151,-14,27,1151,121,128,92,744,1352,9,1352,1352,-22,0,0,,0,0,0,0,0
2023,8,8,1,AS,2887,BNA,IAD,1313,1313,-17,23,1313,310,313,286,2255,1823,4,1823,1823,-1,0,0,,0,0,0,0,0
2023,11,25,4,UA,2654,IAD,EWR,1839,1839,-30,28,1839,385,372,339,2762,104,5,104,104,-16,0,0,,0,0,0,0,0
2023,1,23,7,AA,9281,ORD,HOU,1519,1519,-9,19,1519,71,89,57,150,1630,13,1630,1630,11,0,0,,0,0,0,0,0
2023,6,11,3,B6,4865,FLL,TPA,1441,1441,5,32,1441,351,360,319,2413,2032,9,2032,2032,-2,0,0,,0,0,0,0,0
2023,8,1,6,G4,2515,DTW,FLL,2251,2251,-26,16,2251,253,268,237,1646,304,15,304,304,-17,0,0,,0,0,0,0,0
2023,5,13,1,F9,3970,PHL,EWR,2045,2045,29,23,2045,144,167,128,915,2309,16,2309,2309,32,0,0,,12,5,14,30,8
2023,4,19,7,WN,3285,BNA,TPA,1910,1910,77,11,1910,154,152,132,820,2144,9,2144,2144,76,0,0,,0,5,39,9,10
2023,2,24,6,B6,7741,LAX,PHL,533,533,34,32,533,358,379,332,2708,1131,15,1131,1131,44,0,0,,28,2,44,5,15
2023,6,3,1,B6,4567,DAL,MCO,1511,1511,6,27,1511,258,262,218,1751,1929,17,1929,1929,-2,0,0,,0,0,0,0,0
2023,6,24,5,AS,2197,IAD,BNA,1421,1421,-21,25,1421,175,191,162,1064,1716,4,1716,1716,-17,0,0,,0,0,0,0,0
2023,11,17,7,DL,790,BNA,SAN,1910,1910,4,33,1910,277,294,252,1994,2347,9,2347,2347,-2,1,0,,0,0,0,0,0
2023,1,5,5,B6,3476,TPA,PHL,1959,1959,29,8,1959,288,303,278,2145,47,17,47,47,26,0,0,,1,3,1,27,26
2023,9,20,7,UA,9857,SFO,CLT,1059,1059,-2,14,1059,70,61,33,244,1209,14,1209,1209,9,0,0,,0,0,0,0,0
2023,12,21,5,HA,1310,SEA,TPA,1317,1317,-22,27,1317,121,110,68,642,1518,15,1518,1518,-37,0,0,,0,0,0,0,0
2023,11,8,6,AA,865,FLL,MCO,1431,1431,38,19,1431,60,48,20,299,1531,12,1531,1531,48,0,0,,10,1,28,22,9
2023,6,26,4,AA,5390,BWI,DAL,2159,2159,-30,15,2159,169,164,138,1196,48,11,48,48,-37,0,0,,0,0,0,0,0
2023,3,14,7,HA,3364,EWR,SLC,1751,1751,38,15,1751,202,205,172,1388,2113,18,2113,2113,31,0,0,,2,2,22,45,10
2023,4,4,7,NK,8216,MCO,DEN,1251,1251,10,31,1251,102,124,80,548,1433,13,1433,1433,25,0,0,,12,6,11,47,29
2023,12,11,5,UA,3004,BWI,LAS,1518,1518,71,29,1518,380,384,347,2607,2138,8,2138,2138,66,0,0,,2,0,43,36,22
2023,11,20,1,WN,8503,DAL,PHL,1512,1512,26,16,1512,339,350,318,2328,2051,16,2051,2051,28,0,0,,9,2,9,13,21
2023,4,15,7,B6,1232,ATL,FLL,1444,1444,-2,21,1444,149,162,134,1004,1713,7,1713,1713,-14,0,0,,0,0,0,0,0
2023,3,19,5,NK,7960,JFK,PHX,1132,1132,6,27,1132,341,343,307,2345,1713,9,1713,1713,-5,0,0,,0,0,0,0,0
2023,10,7,2,UA,2712,PHX,DTW,845,845,12,12,845,112,133,107,530,1037,14,1037,1037,23,0,0,,22,3,18,6,3
2023,3,19,5,AS,6582,IAH,BOS,1223,1223,-16,27,1223,131,140,96,701,1434,17,1434,1434,-19,0,0,,0,0,0,0,0
2023,3,28,6,AA,7706,ORD,MDW,1400,1400,-9,28,1400,90,94,51,444,1530,15,1530,1530,-12,0,0,,0,0,0,0,0
2023,4,19,4,NK,422,CLT,JFK,2146,2146,-13,9,2146,196,186,169,1293,102,8,102,102,3,0,0,,0,0,0,0,0
2023,7,11,2,G4,9966,ORD,MCO,1601,1601,-16,28,1601,130,150,106,605,1811,16,1811,1811,-24,0,0,,0,0,0,0,0
2023,4,26,6,B6,947,FLL,LAX,1826,1826,11,17,1826,256,255,229,1703,2242,9,2242,2242,15,0,0,,0,0,0,0,0
2023,9,5,6,B6,9379,MCO,SAN,1537,1537,18,31,1537,59,61,20,318,1636,17,1636,1636,18,0,1,A,38,9,36,52,0
2023,1,5,6,WN,1835,MDW,JFK,635,635,-30,16,635,131,153,120,859,846,17,846,846,-24,0,0,,0,0,0,0,0
2023,8,22,1,DL,1565,EWR,BNA,1827,1827,-3,14,1827,301,310,283,2096,2328,13,2328,2328,-7,0,0,,0,0,0,0,0
2023,7,8,6,G4,7333,CLT,BNA,857,857,8,30,857,295,299,255,2169,1352,14,1352,1352,2,0,0,,0,0,0,0,0
2023,2,10,1,B6,4945,EWR,LGA,1211,1211,11,29,1211,334,340,305,2234,1745,6,1745,1745,-2,0,0,,0,0,0,0,0
2023,8,6,6,F9,1309,TPA,PHX,512,512,-11,25,512,281,277,234,1871,953,18,953,953,-2,0,0,,0,0,0,0,0
2023,1,15,3,G4,2987,MDW,DTW,2207,2207,6,33,2207,232,256,213,1434,159,10,159,159,-1,0,0,,0,0,0,0,0
2023,11,16,2,B6,387,SAN,SFO,1204,1204,-6,19,1204,340,357,327,2428,1744,11,1744,1744,9,0,0,,0,0,0,0,0
2023,12,28,3,HA,6132,PHX,LAX,1415,1415,1,18,1415,71,84,58,403,1526,8,1526,1526,0,0,0,,0,0,0,0,0
2023,9,17,6,G4,9354,DEN,DAL,1941,1941,35,17,1941,350,336,311,2526,131,8,131,131,19,0,0,,15,9,38,42,0
2023,9,8,2,UA,3259,DFW,IAH,1728,1728,61,20,1728,231,241,206,1470,2119,15,2119,2119,51,0,0,,27,5,43,40,5
2023,2,8,2,G4,6122,PHX,DEN,1534,1534,-14,16,1534,327,343,320,2207,2101,7,2101,2101,-15,0,0,,0,0,0,0,0
2023,7,25,7,WN,4812,LAS,DTW,1243,1243,10,23,1243,365,352,311,2643,1848,18,1848,1848,23,0,0,,39,6,27,25,5
2023,10,9,4,AS,6575,IAD,CLT,2259,2259,16,28,2259,338,352,311,2275,437,13,437,437,11,0,0,,0,0,0,0,0
2023,3,2,3,AS,6698,BOS,MCO,828,828,-18,29,828,334,337,300,2390,1402,8,1402,1402,-17,0,0,,0,0,0,0,0
2023,7,15,4,AS,3934,LAX,CLT,830,830,16,24,830,91,85,46,550,1001,15,1001,1001,33,0,0,,22,5,12,17,17
2023,12,18,2,UA,1440,SAN,MDW,2253,2253,-30,12,2253,311,320,295,2306,404,13,404,404,-17,0,0,,0,0,0,0,0
2023,10,3,1,NK,6170,DEN,LAX,705,705,-8,13,705,306,309,282,2096,1211,14,1211,1211,15,0,0,,0,0,0,0,0
2023,9,17,2,AS,4481,MSP,EWR,912,912,26,17,912,359,364,336,2460,1511,11,1511,1511,39,0,0,,26,3,38,53,15
2023,4,4,4,AA,56,SFO,BOS,1904,1904,25,18,1904,348,338,312,2526,52,8,52,52,13,0,0,,0,0,0,0,0
2023,12,4,3,UA,3325,ATL,LAS,1311,1311,-19,9,1311,107,105,84,512,1458,12,1458,1458,-2,0,0,,0,0,0,0,0
2023,1,14,6,NK,6778,BNA,DEN,1834,1834,22,14,1834,337,329,299,2456,11,16,11,11,39,0,0,,8,0,8,13,1
2023,2,9,7,AA,106,TPA,SFO,1850,1850,37,21,1850,232,218,182,1508,2242,15,2242,2242,52,0,0,,32,5,2,33,4
2023,1,9,7,AA,3202,MIA,PHL,1131,1131,23,11,1131,76,78,51,234,1247,16,1247,1247,33,0,0,,37,6,4,32,28
2023,12,25,7,AA,670,LGA,LAX,1001,1001,-27,12,1001,237,243,213,1695,1358,18,1358,1358,-9,0,0,,0,0,0,0,0
2023,5,26,6,F9,8935,CLT,ORD,1532,1532,38,26,1532,301,315,285,1974,2033,4,2033,2033,31,0,0,,34,5,41,48,20
2023,5,23,7,WN,967,MIA,LAX,1032,1032,-3,28,1032,86,106,68,457,1158,10,1158,1158,-11,0,0,,0,0,0,0,0
2023,11,18,3,WN,308,FLL,LGA,1021,1021,20,27,1021,106,118,83,411,1207,8,1207,1207,15,0,0,,0,0,0,0,0
2023,7,10,6,UA,2139,TPA,BWI,1324,1324,29,17,1324,308,327,292,2071,1832,18,1832,1832,7,0,0,,0,0,0,0,0
2023,9,21,7,AA,110,MIA,SLC,1607,1607,-30,13,1607,135,121,101,780,1822,7,1822,1822,-7,0,0,,0,0,0,0,0
2023,9,4,6,HA,3633,MIA,FLL,1835,1835,11,9,1835,140,160,145,829,2055,6,2055,2055,8,0,0,,0,0,0,0,0
2023,3,12,4,G4,6729,IAH,DFW,1817,1817,-24,10,1817,151,153,128,1014,2048,15,2048,2048,-3,0,0,,0,0,0,0,0
2023,3,27,3,NK,5685,LAX,SAN,1040,1040,65,22,1040,362,355,320,2521,1642,13,1642,1642,42,0,0,,21,3,23,10,12
2023,3,8,5,WN,6500,LAX,PHL,612,612,-9,17,612,260,272,245,1875,1032,10,1032,1032,7,0,0,,0,0,0,0,0
2023,4,2,1,AS,1916,IAD,SFO,2224,2224,25,24,2224,307,299,260,2001,331,15,331,331,17,0,0,,38,7,13,34,21
2023,8,22,7,UA,557,DAL,BNA,1635,1635,6,14,1635,140,132,113,876,1855,5,1855,1855,-8,0,0,,0,0,0,0,0
2023,6,13,1,NK,7620,DFW,BWI,1656,1656,-14,32,1656,229,218,178,1410,2045,8,2045,2045,10,0,0,,0,0,0,0,0
2023,8,21,6,UA,105,PHL,SFO,1825,1825,-22,9,1825,268,265,251,1798,2253,5,2253,2253,-3,0,0,,0,0,0,0,0
2023,1,16,1,HA,2048,SLC,BOS,2039,2039,77,14,2039,81,72,48,366,2200,10,2200,2200,70,0,0,,16,2,34,58,6
2023,8,28,3,F9,146,TPA,FLL,1233,1233,22,22,1233,229,234,203,1419,1622,9,1622,1622,21,0,0,,26,1,8,51,24
2023,4,2,3,F9,874,MSP,BWI,1744,1744,70,10,1744,116,129,103,597,1940,16,1940,1940,67,0,0,,19,8,3,40,13
2023,11,11,2,AA,299,MCO,MSP,1658,1658,-9,12,1658,86,107,82,468,1824,13,1824,1824,-3,0,0,,0,0,0,0,0
2023,1,10,7,F9,3239,PHX,ORD,817,817,-4,29,817,282,280,233,2059,1259,18,1259,1259,-11,0,0,,0,0,0,0,0
2023,8,15,2,UA,8838,LAX,EWR,1439,1439,2,15,1439,300,321,296,2234,1939,10,1939,1939,-1,0,0,,0,0,0,0,0
2023,4,17,1,AS,6383,ORD,IAH,712,712,-5,11,712,207,195,169,1207,1039,15,1039,1039,21,0,0,,29,1,14,29,27
2023,6,8,5,AA,2512,FLL,EWR,752,752,-9,25,752,51,57,20,188,843,12,843,843,26,0,0,,30,6,35,37,12
2023,8,18,2,B6,6597,JFK,IAH,623,623,14,26,623,241,236,194,1752,1024,16,1024,1024,33,0,0,,3,0,30,4,1
2023,4,23,2,NK,784,FLL,SFO,2152,2152,0,15,2152,335,353,333,2406,327,5,327,327,8,0,0,,0,0,0,0,0
2023,3,9,3,HA,4993,MDW,IAD,1736,1736,12,30,1736,166,166,124,979,2022,12,2022,2022,8,0,0,,0,0,0,0,0
2023,9,25,5,AA,371,LGA,ORD,1123,1123,26,13,1123,168,161,138,1005,1411,10,1411,1411,15,0,0,,0,0,0,0,0
2023,3,8,6,UA,487,PHL,HOU,1608,1608,24,12,1608,397,397,380,2798,2245,5,2245,2245,14,0,0,,0,0,0,0,0
2023,9,27,1,NK,7379,FLL,BOS,2039,2039,50,34,2039,310,333,280,2008,149,19,149,149,38,0,0,,22,0,2,3,17
2023,2,14,2,AS,3197,SEA,MCO,1548,1548,2,12,1548,201,201,176,1252,1909,13,1909,1909,30,0,0,,37,7,20,23,23
2023,2,28,5,DL,9553,IAH,EWR,1841,1841,32,24,1841,263,278,249,1650,2304,5,2304,2304,51,0,0,,8,0,11,59,29
2023,2,26,7,HA,4288,MCO,DAL,1840,1840,58,13,1840,382,397,377,2631,102,7,102,102,60,0,0,,15,7,13,24,18
2023,6,25,5,UA,2262,ORD,JFK,2155,2155,56,20,2155,288,285,260,1970,243,5,243,243,38,0,0,,20,2,22,25,18
2023,3,18,1,HA,9149,JFK,BNA,1731,1731,47,16,1731,146,135,115,991,1957,4,1957,1957,53,0,0,,8,3,12,54,3
2023,9,22,5,WN,8573,DAL,BOS,1337,1337,-1,31,1337,311,334,294,2229,1848,9,1848,1848,-2,0,1,C,0,0,0,0,0
2023,4,20,5,DL,239,EWR,BOS,1627,1627,7,19,1627,381,383,351,2590,2248,13,2248,2248,-18,0,0,,0,0,0,0,0
2023,1,20,5,NK,6844,SLC,IAH,746,746,-8,17,746,201,205,171,1405,1107,17,1107,1107,-1,0,0,,0,0,0,0,0
2023,4,21,7,F9,1106,SLC,SAN,940,940,34,8,940,325,311,289,2389,1505,14,1505,1505,21,0,0,,16,9,12,59,21
2023,1,12,2,UA,1387,DTW,IAD,544,544,13,18,544,299,323,287,2089,1043,18,1043,1043,3,0,0,,0,0,0,0,0
2023,5,19,1,HA,9720,IAH,DTW,1157,1157,-14,13,1157,73,87,66,419,1310,8,1310,1310,-13,0,0,,0,0,0,0,0
2023,4,14,7,NK,1668,FLL,IAD,1314,1314,42,10,1314,304,298,273,2274,1818,15,1818,1818,32,0,0,,13,2,39,22,7
2023,8,17,5,F9,2692,BNA,DEN,2211,2211,-3,13,2211,167,162,143,884,58,6,58,58,-1,0,0,,0,0,0,0,0
2023,8,24,5,AS,7757,TPA,DAL,1516,1516,16,16,1516,161,174,144,1033,1757,14,1757,1757,15,0,0,,0,0,0,0,0
2023,7,21,2,AS,1997,MCO,SEA,1053,1053,28,29,1053,353,377,344,2481,1646,4,1646,1646,3,0,0,,0,0,0,0,0
2023,3,3,1,HA,1426,EWR,SFO,1308,1308,-4,15,1308,208,208,181,1262,1636,12,1636,1636,17,0,0,,10,8,16,36,4
2023,1,26,3,AA,8024,DFW,SLC,1422,1422,1,22,1422,391,403,370,2741,2053,11,2053,2053,-9,0,0,,0,0,0,0,0
2023,1,23,7,WN,6850,SLC,DFW,1612,1612,12,29,1612,124,125,87,798,1816,9,1816,1816,1,0,0,,0,0,0,0,0
2023,12,7,2,AA,3248,LAX,DTW,1229,1229,44,13,1229,223,245,223,1329,1612,9,1612,1612,35,0,0,,38,8,34,42,22
2023,11,17,1,WN,2593,ORD,DEN,1520,1520,25,30,1520,357,356,311,2447,2117,15,2117,2117,22,0,0,,21,8,35,52,18
2023,3,12,7,UA,1491,SFO,MSP,1453,1453,7,18,1453,328,343,318,2292,2021,7,2021,2021,25,0,0,,36,3,18,32,18
2023,6,9,5,B6,1225,SLC,IAH,1751,1751,29,17,1751,49,40,20,166,1840,19,1840,1840,30,0,0,,19,0,27,43,16
2023,7,15,1,HA,2588,MSP,MDW,1814,1814,46,18,1814,67,81,47,266,1921,16,1921,1921,48,0,0,,18,0,1,5,1
2023,6,18,1,G4,7715,MCO,MDW,1945,1945,16,11,1945,183,203,187,1132,2248,5,2248,2248,19,0,0,,12,8,28,58,19
2023,6,21,6,HA,3065,FLL,DFW,1523,1523,1,20,1523,371,381,346,2530,2134,15,2134,2134,6,0,0,,0,0,0,0,0
2023,6,13,1,DL,7805,BNA,IAH,1712,1712,52,15,1712,269,264,242,1996,2141,7,2141,2141,50,0,0,,18,4,28,11,8
2023,3,21,3,F9,833,BOS,LAS,1520,1520,16,27,1520,238,228,184,1695,1918,17,1918,1918,-8,0,0,,0,0,0,0,0
2023,6,8,1,DL,2441,BNA,JFK,553,553,36,22,553,311,324,297,2313,1104,5,1104,1104,30,0,0,,1,2,18,55,9
2023,8,14,3,AS,4796,FLL,BOS,1829,1829,-30,14,1829,172,184,154,1112,2121,16,2121,2121,-10,0,0,,0,0,0,0,0
2023,11,8,5,WN,1647,DEN,FLL,1311,1311,-10,8,1311,214,213,195,1426,1645,10,1645,1645,41,0,0,,2,1,33,36,8
2023,11,14,3,F9,441,SLC,MIA,1912,1912,61,32,1912,177,190,140,996,2209,18,2209,2209,39,0,0,,23,6,30,17,19
2023,2,7,7,AS,5957,PHL,DFW,2114,2114,-26,33,2114,339,329,284,2513,253,12,253,253,-15,0,0,,0,0,0,0,0
2023,5,23,5,F9,9722,PHX,MSP,800,800,0,16,800,89,85,53,521,929,16,929,929,-5,0,0,,0,0,0,0,0
2023,1,12,5,AA,2368,PHX,IAD,1722,1722,21,30,1722,278,278,243,1756,2200,5,2200,2200,44,0,1,D,15,9,31,6,6
2023,12,11,3,AS,6697,CLT,MSP,2138,2138,-22,15,2138,86,108,81,305,2304,12,2304,2304,-33,0,0,,0,0,0,0,0
2023,1,22,2,AA,5191,CLT,BWI,922,922,-10,9,922,392,385,364,2705,1554,12,1554,1554,1,0,0,,0,0,0,0,0
2023,5,22,4,AA,4664,MSP,DFW,1629,1629,13,33,1629,113,119,75,614,1822,11,1822,1822,-4,0,0,,0,0,0,0,0
2023,12,11,1,F9,7063,EWR,BOS,1924,1924,31,21,1924,175,192,167,932,2219,4,2219,2219,25,0,0,,13,7,11,27,21
2023,3,25,6,NK,4332,BOS,SEA,2228,2228,43,19,2228,168,178,151,953,116,8,116,116,38,0,0,,16,9,30,52,28
2023,4,22,4,DL,9497,BWI,IAH,1504,1504,37,33,1504,80,104,52,369,1624,19,1624,1624,46,0,0,,16,2,17,43,28
2023,3,28,1,AS,3035,DTW,MDW,949,949,-26,30,949,310,301,254,2212,1459,17,1459,1459,-33,0,0,,0,0,0,0,0
2023,1,13,1,G4,9378,BNA,LAX,1645,1645,-11,24,1645,275,291,254,1923,2120,13,2120,2120,1,0,0,,0,0,0,0,0
2023,1,18,5,NK,3263,FLL,CLT,1600,1600,31,26,1600,85,109,67,266,1725,16,1725,1725,29,0,0,,25,5,20,42,14
2023,12,2,1,DL,2108,DFW,CLT,1835,1835,59,13,1835,345,353,324,2528,20,16,20,20,55,0,0,,37,9,8,51,19
2023,12,21,6,AS,7037,BWI,SAN,1635,1635,31,28,1635,319,342,300,2253,2154,14,2154,2154,40,0,0,,16,8,33,38,13
2023,5,15,1,WN,4321,BWI,SLC,1345,1345,8,12,1345,246,268,249,1524,1751,7,1751,1751,-7,0,0,,0,0,0,0,0
2023,6,20,3,DL,5939,SLC,SAN,1308,1308,8,32,1308,293,314,272,2168,1801,10,1801,1801,19,0,0,,27,0,46,50,14
2023,3,27,4,G4,2748,DEN,JFK,2205,2205,35,13,2205,112,115,86,457,2357,16,2357,2357,25,0,0,,8,6,23,44,13
2023,12,18,3,HA,4678,SFO,LGA,1017,1017,-13,10,1017,69,58,34,371,1126,14,1126,1126,4,0,0,,0,0,0,0,0
2023,9,15,6,UA,7973,LAX,LGA,1720,1720,22,23,1720,198,212,171,1346,2038,18,2038,2038,25,0,0,,33,1,27,14,10
2023,5,19,1,AA,4265,ATL,IAH,1621,1621,46,25,1621,170,179,137,946,1911,17,1911,1911,39,0,0,,15,2,45,5,9
2023,8,23,7,UA,3134,MIA,HOU,958,958,14,21,958,256,270,238,1679,1414,11,1414,1414,7,0,0,,0,0,0,0,0
2023,1,24,6,NK,1466,MCO,EWR,729,729,6,32,729,88,97,48,300,857,17,857,857,17,0,0,,26,6,34,44,2
2023,5,12,5,HA,4110,SEA,TPA,1642,1642,-6,22,1642,268,261,226,1870,2110,13,2110,2110,12,0,0,,0,0,0,0,0
2023,3,13,3,AA,2212,ATL,MDW,507,507,-30,33,507,241,252,205,1706,908,14,908,908,-30,0,0,,0,0,0,0,0
2023,12,22,3,AS,5540,MIA,SEA,1627,1627,2,11,1627,62,70,40,261,1729,19,1729,1729,-10,0,0,,0,0,0,0,0
2023,1,11,2,NK,9736,LAX,SFO,1813,1813,16,18,1813,129,153,119,832,2022,16,2022,2022,24,0,0,,31,2,10,34,11
2023,4,5,1,G4,1690,MDW,SEA,616,616,-13,12,616,209,231,208,1311,945,11,945,945,-26,0,0,,0,0,0,0,0
2023,5,1,5,F9,9764,BNA,IAH,1723,1723,-18,16,1723,347,346,325,2529,2310,5,2310,2310,-29,0,0,,0,0,0,0,0
2023,7,24,7,AS,7728,MCO,SEA,1542,1542,-15,12,1542,255,277,259,1715,1957,6,1957,1957,-24,0,0,,0,0,0,0,0
2023,1,3,3,DL,7765,BWI,SLC,853,853,11,14,853,189,199,169,1042,1202,16,1202,1202,6,0,0,,0,0,0,0,0
2023,3,22,3,F9,4542,BOS,LAX,1552,1552,64,25,1552,241,255,217,1480,1953,13,1953,1953,40,0,0,,5,2,48,32,24
2023,2,19,5,NK,3542,TPA,MDW,957,957,40,25,957,78,73,30,310,1115,18,1115,1115,13,0,0,,0,0,0,0,0
2023,9,23,6,DL,819,ORD,MSP,855,855,-30,27,855,248,261,221,1575,1303,13,1303,1303,-37,0,0,,0,0,0,0,0
2023,10,7,6,G4,4522,SFO,LAS,1349,1349,34,31,1349,89,88,47,427,1518,10,1518,1518,39,0,0,,1,2,23,10,5
2023,6,12,1,UA,1125,MIA,PHX,1433,1433,-7,9,1433,261,254,238,1706,1854,7,1854,1854,-19,0,0,,0,0,0,0,0
2023,10,15,2,DL,5661,SEA,SLC,1650,1650,-5,33,1650,139,152,110,646,1909,9,1909,1909,-6,0,0,,0,0,0,0,0
2023,3,25,3,UA,5642,PHL,MIA,547,547,-13,30,547,222,221,180,1545,929,11,929,929,14,0,0,,0,0,0,0,0
2023,8,5,2,AA,1130,MIA,MDW,1358,1358,17,20,1358,295,296,265,2065,1853,11,1853,1853,16,0,0,,18,0,24,59,25
2023,8,15,6,WN,1703,ORD,BWI,1021,1021,37,20,1021,132,132,102,804,1233,10,1233,1233,38,0,0,,0,8,22,37,25
2023,2,8,6,B6,2002,BOS,IAD,807,807,21,24,807,102,108,68,452,949,16,949,949,8,0,0,,0,0,0,0,0
2023,6,10,4,AS,6913,BNA,DAL,1809,1809,9,32,1809,102,126,79,587,1951,15,1951,1951,36,0,0,,17,2,44,39,29
2023,7,26,7,B6,3879,LAS,BOS,2153,2153,35,33,2153,92,87,49,335,2325,5,2325,2325,25,0,0,,31,6,6,24,15
2023,2,16,1,AA,7233,MCO,MDW,1207,1207,18,29,1207,239,261,227,1739,1606,5,1606,1606,15,0,0,,0,0,0,0,0
2023,11,8,4,DL,6332,BWI,LAX,620,620,15,34,620,143,152,112,822,843,6,843,843,31,0,0,,7,5,31,31,28
2023,10,1,7,AA,6036,JFK,PHX,1220,1220,-15,24,1220,223,237,206,1423,1603,7,1603,1603,-13,0,0,,0,0,0,0,0
2023,2,12,4,B6,6524,IAD,ATL,1927,1927,29,33,1927,165,151,114,1150,2212,4,2212,2212,27,0,0,,19,4,43,35,8
2023,10,5,4,B6,8112,ATL,TPA,1236,1236,-9,13,1236,361,346,325,2476,1837,8,1837,1837,-9,0,0,,0,0,0,0,0
2023,1,3,1,AS,8737,BWI,BNA,2106,2106,8,21,2106,125,147,109,832,2311,17,2311,2311,6,0,0,,0,0,0,0,0
2023,8,1,1,F9,2402,MIA,FLL,2025,2025,20,28,2025,263,284,246,1868,48,10,48,48,23,0,0,,20,1,43,22,13
2023,1,4,5,HA,9482,DEN,CLT,512,512,7,21,512,163,156,120,1074,755,15,755,755,15,0,0,,0,0,0,0,0
2023,9,8,2,AA,8975,PHX,DEN,1637,1637,3,19,1637,380,369,337,2577,2257,13,2257,2257,-3,0,0,,0,0,0,0,0
2023,11,3,2,WN,540,MDW,ATL,1415,1415,-18,12,1415,195,203,177,1148,1730,14,1730,1730,-22,0,0,,0,0,0,0,0
2023,6,10,5,HA,5616,EWR,PHL,1952,1952,-30,12,1952,80,91,71,434,2112,8,2112,2112,-31,0,0,,0,0,0,0,0
2023,7,2,5,AA,2957,BWI,HOU,1039,1039,-9,11,1039,105,119,91,570,1224,17,1224,1224,-22,0,0,,0,0,0,0,0
2023,10,11,6,G4,8078,HOU,PHX,501,501,-2,30,501,333,332,292,2310,1034,10,1034,1034,-19,0,0,,0,0,0,0,0
2023,7,25,7,NK,3723,CLT,SEA,1735,1735,7,32,1735,333,326,286,2425,2308,8,2308,2308,12,0,0,,0,0,0,0,0
2023,10,10,4,NK,5088,SEA,JFK,1029,1029,53,20,1029,262,283,249,1644,1451,14,1451,1451,58,0,0,,1,8,37,55,15
2023,3,21,5,B6,6461,DEN,DAL,2130,2130,11,11,2130,130,144,120,677,2340,13,2340,2340,22,0,0,,35,6,28,12,21
2023,2,14,3,NK,2171,LAX,BOS,832,832,44,25,832,394,393,357,2693,1506,11,1506,1506,11,0,1,C,0,0,0,0,0
2023,9,7,2,UA,3392,MIA,MIA,1547,1547,70,23,1547,48,52,20,180,1635,10,1635,1635,59,0,0,,8,5,17,11,24
2023,8,27,5,WN,6943,BNA,ATL,2204,2204,-30,25,2204,58,67,23,311,2302,19,2302,2302,-37,0,0,,0,0,0,0,0
2023,12,27,3,NK,1617,LAX,ORD,1831,1831,28,9,1831,277,270,244,1991,2308,17,2308,2308,28,0,0,,33,9,10,50,29
2023,10,2,3,DL,9109,TPA,IAH,1241,1241,-14,30,1241,146,152,118,854,1507,4,1507,1507,-15,0,0,,0,0,0,0,0
2023,7,9,3,UA,6459,MSP,TPA,1005,1005,-30,11,1005,142,139,114,871,1227,14,1227,1227,-16,0,0,,0,0,0,0,0
2023,9,16,6,HA,2757,LGA,SEA,1415,1415,-30,27,1415,242,263,232,1551,1817,4,1817,1817,-24,0,0,,0,0,0,0,0
2023,4,13,6,UA,6854,ORD,CLT,1646,1646,13,24,1646,123,135,96,595,1849,15,1849,1849,-10,0,0,,0,0,0,0,0
2023,4,9,3,AA,7710,MCO,MDW,1952,1952,64,27,1952,99,97,51,576,2131,19,2131,2131,45,0,0,,10,8,43,0,9
2023,1,20,7,B6,1937,FLL,IAH,1232,1232,34,13,1232,380,394,373,2701,1852,8,1852,1852,31,0,0,,24,4,45,40,14
2023,8,4,6,AS,3092,SEA,ORD,1908,1908,30,25,1908,250,273,231,1700,2318,17,2318,2318,29,0,0,,4,9,3,56,16
2023,12,22,4,AS,969,SFO,DAL,2021,2021,-5,27,2021,286,275,229,2117,107,19,107,107,-19,0,0,,0,0,0,0,0
2023,3,10,3,G4,7298,ATL,ORD,1013,1013,61,34,1013,142,138,99,870,1235,5,1235,1235,35,0,0,,29,7,38,26,7
2023,7,26,4,WN,3204,MIA,SFO,1354,1354,64,14,1354,298,317,291,1951,1852,12,1852,1852,57,0,0,,26,8,15,56,24
2023,12,26,4,AA,6500,DAL,BNA,843,843,0,20,843,372,357,332,2779,1455,5,1455,1455,-15,0,0,,0,0,0,0,0
2023,2,22,3,AS,5174,BNA,FLL,739,739,-30,16,739,301,286,255,2114,1240,15,1240,1240,-40,0,0,,0,0,0,0,0
2023,2,12,2,B6,890,DEN,DFW,644,644,-30,9,644,207,211,190,1207,1011,12,1011,1011,-29,0,0,,0,0,0,0,0
2023,7,17,7,HA,8985,MSP,IAD,1736,1736,31,15,1736,312,330,302,2194,2248,13,2248,2248,22,0,0,,2,4,33,58,18
2023,6,14,3,AS,9174,IAD,MSP,1709,1709,-3,21,1709,159,177,151,885,1948,5,1948,1948,-11,0,0,,0,0,0,0,0
2023,3,14,3,DL,7383,DFW,PHX,1026,1026,13,29,1026,145,153,106,907,1251,18,1251,1251,5,0,0,,0,0,0,0,0
2023,9,25,6,UA,3532,BOS,PHL,1412,1412,-22,31,1412,301,313,275,1945,1913,7,1913,1913,-17,0,0,,0,0,0,0,0
2023,10,2,3,AS,802,SAN,FLL,713,713,-24,25,713,255,250,219,1793,1128,6,1128,1128,-27,0,0,,0,0,0,0,0
2023,6,21,2,AA,8235,LGA,DEN,1205,1205,6,34,1205,165,157,114,903,1450,9,1450,1450,8,0,0,,0,0,0,0,0
2023,10,25,6,NK,3350,LAX,SLC,1721,1721,11,8,1721,52,71,56,173,1813,7,1813,1813,7,0,0,,0,0,0,0,0
2023,10,20,1,NK,8006,MIA,DEN,1815,1815,13,30,1815,216,216,174,1389,2151,12,2151,2151,15,0,0,,0,0,0,0,0
2023,6,11,1,HA,9970,ATL,PHL,1944,1944,-9,16,1944,48,48,20,204,2032,12,2032,2032,5,0,0,,0,0,0,0,0
2023,1,16,4,NK,3202,HOU,SAN,1828,1828,-13,16,1828,236,226,194,1454,2224,16,2224,2224,1,0,0,,0,0,0,0,0
2023,4,19,7,HA,350,MIA,DFW,542,542,27,9,542,348,352,330,2524,1130,13,1130,1130,40,0,0,,17,8,6,22,12
2023,10,23,4,AA,9760,MIA,LAX,719,719,17,23,719,175,170,130,1119,1014,17,1014,1014,27,0,0,,8,9,27,30,18
2023,6,6,2,WN,9322,MIA,TPA,517,517,-8,11,517,319,311,288,2383,1036,12,1036,1036,-2,0,0,,0,0,0,0,0
2023,6,24,5,NK,9973,FLL,PHX,543,543,1,20,543,393,397,371,2692,1216,6,1216,1216,-2,0,0,,0,0,0,0,0
2023,11,19,7,G4,584,IAD,HOU,829,829,-30,24,829,114,130,100,583,1023,6,1023,1023,-28,0,0,,0,0,0,0,0
2023,12,5,1,B6,3378,BOS,MSP,1214,1214,5,18,1214,76,93,68,357,1330,7,1330,1330,-4,0,0,,0,0,0,0,0
2023,5,26,4,UA,6029,PHL,BWI,1540,1540,-18,30,1540,63,53,20,282,1643,19,1643,1643,-13,0,0,,0,0,0,0,0
2023,1,4,1,NK,7695,SAN,LAX,942,942,4,9,942,229,241,220,1512,1331,12,1331,1331,14,0,0,,0,0,0,0,0
2023,8,15,2,HA,6197,SAN,FLL,640,640,86,11,640,198,190,162,1369,958,17,958,958,66,0,0,,10,7,16,1,16
2023,5,4,2,AA,7084,TPA,BOS,1831,1831,32,19,1831,215,213,185,1435,2206,9,2206,2206,29,0,0,,1,9,47,45,15
2023,12,20,5,NK,3402,BNA,DEN,943,943,82,9,943,216,203,175,1455,1319,19,1319,1319,64,0,0,,5,1,29,42,6
2023,12,10,5,AS,3186,CLT,IAD,955,955,28,8,955,99,85,65,518,1134,12,1134,1134,28,0,0,,11,6,0,1,1
2023,12,24,6,NK,5286,PHX,DTW,925,925,5,30,925,216,222,181,1356,1301,11,1301,1301,0,0,0,,0,0,0,0,0
2023,5,22,7,HA,9355,MDW,BNA,1943,1943,38,13,1943,362,379,356,2620,145,10,145,145,25,0,0,,36,0,39,15,26
2023,7,3,2,DL,6773,SEA,SLC,1725,1725,58,23,1725,338,343,304,2441,2303,16,2303,2303,43,0,0,,23,7,23,52,11
2023,4,26,4,DL,8491,MCO,LGA,949,949,43,9,949,173,163,146,931,1242,8,1242,1242,45,0,0,,8,8,37,50,12
2023,6,5,1,NK,3348,SEA,DTW,850,850,-6,21,850,128,152,115,716,1058,16,1058,1058,-4,0,0,,0,0,0,0,0
2023,4,6,3,UA,789,PHL,SEA,1008,1008,18,27,1008,137,128,83,676,1225,18,1225,1225,12,0,0,,0,0,0,0,0
2023,3,21,5,AA,4946,SEA,MDW,1210,1210,-19,19,1210,71,61,30,186,1321,12,1321,1321,-11,0,0,,0,0,0,0,0
2023,7,22,3,G4,2890,LAS,EWR,1300,1300,16,34,1300,62,54,20,327,1402,7,1402,1402,11,0,0,,0,0,0,0,0
2023,8,8,4,G4,9570,SFO,PHX,1634,1634,49,26,1634,127,135,91,788,1841,18,1841,1841,57,0,0,,21,6,12,32,20
2023,4,7,5,NK,5274,IAH,PHX,1643,1643,30,10,1643,66,77,50,221,1749,17,1749,1749,16,0,0,,12,3,36,20,15
2023,2,21,3,NK,3273,BNA,MSP,2016,2016,2,26,2016,339,351,318,2549,155,7,155,155,1,0,0,,0,0,0,0,0
2023,12,10,7,DL,9070,LAX,BWI,2111,2111,30,18,2111,211,200,171,1322,42,11,42,42,11,0,0,,0,0,0,0,0
2023,10,6,4,HA,5235,IAD,PHL,2054,2054,25,11,2054,284,287,269,1870,138,7,138,138,19,0,0,,37,6,17,56,2
2023,3,14,1,UA,9770,CLT,PHX,819,819,17,24,819,60,53,20,254,919,10,919,919,-4,0,0,,0,0,0,0,0
2023,1,4,7,NK,6903,SEA,PHL,1341,1341,9,24,1341,288,297,266,1832,1829,7,1829,1829,19,0,0,,1,4,45,59,8
2023,8,28,4,G4,7613,PHX,LAX,900,900,-2,14,900,82,79,51,370,1022,14,1022,1022,9,0,0,,0,0,0,0,0
2023,3,25,6,AA,2493,LGA,ORD,549,549,29,12,549,301,322,306,1999,1050,4,1050,1050,36,0,0,,37,3,25,34,7
2023,12,13,5,WN,6746,EWR,MCO,1243,1243,12,26,1243,151,137,98,1012,1514,13,1514,1514,13,0,0,,0,0,0,0,0
2023,10,20,2,AS,9575,BNA,SLC,1818,1818,-16,32,1818,397,421,377,2715,55,12,55,55,-22,0,0,,0,0,0,0,0
2023,7,17,1,NK,4241,ORD,FLL,1948,1948,-2,28,1948,93,91,56,448,2121,7,2121,2121,-9,0,0,,0,0,0,0,0
2023,10,23,7,HA,2323,SLC,PHX,1405,1405,13,33,1405,51,66,27,191,1456,6,1456,1456,31,0,0,,5,5,27,47,2
2023,5,7,7,NK,5299,IAH,DEN,1535,1535,35,26,1535,142,132,100,920,1757,6,1757,1757,49,0,0,,8,1,48,20,4
2023,10,4,3,HA,1862,HOU,TPA,1858,1858,20,16,1858,380,389,361,2689,118,12,118,118,20,0,0,,21,5,12,39,5
2023,5,14,5,UA,6621,EWR,BWI,1444,1444,4,24,1444,251,274,239,1612,1855,11,1855,1855,-1,0,0,,0,0,0,0,0
2023,7,3,2,WN,4048,LAX,JFK,1538,1538,6,16,1538,308,323,294,2282,2046,13,2046,2046,24,0,0,,30,4,10,47,18
2023,9,24,4,B6,7582,DAL,IAH,527,527,-2,21,527,271,293,262,1859,958,10,958,958,-8,0,0,,0,0,0,0,0
2023,12,5,2,AA,7321,FLL,DFW,854,854,50,12,854,189,189,167,1140,1203,10,1203,1203,47,0,0,,37,1,23,44,17
2023,5,16,5,AA,1099,MIA,BWI,1815,1815,23,29,1815,166,177,141,860,2101,7,2101,2101,38,0,0,,18,6,12,44,25
2023,1,26,5,HA,5248,IAD,FLL,1332,1332,5,9,1332,64,78,63,358,1436,6,1436,1436,-4,0,0,,0,0,0,0,0
2023,10,23,6,DL,1735,PHL,SLC,749,749,16,31,749,236,224,178,1421,1145,15,1145,1145,26,0,0,,36,5,23,3,6
2023,10,20,6,HA,4664,DFW,SFO,2028,2028,28,22,2028,215,238,209,1384,3,7,3,3,32,0,0,,11,3,28,3,3
2023,1,4,2,DL,5910,ORD,DFW,505,505,-10,23,505,55,55,23,188,600,9,600,600,-7,0,0,,0,0,0,0,0
2023,2,24,4,F9,3417,DEN,LAX,1841,1841,32,26,1841,213,233,192,1425,2214,15,2214,2214,17,0,0,,1,8,37,27,2
2023,6,24,2,G4,6303,ORD,MDW,1509,1509,12,8,1509,292,283,259,1976,2001,16,2001,2001,4,0,0,,0,0,0,0,0
2023,9,2,5,AA,7594,IAD,SFO,1547,1547,10,30,1547,163,168,121,911,1830,17,1830,1830,14,0,0,,0,0,0,0,0
2023,8,18,5,UA,681,EWR,ORD,1823,1823,-12,19,1823,218,204,178,1586,2201,7,2201,2201,-25,0,0,,0,0,0,0,0
2023,5,19,3,HA,8164,FLL,EWR,658,658,-3,26,658,238,230,197,1619,1056,7,1056,1056,1,0,0,,0,0,0,0,0
2023,1,28,6,UA,2071,LAX,ATL,2132,2132,43,27,2132,316,327,295,2249,248,5,248,248,45,0,0,,37,4,19,14,27
2023,7,28,3,WN,6669,MIA,LAX,1332,1332,-3,22,1332,121,107,67,523,1533,18,1533,1533,11,0,0,,0,0,0,0,0
2023,5,19,1,UA,8002,DEN,MCO,1915,1915,1,12,1915,164,154,125,1080,2159,17,2159,2159,-14,0,0,,0,0,0,0,0
2023,6,17,5,NK,9922,BWI,MSP,1805,1805,3,8,1805,95,83,65,305,1940,10,1940,1940,20,0,0,,29,5,46,26,27
2023,7,14,3,G4,2192,BOS,IAD,1249,1249,-11,18,1249,264,269,242,1715,1713,9,1713,1713,13,0,0,,0,0,0,0,0
2023,3,19,2,NK,8860,IAH,BNA,1635,1635,18,34,1635,186,171,132,1263,1941,5,1941,1941,22,0,0,,28,1,42,59,29
2023,12,22,6,AS,9805,BNA,EWR,952,952,-30,16,952,371,393,369,2548,1603,8,1603,1603,-36,0,0,,0,0,0,0,0
2023,10,24,6,HA,7587,MDW,SAN,505,505,-6,14,505,308,304,281,2266,1013,9,1013,1013,-7,0,0,,0,0,0,0,0
2023,3,13,4,AA,8873,BWI,EWR,2218,2218,24,9,2218,223,234,217,1415,201,8,201,201,22,0,0,,7,9,16,34,20
2023,5,12,2,HA,9165,MCO,IAH,808,808,15,24,808,147,145,114,803,1035,7,1035,1035,18,0,0,,24,4,4,42,26
2023,6,26,4,G4,2847,ORD,BWI,730,730,5,23,730,58,57,20,212,828,14,828,828,7,0,0,,0,0,0,0,0
2023,9,6,3,B6,2464,DFW,IAH,701,701,18,23,701,113,121,84,658,854,14,854,854,21,0,0,,21,2,13,15,0
2023,12,21,7,B6,6838,JFK,SEA,2217,2217,32,21,2217,370,372,339,2489,427,12,427,427,28,0,0,,34,6,14,21,3
2023,5,4,1,AS,4923,SAN,IAH,748,748,-15,34,748,250,251,211,1837,1158,6,1158,1158,-8,0,0,,0,0,0,0,0
2023,1,19,2,G4,4393,IAD,BOS,744,744,11,9,744,226,219,196,1597,1130,14,1130,1130,6,0,0,,0,0,0,0,0
2023,4,16,2,F9,3184,BWI,DTW,750,750,58,26,750,258,260,229,1842,1208,5,1208,1208,47,0,0,,30,4,9,31,15
2023,5,13,2,F9,3168,MSP,PHL,622,622,20,10,622,219,221,199,1538,1001,12,1001,1001,12,0,0,,0,0,0,0,0
2023,12,4,4,F9,2998,SFO,FLL,824,824,76,15,824,315,304,271,2347,1339,18,1339,1339,90,0,0,,1,2,30,21,0
2023,10,23,3,AA,6522,EWR,HOU,1441,1441,7,28,1441,208,201,162,1444,1809,11,1809,1809,26,0,0,,38,3,12,42,29
2023,10,17,2,AA,3228,HOU,BOS,2204,2204,18,32,2204,251,270,226,1754,215,12,215,215,24,0,0,,32,0,16,1,14
2023,5,23,7,F9,6565,LGA,MSP,1000,1000,-21,26,1000,189,174,135,1289,1309,13,1309,1309,0,0,0,,0,0,0,0,0
2023,7,1,2,B6,9921,HOU,SEA,1127,1127,-6,23,1127,156,149,107,853,1403,19,1403,1403,6,0,0,,0,0,0,0,0
2023,4,18,6,G4,2025,BNA,SFO,2239,2239,67,29,2239,127,143,100,665,46,14,46,46,61,0,0,,36,2,43,37,4
2023,1,20,1,UA,330,IAD,PHL,1559,1559,-16,11,1559,287,291,274,2087,2046,6,2046,2046,-30,0,0,,0,0,0,0,0
2023,5,17,6,G4,2487,PHL,BNA,1335,1335,46,15,1335,297,294,275,1983,1832,4,1832,1832,38,0,0,,2,8,34,20,0
2023,7,27,6,F9,1156,TPA,MIA,558,558,-23,8,558,226,250,228,1414,944,14,944,944,-22,0,0,,0,0,0,0,0
2023,10,28,1,G4,4478,CLT,LAS,1230,1230,-16,11,1230,58,53,38,179,1328,4,1328,1328,-25,0,0,,0,0,0,0,0
2023,10,27,7,WN,2186,BWI,MDW,2021,2021,9,14,2021,97,107,87,475,2158,6,2158,2158,-8,0,0,,0,0,0,0,0
2023,6,15,3,AA,7087,LGA,IAH,1803,1803,20,32,1803,42,66,27,165,1845,7,1845,1845,25,0,0,,29,8,21,17,7
2023,5,11,6,AA,2318,ATL,PHL,700,700,25,8,700,81,76,63,260,821,5,821,821,27,0,0,,37,5,33,8,29
2023,4,25,3,B6,3622,DEN,ATL,2146,2146,36,31,2146,61,70,28,256,2247,11,2247,2247,19,0,0,,1,4,8,48,21
2023,2,28,6,UA,4492,PHX,MCO,735,735,-7,25,735,370,394,352,2576,1345,17,1345,1345,-13,0,0,,0,0,0,0,0
2023,4,22,5,F9,2512,LGA,BOS,1341,1341,27,11,1341,353,362,335,2359,1934,16,1934,1934,39,0,0,,21,2,35,58,25
2023,10,13,1,HA,7843,IAH,BOS,717,717,-8,27,717,91,95,50,432,848,18,848,848,-15,0,0,,0,0,0,0,0
2023,10,1,6,B6,8642,LAS,BOS,2050,2050,20,21,2050,83,78,42,418,2213,15,2213,2213,21,0,0,,11,7,31,41,22
2023,3,17,5,B6,9547,BOS,DFW,1949,1949,0,15,1949,377,371,350,2681,206,6,206,206,0,0,0,,0,0,0,0,0
2023,10,6,4,UA,7849,EWR,BOS,2115,2115,40,34,2115,201,188,138,1370,36,16,36,36,42,0,0,,19,7,19,39,15
2023,1,4,5,NK,5405,LGA,DTW,1929,1929,-30,25,1929,205,228,186,1416,2254,17,2254,2254,-34,1,0,,0,0,0,0,0
2023,8,20,2,F9,5394,SFO,PHL,2244,2244,46,14,2244,136,147,126,747,100,7,100,100,42,0,0,,17,7,2,5,2
2023,5,16,6,HA,1294,MDW,SLC,2124,2124,-8,10,2124,162,181,162,948,6,9,6,6,-3,0,0,,0,0,0,0,0
2023,4,15,5,AA,2466,BWI,LAX,1457,1457,-21,32,1457,223,247,202,1432,1840,13,1840,1840,-13,0,0,,0,0,0,0,0
2023,8,27,3,UA,3176,BWI,SEA,1046,1046,30,28,1046,193,208,164,1322,1359,16,1359,1359,28,0,0,,35,5,28,55,3
2023,7,15,4,HA,7850,MIA,PHX,2101,2101,42,21,2101,286,291,261,2040,147,9,147,147,42,0,0,,26,1,4,9,14
2023,2,6,7,WN,9426,SLC,JFK,1416,1416,39,19,1416,353,359,324,2587,2009,16,2009,2009,61,0,0,,12,0,32,22,13
2023,1,15,6,B6,9630,JFK,IAD,1951,1951,44,22,1951,327,330,303,2161,118,5,118,118,70,0,0,,7,7,7,32,0
2023,12,14,2,UA,8445,LGA,HOU,1417,1417,34,15,1417,373,371,347,2613,2030,9,2030,2030,23,0,0,,22,6,18,39,24
2023,11,28,7,AA,8211,MSP,BWI,1633,1633,-15,12,1633,98,119,100,575,1811,7,1811,1811,-39,0,0,,0,0,0,0,0
2023,4,11,5,G4,2760,TPA,PHL,852,852,-18,24,852,263,270,238,1875,1315,8,1315,1315,-6,0,0,,0,0,0,0,0
2023,8,7,7,AA,5256,DEN,BWI,535,535,-20,32,535,329,339,289,2283,1104,18,1104,1104,-13,0,0,,0,0,0,0,0
2023,12,9,7,WN,8415,LAS,EWR,1937,1937,42,17,1937,228,252,225,1389,2325,10,2325,2325,50,0,0,,1,1,29,46,16
2023,2,26,4,UA,3,IAH,PHL,1201,1201,8,18,1201,355,351,323,2620,1756,10,1756,1756,12,0,0,,0,0,0,0,0
2023,3,16,7,WN,8131,SEA,SLC,500,500,5,30,500,60,45,20,267,600,19,600,600,7,0,0,,0,0,0,0,0
2023,12,5,7,F9,1260,IAH,LAS,1138,1138,11,23,1138,348,366,324,2612,1726,19,1726,1726,25,0,0,,22,5,39,25,0
2023,1,25,6,F9,8191,MIA,ORD,2022,2022,-3,23,2022,130,133,101,748,2232,9,2232,2232,15,0,0,,0,0,0,0,0
2023,1,20,4,G4,4324,MCO,ORD,1221,1221,11,11,1221,333,340,316,2237,1754,13,1754,1754,-5,0,0,,0,0,0,0,0
2023,3,10,2,B6,5774,HOU,LAX,1821,1821,54,30,1821,202,193,145,1334,2143,18,2143,2143,38,0,0,,7,9,15,26,27
2023,11,18,5,NK,2569,PHL,ATL,2125,2125,-12,12,2125,396,387,366,2734,401,9,401,401,-9,0,0,,0,0,0,0,0
2023,5,3,4,DL,1886,PHL,IAH,1806,1806,3,17,1806,374,359,333,2617,20,9,20,20,6,0,0,,0,0,0,0,0
2023,12,13,4,HA,7061,TPA,BOS,2028,2028,7,21,2028,135,137,109,813,2243,7,2243,2243,5,0,0,,0,0,0,0,0
2023,3,11,1,WN,7845,LGA,PHX,1721,1721,3,16,1721,324,316,294,2292,2245,6,2245,2245,10,0,0,,0,0,0,0,0
2023,1,17,4,HA,6112,PHX,FLL,1457,1457,-9,25,1457,257,266,237,1731,1914,4,1914,1914,6,0,0,,0,0,0,0,0
2023,1,22,1,G4,9492,DAL,HOU,1555,1555,5,27,1555,124,137,104,799,1759,6,1759,1759,27,0,0,,26,0,7,16,22
2023,8,13,5,HA,2339,FLL,SLC,1147,1147,-12,13,1147,230,237,205,1639,1537,19,1537,1537,-1,0,0,,0,0,0,0,0
2023,10,6,7,HA,9269,EWR,BWI,1259,1259,22,18,1259,82,95,71,437,1421,6,1421,1421,10,0,0,,0,0,0,0,0
2023,11,17,6,AA,3759,SEA,MDW,1310,1310,-24,28,1310,270,255,215,1849,1740,12,1740,1740,-20,0,0,,0,0,0,0,0
2023,12,27,6,UA,4811,SLC,IAD,1857,1857,-20,24,1857,126,125,84,561,2103,17,2103,2103,-16,0,0,,0,0,0,0,0
2023,12,13,5,B6,9140,LGA,IAH,2141,2141,-3,16,2141,354,353,331,2597,335,6,335,335,6,0,0,,0,0,0,0,0
2023,2,19,5,DL,6792,MCO,LAX,1857,1857,13,32,1857,361,373,330,2725,58,11,58,58,18,0,0,,6,6,45,18,13
2023,3,21,3,UA,7172,ORD,SFO,642,642,32,10,642,189,209,188,1191,951,11,951,951,54,0,0,,32,7,8,41,29
2023,2,19,7,AA,2732,LGA,BOS,2200,2200,67,23,2200,90,114,85,285,2330,6,2330,2330,53,0,0,,7,2,31,26,12
2023,3,10,5,HA,870,ORD,DTW,1933,1933,-25,27,1933,295,311,271,2175,28,13,28,28,-15,0,0,,0,0,0,0,0
2023,7,3,4,DL,5167,TPA,JFK,1448,1448,66,11,1448,139,136,112,908,1707,13,1707,1707,86,0,0,,32,3,12,33,13
2023,1,14,6,AA,94,DEN,MDW,543,543,-30,33,543,202,207,159,1421,905,15,905,905,-31,0,0,,0,0,0,0,0
2023,10,26,2,AA,2988,MSP,LGA,531,531,40,31,531,187,210,160,1174,838,19,838,838,38,0,0,,32,3,7,48,18
2023,8,19,6,AA,9968,BOS,SEA,2210,2210,-8,29,2210,95,117,72,530,2345,16,2345,2345,-16,0,0,,0,0,0,0,0
2023,10,5,1,F9,8628,JFK,BNA,527,527,-21,22,527,397,390,359,2706,1204,9,1204,1204,-15,0,0,,0,0,0,0,0
2023,10,5,6,DL,4948,TPA,MDW,1519,1519,-21,9,1519,248,252,225,1678,1927,18,1927,1927,-25,0,0,,0,0,0,0,0
2023,10,20,3,AA,6652,PHL,LAX,922,922,-9,27,922,166,170,124,955,1208,19,1208,1208,7,0,0,,0,0,0,0,0
2023,2,17,7,NK,6980,PHL,ATL,923,923,28,24,923,120,112,73,625,1123,15,1123,1123,28,0,0,,29,1,3,55,8
2023,3,21,5,HA,6795,MSP,IAH,659,659,8,26,659,191,189,152,1103,1010,11,1010,1010,-2,0,0,,0,0,0,0,0
2023,9,10,7,DL,6525,SAN,SFO,1344,1344,-12,27,1344,144,148,110,998,1608,11,1608,1608,2,0,0,,0,0,0,0,0
2023,7,5,5,F9,3145,LAX,BWI,1730,1730,2,23,1730,178,197,161,1046,2028,13,2028,2028,6,0,0,,0,0,0,0,0
2023,4,4,6,WN,3588,PHL,SAN,517,517,0,31,517,50,55,20,181,607,19,607,607,13,0,0,,0,0,0,0,0
2023,10,6,2,WN,77,EWR,CLT,1626,1626,10,26,1626,287,293,254,2077,2113,13,2113,2113,-3,0,0,,0,0,0,0,0
2023,5,26,2,B6,9008,DTW,EWR,2105,2105,19,28,2105,330,320,280,2315,235,12,235,235,23,0,0,,3,7,6,50,24
2023,2,4,3,AS,8960,ATL,PHX,2154,2154,1,24,2154,63,74,38,340,2257,12,2257,2257,12,0,0,,0,0,0,0,0
2023,11,7,1,NK,6554,TPA,HOU,2109,2109,21,11,2109,275,263,234,1920,144,18,144,144,15,0,0,,0,0,0,0,0
2023,8,7,6,WN,8298,DAL,SAN,1113,1113,51,25,1113,299,287,251,1923,1612,11,1612,1612,30,0,0,,21,2,3,56,28
2023,4,18,5,F9,6695,DAL,LAX,731,731,-2,11,731,308,320,299,2271,1239,10,1239,1239,0,0,0,,0,0,0,0,0
2023,9,3,6,AS,2874,FLL,IAH,2113,2113,-14,28,2113,128,139,98,772,2321,13,2321,2321,5,0,0,,0,0,0,0,0
2023,5,1,3,AA,3347,MIA,SAN,923,923,46,10,923,211,212,196,1276,1254,6,1254,1254,55,0,0,,5,3,25,47,15
2023,9,24,4,AA,7025,SEA,JFK,1403,1403,8,29,1403,129,152,113,735,1612,10,1612,1612,4,0,0,,0,0,0,0,0
2023,4,25,4,G4,3149,JFK,LAS,1254,1254,48,25,1254,361,383,351,2617,1855,7,1855,1855,27,0,0,,25,0,36,22,11
2023,10,4,3,HA,9658,MIA,BNA,2006,2006,-7,28,2006,129,142,109,622,2215,5,2215,2215,-9,0,0,,0,0,0,0,0
2023,5,6,5,AS,245,SFO,BOS,1336,1336,54,27,1336,271,295,251,1937,1807,17,1807,1807,42,0,0,,8,2,11,21,24
2023,9,9,7,HA,2626,DTW,LGA,1322,1322,6,12,1322,52,43,20,263,1414,11,1414,1414,12,0,0,,0,0,0,0,0
2023,8,22,3,F9,3850,BWI,SAN,738,738,2,16,738,225,217,196,1552,1123,5,1123,1123,2,0,0,,0,0,0,0,0
2023,3,14,5,NK,9598,IAH,LAS,1857,1857,-6,29,1857,233,250,217,1486,2250,4,2250,2250,-12,0,0,,0,0,0,0,0
2023,1,28,2,AS,9174,SEA,SLC,648,648,-30,30,648,351,367,322,2527,1239,15,1239,1239,-10,0,0,,0,0,0,0,0
2023,3,12,3,WN,7738,SAN,DFW,1122,1122,35,34,1122,84,103,50,488,1246,19,1246,1246,33,0,0,,26,5,14,30,18
2023,4,28,5,NK,8334,PHL,LAS,1931,1931,-25,31,1931,352,354,308,2435,123,15,123,123,-14,0,0,,0,0,0,0,0
2023,2,25,3,G4,893,BWI,DFW,516,516,5,22,516,194,194,164,1346,830,8,830,830,-14,0,0,,0,0,0,0,0
2023,1,20,3,HA,5488,IAH,MIA,1413,1413,6,16,1413,60,62,33,228,1513,13,1513,1513,-22,0,0,,0,0,0,0,0
2023,7,24,7,HA,7252,DEN,DFW,725,725,-15,21,725,100,122,85,613,905,16,905,905,-28,0,0,,0,0,0,0,0
2023,8,25,7,NK,7311,LAS,IAD,1151,1151,19,28,1151,283,292,252,2071,1634,12,1634,1634,12,0,0,,0,0,0,0,0
2023,7,4,5,AA,2400,SEA,HOU,2142,2142,-13,31,2142,320,338,299,2137,302,8,302,302,-2,0,0,,0,0,0,0,0
2023,5,21,5,HA,4641,LAX,SAN,759,759,-27,9,759,114,102,79,711,953,14,953,953,-40,0,0,,0,0,0,0,0
2023,12,24,1,G4,2961,BNA,PHL,2252,2252,12,33,2252,101,90,52,434,33,5,33,33,31,0,0,,22,7,44,54,0
2023,1,12,3,WN,7326,MSP,IAH,1121,1121,-13,32,1121,75,73,28,372,1236,13,1236,1236,-7,0,0,,0,0,0,0,0
2023,7,10,4,DL,1470,PHX,SAN,2127,2127,37,25,2127,371,356,324,2790,338,7,338,338,50,0,0,,2,0,20,31,24
2023,7,22,3,WN,3375,SFO,SAN,659,659,17,20,659,201,207,176,1439,1020,11,1020,1020,6,0,0,,0,0,0,0,0
2023,9,28,3,WN,8848,MSP,SFO,704,704,3,28,704,274,279,241,1840,1138,10,1138,1138,11,0,0,,0,0,0,0,0
2023,3,7,5,HA,8235,SFO,TPA,914,914,1,23,914,363,360,329,2570,1517,8,1517,1517,4,0,0,,0,0,0,0,0
2023,9,3,3,UA,7924,MDW,PHX,2031,2031,-30,13,2031,221,241,221,1406,12,7,12,12,-14,0,0,,0,0,0,0,0
2023,1,23,6,AA,5123,IAH,BWI,1635,1635,-6,23,1635,155,168,128,977,1910,17,1910,1910,-6,1,0,,0,0,0,0,0
2023,1,28,3,HA,9853,IAH,SEA,1626,1626,22,11,1626,361,383,353,2433,2227,19,2227,2227,26,0,0,,20,9,48,9,14
2023,4,14,6,AA,5388,MIA,SLC,2237,2237,2,31,2237,173,166,127,977,130,8,130,130,17,0,0,,23,9,18,15,7
2023,9,24,7,F9,7632,ATL,DEN,1226,1226,14,17,1226,305,322,295,2110,1731,10,1731,1731,6,0,0,,0,0,0,0,0
2023,6,10,4,UA,7227,ATL,MIA,1555,1555,61,26,1555,323,329,295,2115,2118,8,2118,2118,57,0,0,,24,8,38,22,6
2023,11,16,5,HA,5109,MIA,PHX,1640,1640,37,18,1640,378,379,350,2577,2258,11,2258,2258,11,0,0,,0,0,0,0,0
2023,3,16,3,B6,2225,PHL,DAL,2101,2101,37,12,2101,117,124,102,763,2258,10,2258,2258,42,0,0,,26,1,40,1,7
2023,1,22,6,WN,2111,LGA,PHL,1638,1638,36,25,1638,143,163,128,712,1901,10,1901,1901,56,0,0,,30,1,1,5,1
2023,4,10,6,F9,958,EWR,IAH,2150,2150,-30,10,2150,359,349,327,2617,349,12,349,349,-38,0,0,,0,0,0,0,0
2023,12,25,7,UA,7147,DFW,BNA,1605,1605,11,15,1605,334,357,331,2249,2139,11,2139,2139,10,0,0,,0,0,0,0,0
2023,9,13,6,HA,561,SFO,DTW,1017,1017,-13,18,1017,279,292,258,1894,1456,16,1456,1456,2,0,0,,0,0,0,0,0
2023,3,6,2,G4,9523,MSP,MDW,1545,1545,0,28,1545,264,275,232,1955,2009,15,2009,2009,2,0,0,,0,0,0,0,0
2023,12,12,1,NK,7414,ORD,SAN,1718,1718,10,26,1718,295,284,247,2118,2213,11,2213,2213,12,0,0,,0,0,0,0,0
2023,9,9,4,NK,1313,SFO,IAD,2107,2107,-25,28,2107,327,320,283,2402,234,9,234,234,-24,0,0,,0,0,0,0,0
2023,7,13,7,AA,1822,DAL,PHL,2130,2130,8,32,2130,148,156,114,880,2358,10,2358,2358,4,0,0,,0,0,0,0,0
2023,12,4,7,UA,5647,SAN,DFW,1406,1406,24,10,1406,78,81,60,406,1524,11,1524,1524,21,0,0,,26,2,22,22,26
2023,4,24,3,WN,4946,BWI,LGA,1509,1509,70,19,1509,88,105,70,334,1637,16,1637,1637,62,0,0,,13,9,19,28,4
2023,3,11,2,WN,5375,JFK,DTW,1849,1849,-1,22,1849,325,339,309,2342,14,8,14,14,-13,0,0,,0,0,0,0,0
2023,10,20,3,DL,2652,MSP,SFO,1011,1011,-30,33,1011,318,342,296,2181,1529,13,1529,1529,-24,0,0,,0,0,0,0,0
2023,5,18,3,NK,9934,SAN,EWR,502,502,-30,30,502,269,257,222,1863,931,5,931,931,-5,0,0,,0,0,0,0,0
2023,5,26,5,F9,4702,SEA,LGA,1646,1646,7,31,1646,74,90,42,395,1800,17,1800,1800,3,0,0,,0,0,0,0,0
2023,3,11,5,UA,2878,SLC,JFK,1104,1104,44,23,1104,350,335,302,2384,1654,10,1654,1654,25,0,0,,5,6,40,38,7
2023,12,25,5,WN,5583,BWI,MSP,2001,2001,-2,12,2001,182,200,175,1015,2303,13,2303,2303,-2,0,0,,0,0,0,0,0
2023,9,21,2,DL,5391,JFK,PHL,1707,1707,74,26,1707,323,328,296,2237,2230,6,2230,2230,56,0,0,,18,1,2,41,10
2023,4,4,3,UA,4084,MCO,SAN,513,513,-16,34,513,125,140,93,750,718,13,718,718,-28,0,1,C,0,0,0,0,0
2023,11,18,1,AS,746,MSP,SEA,1313,1313,-8,13,1313,180,178,151,1111,1613,14,1613,1613,-3,0,0,,0,0,0,0,0
2023,5,1,4,WN,8750,CLT,BNA,902,902,-30,19,902,253,263,233,1591,1315,11,1315,1315,-32,0,0,,0,0,0,0,0
2023,4,27,5,AS,942,PHX,LGA,2235,2235,33,26,2235,327,333,298,2206,402,9,402,402,23,0,1,D,13,4,33,0,24
2023,5,7,5,UA,4024,DAL,MSP,606,606,-30,16,606,358,376,346,2547,1204,14,1204,1204,-22,0,0,,0,0,0,0,0
2023,7,6,7,WN,2297,JFK,BNA,1852,1852,37,25,1852,338,355,311,2281,30,19,30,30,15,0,0,,0,0,0,0,0
2023,9,15,3,AS,940,SAN,BWI,506,506,21,10,506,140,137,110,682,726,17,726,726,-1,0,0,,0,0,0,0,0
2023,7,18,3,B6,1611,ATL,MSP,1349,1349,56,30,1349,178,194,157,1138,1647,7,1647,1647,58,0,0,,30,1,38,34,28
2023,5,24,2,DL,6301,LGA,ORD,1240,1240,-28,21,1240,303,295,269,2192,1743,5,1743,1743,-40,0,0,,0,0,0,0,0
2023,10,11,2,F9,1726,FLL,BOS,1445,1445,23,33,1445,105,111,62,507,1630,16,1630,1630,10,0,1,B,0,0,0,0,0
2023,10,20,5,NK,9177,MIA,LAS,1545,1545,19,31,1545,86,90,49,527,1711,10,1711,1711,-3,0,0,,0,0,0,0,0
2023,7,24,3,DL,9780,SAN,IAD,1820,1820,43,28,1820,350,355,323,2369,10,4,10,10,33,0,0,,24,3,49,6,11
2023,10,15,1,AS,9529,MDW,ORD,744,744,-30,12,744,182,200,178,1198,1046,10,1046,1046,-18,0,0,,0,0,0,0,0
2023,5,16,4,WN,8854,JFK,PHL,1018,1018,-30,12,1018,88,102,74,542,1146,16,1146,1146,-22,0,0,,0,0,0,0,0
2023,3,7,3,B6,7188,HOU,DAL,831,831,22,11,831,197,187,163,1276,1148,13,1148,1148,49,0,0,,15,0,22,33,6
2023,7,21,7,B6,33,DTW,SFO,1207,1207,8,32,1207,141,160,112,851,1428,16,1428,1428,22,0,0,,36,9,10,49,18
2023,11,10,3,NK,5986,PHX,DTW,2124,2124,10,29,2124,241,252,210,1583,125,13,125,125,-1,0,0,,0,0,0,0,0
2023,11,26,6,B6,3415,SFO,MIA,1700,1700,40,23,1700,363,367,334,2746,2303,10,2303,2303,22,0,0,,26,7,28,28,10
2023,2,12,2,DL,1157,SLC,FLL,1727,1727,0,20,1727,137,159,126,933,1944,13,1944,1944,34,0,0,,34,4,35,49,7
2023,12,24,7,HA,3127,PHX,MSP,2157,2157,-7,15,2157,293,317,286,1978,250,16,250,250,9,0,0,,0,0,0,0,0
2023,9,14,4,B6,8253,LGA,BWI,2117,2117,-20,31,2117,337,335,285,2529,254,19,254,254,-8,0,0,,0,0,0,0,0
2023,10,25,5,NK,1544,SEA,MDW,2056,2056,6,28,2056,190,184,150,1132,6,6,6,6,8,0,0,,0,0,0,0,0
2023,10,5,7,B6,272,HOU,SAN,1410,1410,66,23,1410,371,370,340,2740,2021,7,2021,2021,61,0,0,,18,8,46,0,9
2023,12,26,3,B6,5296,LGA,BOS,1651,1651,33,32,1651,187,211,164,1192,1958,15,1958,1958,12,0,0,,0,0,0,0,0
2023,1,21,5,G4,4077,BOS,PHL,1718,1718,25,9,1718,200,187,171,1321,2038,7,2038,2038,25,0,0,,28,1,40,46,26
2023,6,18,3,DL,5903,LAS,EWR,1717,1717,19,15,1717,368,367,345,2688,2325,7,2325,2325,19,0,0,,31,5,22,57,5
2023,7,5,5,AS,2710,PHL,ATL,611,611,5,10,611,337,352,323,2480,1148,19,1148,1148,-5,0,0,,0,0,0,0,0
2023,8,3,4,AA,9347,PHX,LAX,746,746,35,30,746,176,171,129,1011,1042,12,1042,1042,25,0,0,,8,9,18,26,20
2023,10,23,2,HA,5222,LAX,SEA,823,823,-28,16,823,297,320,295,2026,1320,9,1320,1320,-4,0,0,,0,0,0,0,0
2023,9,26,4,B6,9938,DFW,BWI,659,659,40,18,659,306,309,278,1985,1205,13,1205,1205,34,0,0,,23,2,22,31,23
2023,2,5,6,F9,8530,HOU,IAD,1205,1205,9,28,1205,271,270,223,1848,1636,19,1636,1636,35,0,0,,9,2,18,40,7
2023,11,24,1,B6,6723,DAL,LAX,1121,1121,53,34,1121,89,111,65,262,1250,12,1250,1250,26,0,0,,34,6,4,54,6
2023,10,17,2,G4,8202,IAD,FLL,1424,1424,33,31,1424,277,281,235,1835,1901,15,1901,1901,24,0,0,,5,3,18,29,4
2023,2,19,4,AS,4145,LAX,LAS,509,509,16,27,509,246,252,218,1772,915,7,915,915,-3,0,0,,0,0,0,0,0
2023,5,19,6,F9,5607,DFW,LAS,1429,1429,8,8,1429,233,224,206,1572,1822,10,1822,1822,-6,0,0,,0,0,0,0,0
2023,5,25,1,HA,6767,DTW,PHX,753,753,11,8,753,180,178,154,1011,1053,16,1053,1053,1,0,0,,0,0,0,0,0
2023,6,21,6,F9,731,DEN,JFK,713,713,-1,29,713,306,294,250,2082,1219,15,1219,1219,5,0,0,,0,0,0,0,0
2023,3,12,3,DL,4891,FLL,HOU,1508,1508,9,15,1508,106,99,71,657,1654,13,1654,1654,13,0,0,,0,0,0,0,0
2023,8,25,3,NK,1649,MCO,EWR,617,617,61,23,617,253,276,235,1817,1030,18,1030,1030,46,0,0,,20,2,11,27,24
2023,1,9,5,NK,4229,DTW,FLL,922,922,-12,17,922,105,114,82,615,1107,15,1107,1107,-35,0,0,,0,0,0,0,0
2023,6,1,2,HA,2131,HOU,LGA,1055,1055,13,9,1055,187,206,182,1271,1402,15,1402,1402,31,0,0,,36,2,3,1,0
2023,4,18,3,AS,4367,IAD,EWR,2245,2245,22,23,2245,101,122,80,439,26,19,26,26,17,0,0,,18,7,18,53,6
2023,1,21,7,NK,1507,LGA,DTW,535,535,23,34,535,294,305,259,1912,1029,12,1029,1029,8,0,0,,0,0,0,0,0
2023,7,4,6,UA,2159,MCO,SFO,1030,1030,-2,11,1030,323,335,305,2359,1553,19,1553,1553,4,0,0,,0,0,0,0,0
2023,9,10,2,G4,2917,DEN,TPA,537,537,57,26,537,306,314,275,2016,1043,13,1043,1043,53,0,0,,39,3,23,43,12
2023,4,25,7,HA,3230,BOS,CLT,1824,1824,-30,16,1824,162,179,157,866,2106,6,2106,2106,-27,0,0,,0,0,0,0,0
2023,4,7,3,HA,9859,BWI,SEA,2247,2247,39,10,2247,249,266,240,1550,256,16,256,256,37,0,0,,33,8,27,11,7
2023,6,22,5,AA,6266,PHX,JFK,2257,2257,48,18,2257,128,128,104,716,105,6,105,105,29,0,0,,9,4,32,25,26
2023,12,23,4,AA,4137,SLC,SEA,1740,1740,60,15,1740,234,241,217,1623,2134,9,2134,2134,62,0,0,,21,4,34,56,20
2023,3,1,5,DL,2690,BOS,LAX,2258,2258,-29,14,2258,172,167,142,1143,150,11,150,150,-35,0,0,,0,0,0,0,0
2023,12,17,7,DL,7191,LAS,FLL,529,529,-24,8,529,199,223,211,1290,848,4,848,848,-26,0,0,,0,0,0,0,0
2023,6,24,1,AA,2811,SAN,MSP,1904,1904,44,15,1904,314,317,295,2137,18,7,18,18,47,0,0,,27,8,11,6,5
2023,7,2,3,NK,6153,MIA,SFO,1030,1030,-30,32,1030,406,424,376,2793,1716,16,1716,1716,-9,0,0,,0,0,0,0,0
2023,11,28,7,WN,13,IAH,MCO,1037,1037,-30,31,1037,290,297,255,2143,1527,11,1527,1527,-4,0,0,,0,0,0,0,0
2023,10,26,1,HA,5939,IAH,MIA,1551,1551,-10,33,1551,300,294,252,1959,2051,9,2051,2051,6,0,0,,0,0,0,0,0
2023,10,11,1,UA,8000,SEA,BOS,2000,2000,25,33,2000,207,228,178,1354,2327,17,2327,2327,19,0,0,,32,8,27,58,20
2023,3,9,6,HA,7220,SLC,SFO,1847,1847,48,24,1847,194,179,136,1108,2201,19,2201,2201,24,0,0,,18,2,22,7,27
2023,7,7,2,B6,5329,DEN,BWI,1746,1746,4,34,1746,266,252,213,1866,2212,5,2212,2212,22,0,0,,16,7,45,26,3
2023,3,22,6,AS,3622,FLL,SEA,500,500,-29,18,500,195,201,172,1162,815,11,815,815,-6,0,0,,0,0,0,0,0
2023,2,17,3,G4,3684,BNA,SFO,1056,1056,44,14,1056,293,294,264,1968,1549,16,1549,1549,31,0,0,,3,4,18,30,13
2023,12,17,1,WN,7873,IAH,DFW,1919,1919,17,16,1919,237,245,212,1460,2316,17,2316,2316,28,0,0,,38,7,10,17,6
2023,10,2,7,UA,5311,LAS,ORD,1113,1113,14,21,1113,135,140,115,624,1328,4,1328,1328,10,0,0,,0,0,0,0,0
2023,4,6,4,B6,653,HOU,FLL,648,648,9,12,648,133,157,130,767,901,15,901,901,28,0,0,,32,9,9,40,12
2023,12,14,1,DL,5800,SFO,EWR,1021,1021,-30,25,1021,118,131,102,790,1219,4,1219,1219,-30,0,0,,0,0,0,0,0
2023,8,6,7,UA,8813,MDW,DFW,2210,2210,-2,31,2210,349,347,306,2459,359,10,359,359,24,0,0,,4,5,35,55,9
2023,9,2,4,AA,3791,TPA,IAD,1925,1925,46,32,1925,85,77,26,311,2050,19,2050,2050,51,0,0,,31,6,42,47,17
2023,7,1,6,HA,1646,TPA,LAS,922,922,9,30,922,292,306,259,2153,1414,17,1414,1414,31,0,0,,39,0,38,48,1
2023,1,10,6,UA,4513,SEA,PHX,1623,1623,1,20,1623,303,309,276,2132,2126,13,2126,2126,-3,0,0,,0,0,0,0,0
2023,3,21,2,AS,4760,IAH,DTW,2243,2243,36,12,2243,355,362,344,2378,438,6,438,438,37,0,0,,34,8,21,21,11
2023,12,5,7,F9,5875,BWI,LGA,1926,1926,-6,15,1926,153,177,147,874,2159,15,2159,2159,-15,0,0,,0,0,0,0,0
2023,9,2,1,DL,3689,BNA,MSP,1002,1002,9,22,1002,114,111,74,618,1156,15,1156,1156,20,0,0,,28,3,32,52,24
2023,12,22,5,G4,7690,IAH,ATL,1903,1903,21,29,1903,269,281,241,1959,2332,11,2332,2332,31,0,0,,16,1,39,17,20
2023,1,16,6,G4,1380,CLT,DFW,1030,1030,-1,11,1030,59,73,43,170,1129,19,1129,1129,30,0,0,,29,8,26,14,6
2023,9,25,6,UA,4244,IAH,DTW,831,831,18,8,831,82,71,51,409,953,12,953,953,23,0,0,,34,5,18,40,17
2023,8,2,2,F9,9581,LGA,SEA,1841,1841,25,13,1841,376,370,346,2663,57,11,57,57,32,0,0,,0,8,47,2,21
2023,1,10,4,HA,6508,SEA,PHL,1152,1152,-17,31,1152,215,238,203,1289,1527,4,1527,1527,-18,0,0,,0,0,0,0,0
2023,6,2,2,B6,7820,ORD,MSP,2005,2005,6,26,2005,218,211,181,1586,2343,4,2343,2343,14,0,0,,0,0,0,0,0
2023,5,16,1,WN,8594,BNA,LGA,1239,1239,-15,19,1239,109,107,79,686,1428,9,1428,1428,-15,0,0,,0,0,0,0,0
2023,6,16,7,HA,2654,DAL,CLT,1612,1612,12,14,1612,157,179,150,1101,1849,15,1849,1849,14,0,0,,0,0,0,0,0
2023,10,19,3,B6,5612,DAL,PHL,2127,2127,44,20,2127,293,287,263,2129,220,4,220,220,41,0,0,,13,5,5,1,5
2023,12,7,3,WN,6128,SLC,LGA,1010,1010,4,14,1010,306,323,298,1990,1516,11,1516,1516,1,0,0,,0,0,0,0,0
2023,5,22,7,F9,3924,DTW,LGA,541,541,-10,16,541,287,282,248,2006,1028,18,1028,1028,-6,0,0,,0,0,0,0,0
2023,6,12,4,WN,8460,ORD,LGA,1342,1342,-2,8,1342,153,177,153,1000,1615,16,1615,1615,-4,0,0,,0,0,0,0,0
2023,5,24,6,HA,5913,PHX,MDW,1912,1912,-6,28,1912,289,279,234,2121,1,17,1,1,-8,0,0,,0,0,0,0,0
2023,11,15,4,AS,5131,MIA,FLL,544,544,24,31,544,201,202,152,1430,905,19,905,905,35,0,0,,24,4,1,48,5
2023,12,8,6,UA,5440,EWR,SLC,901,901,-6,20,901,215,235,206,1341,1236,9,1236,1236,-1,0,0,,0,0,0,0,0
2023,5,6,6,B6,7881,DTW,FLL,606,606,49,26,606,105,95,61,682,751,8,751,751,48,0,0,,3,2,45,21,28
2023,4,28,3,AS,6450,DEN,DTW,1634,1634,35,28,1634,325,319,275,2212,2159,16,2159,2159,14,0,0,,0,0,0,0,0
2023,3,27,4,B6,1726,SFO,FLL,1800,1800,7,8,1800,300,289,272,2247,2300,9,2300,2300,13,0,0,,0,0,0,0,0
2023,3,10,2,UA,9305,CLT,FLL,1737,1737,25,32,1737,78,81,42,453,1855,7,1855,1855,30,0,0,,1,5,47,0,18
2023,4,3,6,NK,7523,TPA,ORD,2210,2210,10,27,2210,111,102,71,565,1,4,1,1,6,0,1,B,0,0,0,0,0
2023,9,19,5,WN,4785,MDW,SEA,1005,1005,18,28,1005,83,91,53,454,1128,10,1128,1128,42,0,0,,24,3,28,15,26
2023,2,17,5,F9,9473,CLT,PHL,1644,1644,9,26,1644,336,339,300,2393,2220,13,2220,2220,-18,0,0,,0,0,0,0,0
2023,9,7,2,NK,1233,MDW,FLL,1657,1657,24,25,1657,164,159,122,962,1941,12,1941,1941,32,0,0,,36,2,32,51,4
2023,1,21,5,NK,8809,EWR,MCO,1219,1219,55,30,1219,362,349,312,2585,1821,7,1821,1821,57,0,0,,24,9,12,6,13
2023,1,20,1,G4,8339,MCO,MSP,1807,1807,30,34,1807,316,330,280,2134,2323,16,2323,2323,34,0,0,,39,0,46,23,1
2023,5,26,6,AA,7447,EWR,DEN,756,756,11,12,756,380,402,383,2652,1416,7,1416,1416,13,0,0,,0,0,0,0,0
2023,6,4,2,HA,4617,PHX,PHL,2220,2220,29,34,2220,142,132,79,862,42,19,42,42,33,0,0,,36,5,31,13,4
2023,6,14,4,AS,4726,IAH,LAS,1453,1453,28,33,1453,249,268,223,1831,1902,12,1902,1902,36,0,0,,4,2,27,3,22
2023,3,20,6,AS,3678,BOS,SEA,1703,1703,-11,10,1703,221,227,199,1483,2044,18,2044,2044,-16,0,0,,0,0,0,0,0
2023,7,22,2,AS,6288,PHX,CLT,1432,1432,46,9,1432,69,64,48,324,1541,7,1541,1541,45,0,0,,32,2,27,14,22
2023,9,15,3,AS,8481,MCO,MSP,1528,1528,44,33,1528,180,172,126,1239,1828,13,1828,1828,37,0,0,,26,2,26,43,25
2023,11,24,4,HA,1410,IAD,SFO,2122,2122,0,29,2122,223,234,198,1566,105,7,105,105,-11,0,0,,0,0,0,0,0
2023,12,8,3,NK,8206,ATL,EWR,1309,1309,5,17,1309,303,316,288,2137,1812,11,1812,1812,15,0,0,,0,0,0,0,0
2023,10,21,6,HA,257,ATL,SAN,518,518,4,13,518,337,329,302,2476,1055,14,1055,1055,-1,0,0,,0,0,0,0,0
2023,8,15,4,AS,1722,HOU,DAL,1533,1533,13,26,1533,141,148,115,907,1754,7,1754,1754,-5,0,0,,0,0,0,0,0
2023,6,22,5,AA,1424,EWR,LGA,950,950,0,32,950,376,389,345,2560,1606,12,1606,1606,-4,0,0,,0,0,0,0,0
2023,12,20,2,DL,4954,MSP,PHL,1323,1323,-30,24,1323,283,283,245,1922,1806,14,1806,1806,-33,0,0,,0,0,0,0,0
2023,8,28,6,UA,2991,MIA,SLC,1545,1545,7,26,1545,98,117,80,320,1723,11,1723,1723,20,0,0,,13,0,28,35,14
2023,12,14,1,AS,1196,TPA,BOS,1240,1240,21,20,1240,183,175,147,1224,1543,8,1543,1543,22,0,0,,19,7,22,54,14
2023,5,27,4,F9,4560,SAN,JFK,2147,2147,38,24,2147,214,206,170,1501,121,12,121,121,51,0,0,,13,9,5,37,7
2023,8,9,4,DL,4366,JFK,EWR,1615,1615,10,30,1615,145,162,121,814,1840,11,1840,1840,3,0,0,,0,0,0,0,0
2023,10,8,7,HA,1245,JFK,SEA,516,516,-17,25,516,113,102,60,741,709,17,709,709,-2,0,0,,0,0,0,0,0
2023,12,26,6,F9,6767,MIA,SFO,1236,1236,53,18,1236,193,214,183,1318,1549,13,1549,1549,81,0,0,,18,7,30,3,15
2023,4,28,6,F9,5303,IAD,LAX,531,531,2,34,531,351,352,311,2471,1122,7,1122,1122,8,0,0,,0,0,0,0,0
2023,10,26,3,B6,1307,EWR,HOU,2110,2110,10,27,2110,373,379,345,2705,323,7,323,323,21,0,0,,22,0,41,31,1
2023,8,17,7,F9,2403,DFW,PHX,733,733,0,27,733,358,356,325,2560,1331,4,1331,1331,10,0,0,,0,0,0,0,0
2023,10,2,5,AS,497,SAN,HOU,1834,1834,-30,20,1834,237,259,232,1498,2231,7,2231,2231,-40,0,0,,0,0,0,0,0
2023,12,25,3,B6,3400,DFW,SLC,1423,1423,11,31,1423,154,170,124,997,1657,15,1657,1657,18,0,0,,3,2,11,57,23
2023,2,24,7,G4,910,HOU,DAL,659,659,11,18,659,336,334,300,2495,1235,16,1235,1235,15,0,0,,0,0,0,0,0
2023,12,3,3,NK,373,LAX,JFK,1839,1839,29,27,1839,105,109,71,643,2024,11,2024,2024,24,0,0,,16,7,37,23,3
2023,12,8,5,F9,6237,MDW,DAL,2154,2154,70,26,2154,137,143,102,695,11,15,11,11,51,0,0,,25,4,7,57,3
2023,5,12,7,AA,1345,SAN,DEN,1604,1604,18,17,1604,370,384,352,2501,2214,15,2214,2214,26,0,0,,13,0,48,33,22
2023,9,1,7,UA,8516,MIA,PHL,1328,1328,19,10,1328,237,254,236,1640,1725,8,1725,1725,6,0,0,,0,0,0,0,0
2023,4,10,1,F9,2432,SFO,ATL,2237,2237,40,28,2237,153,142,95,1053,110,19,110,110,62,0,0,,35,6,42,2,5
2023,11,20,3,G4,4671,PHL,DAL,947,947,91,13,947,358,360,338,2436,1545,9,1545,1545,81,0,0,,19,1,32,37,2
2023,6,3,3,WN,2785,LAS,DTW,1352,1352,24,14,1352,268,259,238,1690,1820,7,1820,1820,8,0,0,,0,0,0,0,0
2023,1,6,4,HA,9408,LAS,EWR,947,947,-30,28,947,165,178,133,1033,1232,17,1232,1232,-30,0,0,,0,0,0,0,0
2023,9,7,5,HA,1696,SEA,SLC,1353,1353,17,30,1353,347,340,291,2607,1940,19,1940,1940,13,0,0,,0,0,0,0,0
2023,1,20,2,G4,1908,IAH,MCO,616,616,63,27,616,367,358,323,2515,1223,8,1223,1223,84,0,0,,23,3,2,19,16
2023,5,23,1,WN,4815,ATL,ORD,2157,2157,-1,12,2157,371,362,337,2722,408,13,408,408,-9,0,0,,0,0,0,0,0
2023,4,25,7,HA,781,SLC,DEN,833,833,31,29,833,174,164,116,1054,1127,19,1127,1127,27,0,0,,28,8,47,7,11
2023,12,27,7,HA,1020,LGA,SAN,2154,2154,44,16,2154,121,145,118,769,2355,11,2355,2355,33,0,0,,13,6,7,34,28
2023,3,18,7,HA,1404,SLC,DAL,2234,2234,41,29,2234,167,178,134,1102,121,15,121,121,43,0,0,,10,6,29,48,11
2023,6,11,1,G4,1427,MIA,PHX,915,915,11,17,915,104,92,56,469,1059,19,1059,1059,5,0,0,,0,0,0,0,0
2023,2,19,7,NK,8856,IAD,SEA,2224,2224,-3,21,2224,171,156,123,1025,115,12,115,115,-14,0,0,,0,0,0,0,0
2023,3,5,7,UA,5869,LAX,BWI,636,636,18,18,636,352,342,318,2526,1228,6,1228,1228,15,0,0,,0,0,0,0,0
2023,5,19,5,G4,11,PHX,LGA,1159,1159,19,24,1159,302,317,280,2050,1701,13,1701,1701,15,0,0,,0,0,0,0,0
2023,9,11,6,WN,6331,HOU,DAL,1607,1607,28,18,1607,152,137,112,902,1839,7,1839,1839,19,0,0,,20,1,22,30,4
2023,2,24,6,F9,9231,MDW,LAX,528,528,17,14,528,244,233,215,1529,932,4,932,932,10,0,0,,0,0,0,0,0
2023,10,12,4,NK,2826,DFW,LAS,2251,2251,13,18,2251,200,203,171,1187,211,14,211,211,27,0,0,,13,4,29,45,2
2023,8,10,4,NK,7465,PHL,BOS,1325,1325,17,20,1325,64,53,25,220,1429,8,1429,1429,13,0,0,,0,0,0,0,0
2023,2,8,7,F9,3004,DTW,MDW,1745,1745,36,34,1745,270,259,218,1985,2215,7,2215,2215,19,0,0,,34,2,45,0,28
2023,11,24,5,AA,9268,FLL,DTW,2214,2214,18,26,2214,255,270,226,1696,229,18,229,229,12,0,0,,0,0,0,0,0
2023,5,28,7,B6,7196,MSP,PHX,1002,1002,-1,13,1002,51,42,20,255,1053,9,1053,1053,2,0,0,,0,0,0,0,0
2023,7,28,4,UA,6721,MDW,ATL,1224,1224,-5,9,1224,139,138,120,919,1443,9,1443,1443,-18,0,0,,0,0,0,0,0
2023,8,9,1,UA,3089,IAH,MIA,2041,2041,22,21,2041,307,304,267,2159,148,16,148,148,40,0,0,,27,7,46,35,13
2023,1,4,1,AA,1790,HOU,PHL,1022,1022,-30,23,1022,340,336,300,2393,1602,13,1602,1602,-13,0,0,,0,0,0,0,0
2023,6,5,2,B6,3037,DAL,PHL,1155,1155,-30,14,1155,319,322,299,2342,1714,9,1714,1714,-6,0,0,,0,0,0,0,0
2023,1,21,6,UA,7378,SEA,LGA,1833,1833,67,8,1833,214,211,197,1523,2207,6,2207,2207,64,0,0,,30,9,14,22,1
2023,2,8,5,WN,7599,MIA,DEN,1102,1102,22,9,1102,361,372,346,2668,1703,17,1703,1703,-4,0,0,,0,0,0,0,0
2023,1,23,3,DL,4839,LAS,SEA,1134,1134,24,16,1134,272,294,260,1859,1606,18,1606,1606,41,0,0,,18,9,20,29,1
2023,11,9,6,DL,5873,JFK,MDW,1343,1343,-18,32,1343,92,109,67,365,1515,10,1515,1515,-24,0,0,,0,0,0,0,0
2023,5,15,3,UA,3654,TPA,EWR,1729,1729,35,30,1729,181,171,135,1266,2030,6,2030,2030,22,0,0,,12,7,10,44,23
2023,10,15,2,AS,4300,DTW,MDW,1334,1334,9,25,1334,94,91,57,409,1508,9,1508,1508,12,0,0,,0,0,0,0,0
2023,9,16,2,UA,9269,LAX,ORD,1653,1653,-21,28,1653,162,159,115,1083,1935,16,1935,1935,1,0,0,,0,0,0,0,0
2023,6,14,7,F9,974,SLC,JFK,1249,1249,49,27,1249,126,123,80,724,1455,16,1455,1455,56,0,0,,4,7,12,48,10
2023,11,8,4,F9,7084,SEA,BNA,857,857,27,25,857,267,271,229,1714,1324,17,1324,1324,36,0,0,,8,4,44,57,19
2023,11,18,2,B6,5495,SAN,PHX,1152,1152,7,25,1152,284,304,261,1960,1636,18,1636,1636,4,0,0,,0,0,0,0,0
2023,1,10,2,HA,9492,IAH,MIA,1931,1931,-6,17,1931,89,110,80,434,2100,13,2100,2100,-7,0,0,,0,0,0,0,0
2023,1,28,3,NK,3407,JFK,FLL,2018,2018,-30,15,2018,364,357,323,2681,222,19,222,222,-19,0,0,,0,0,0,0,0
2023,2,20,4,WN,5151,MCO,DAL,1121,1121,17,28,1121,316,317,285,2104,1637,4,1637,1637,15,0,0,,0,0,0,0,0
2023,9,6,2,AA,9351,SEA,DTW,933,933,26,15,933,350,369,336,2569,1523,18,1523,1523,35,0,0,,31,9,44,33,22
2023,3,12,6,UA,3130,HOU,SAN,1431,1431,-1,9,1431,76,78,52,219,1547,17,1547,1547,11,0,0,,0,0,0,0,0
2023,1,2,2,HA,105,BOS,ATL,1601,1601,26,25,1601,115,124,81,528,1756,18,1756,1756,31,0,0,,34,0,37,8,9
2023,5,7,4,HA,7434,IAD,MSP,1452,1452,-29,18,1452,225,224,195,1452,1837,11,1837,1837,-40,0,0,,0,0,0,0,0
2023,7,16,7,WN,7690,DAL,MDW,2037,2037,1,18,2037,338,345,317,2499,215,10,215,215,4,0,0,,0,0,0,0,0
2023,6,3,5,AA,3568,MIA,SFO,1844,1844,-3,26,1844,89,74,33,404,2013,15,2013,2013,-2,0,0,,0,0,0,0,0
2023,12,13,4,F9,4349,BOS,MIA,728,728,21,18,728,268,290,260,1857,1156,12,1156,1156,22,0,0,,22,5,32,25,21
2023,1,3,3,G4,4391,PHX,MCO,1820,1820,29,17,1820,127,129,94,841,2027,18,2027,2027,18,0,0,,25,6,25,52,7
2023,5,27,5,WN,6812,FLL,DAL,2204,2204,28,15,2204,238,223,191,1437,202,17,202,202,10,0,0,,0,0,0,0,0
2023,5,18,6,HA,1182,MIA,EWR,1251,1251,-21,22,1251,177,200,160,983,1548,18,1548,1548,-10,0,0,,0,0,0,0,0
2023,6,11,1,DL,4645,MSP,CLT,1908,1908,-15,15,1908,372,366,345,2621,120,6,120,120,-15,0,0,,0,0,0,0,0
2023,3,8,4,UA,5874,IAD,DFW,522,522,54,26,522,330,345,304,2410,1052,15,1052,1052,55,0,0,,33,2,17,23,28
2023,5,6,7,B6,4395,MDW,FLL,1305,1305,60,8,1305,326,348,329,2185,1831,11,1831,1831,45,0,0,,12,4,38,20,12
2023,7,1,3,DL,3535,DEN,JFK,601,601,26,30,601,297,288,253,2117,1058,5,1058,1058,41,0,0,,24,9,13,21,13
2023,5,28,6,HA,5845,IAD,TPA,1334,1334,-17,27,1334,58,80,41,249,1432,12,1432,1432,0,0,0,,0,0,0,0,0
2023,5,1,5,NK,5940,MSP,LAS,817,817,47,10,817,296,288,274,2002,1313,4,1313,1313,46,0,0,,13,2,20,21,5
2023,5,23,6,AS,6476,IAD,PHL,1407,1407,-30,28,1407,342,360,317,2505,1949,15,1949,1949,-26,0,0,,0,0,0,0,0
2023,10,8,4,AA,1775,JFK,MCO,1256,1256,4,19,1256,368,361,329,2672,1904,13,1904,1904,16,0,0,,39,7,3,56,8
2023,10,5,2,F9,8284,CLT,DEN,1438,1438,-17,23,1438,271,280,247,1721,1909,10,1909,1909,-8,0,0,,0,0,0,0,0
2023,3,28,7,UA,447,BOS,MDW,1354,1354,1,29,1354,73,84,38,261,1507,17,1507,1507,6,0,0,,0,0,0,0,0
2023,1,16,4,B6,109,TPA,PHX,1716,1716,25,23,1716,91,82,46,332,1847,13,1847,1847,36,0,0,,24,7,10,46,1
2023,5,11,1,G4,3240,SLC,LAS,1106,1106,-2,24,1106,370,386,345,2794,1716,17,1716,1716,17,0,0,,26,4,19,9,29
2023,9,5,4,F9,5932,IAH,LAX,1415,1415,-2,23,1415,89,82,55,314,1544,4,1544,1544,-15,0,0,,0,0,0,0,0
2023,1,4,5,UA,4054,JFK,DTW,1641,1641,11,16,1641,318,319,285,2287,2159,18,2159,2159,-1,0,0,,0,0,0,0,0
2023,3,6,5,G4,4538,IAD,LGA,1529,1529,7,29,1529,300,319,281,2173,2029,9,2029,2029,-1,0,0,,0,0,0,0,0
2023,4,14,4,B6,6362,SLC,ATL,1342,1342,8,26,1342,124,124,94,604,1546,4,1546,1546,-9,0,0,,0,0,0,0,0
2023,1,22,5,HA,1246,HOU,SAN,945,945,-14,8,945,359,345,321,2435,1544,16,1544,1544,-11,0,0,,0,0,0,0,0
2023,1,19,2,AS,2721,BNA,LGA,631,631,14,32,631,330,345,306,2172,1201,7,1201,1201,21,0,0,,14,1,48,12,18
2023,8,9,6,DL,8470,CLT,MIA,1616,1616,-4,25,1616,375,375,340,2731,2231,10,2231,2231,-2,0,0,,0,0,0,0,0
2023,2,12,4,DL,7742,MIA,MCO,2204,2204,27,33,2204,142,159,121,876,26,5,26,26,19,0,0,,0,9,33,28,27
2023,12,11,7,HA,5106,PHX,LAX,2045,2045,40,13,2045,331,336,317,2255,216,6,216,216,50,0,0,,10,3,3,13,5
2023,8,14,2,F9,2923,DFW,BNA,2007,2007,15,13,2007,134,135,115,691,2221,7,2221,2221,16,0,0,,14,1,26,3,26
2023,7,23,6,HA,2514,SFO,LAS,1331,1331,43,19,1331,306,325,287,2087,1837,19,1837,1837,43,0,0,,32,0,38,7,7
2023,10,16,7,HA,9031,LAX,EWR,754,754,-30,10,754,186,177,158,1171,1100,9,1100,1100,-10,0,0,,0,0,0,0,0
2023,10,1,7,UA,2802,JFK,SLC,1140,1140,-13,18,1140,352,365,331,2599,1732,16,1732,1732,-11,0,0,,0,0,0,0,0
2023,2,13,7,UA,6982,JFK,SAN,1453,1453,32,13,1453,162,157,129,991,1735,15,1735,1735,54,0,0,,38,7,25,26,5
2023,6,23,6,B6,8222,DTW,HOU,817,817,-4,21,817,285,299,266,1852,1302,12,1302,1302,-7,0,0,,0,0,0,0,0
2023,6,21,2,AS,6503,HOU,BWI,748,748,-30,25,748,263,265,233,1839,1211,7,1211,1211,0,0,0,,0,0,0,0,0
2023,3,21,7,UA,6039,PHL,IAH,2137,2137,14,23,2137,126,126,85,668,2343,18,2343,2343,2,0,0,,0,0,0,0,0
2023,11,13,7,B6,6230,SEA,CLT,2118,2118,10,31,2118,78,68,28,346,2236,9,2236,2236,17,0,0,,7,5,34,33,6
2023,2,2,3,NK,9450,SEA,SLC,1202,1202,-30,20,1202,335,321,286,2243,1737,15,1737,1737,-31,0,0,,0,0,0,0,0
2023,12,4,4,HA,365,DAL,CLT,1940,1940,56,8,1940,370,364,346,2727,150,10,150,150,63,0,0,,12,9,15,23,5
2023,1,28,6,HA,1801,SEA,BOS,1637,1637,-15,13,1637,223,211,191,1570,2020,7,2020,2020,-16,0,0,,0,0,0,0,0
2023,6,6,6,F9,5959,SEA,DFW,1745,1745,49,21,1745,251,245,215,1838,2156,9,2156,2156,47,0,0,,18,4,30,4,28
2023,12,26,5,NK,9097,ATL,PHX,717,717,13,24,717,181,174,144,1149,1018,6,1018,1018,5,0,0,,0,0,0,0,0
2023,5,27,6,F9,7437,LAX,SFO,748,748,-16,32,748,305,313,273,2271,1253,8,1253,1253,0,0,0,,0,0,0,0,0
2023,11,23,2,G4,4794,MIA,MSP,840,840,-28,20,840,278,267,232,1787,1318,15,1318,1318,-30,0,0,,0,0,0,0,0
2023,9,27,6,B6,8161,EWR,ATL,1905,1905,2,20,1905,360,379,344,2532,105,15,105,105,24,0,0,,32,2,5,16,9
2023,1,5,3,B6,180,DFW,PHX,949,949,40,16,949,307,295,265,2020,1456,14,1456,1456,24,0,0,,29,7,34,29,3
2023,7,25,4,HA,3874,BNA,ATL,744,744,1,13,744,127,146,120,782,951,13,951,951,-13,0,0,,0,0,0,0,0
2023,5,3,4,WN,3961,IAD,CLT,1615,1615,-11,13,1615,125,122,102,724,1820,7,1820,1820,4,0,0,,0,0,0,0,0
2023,5,1,6,G4,1187,ORD,JFK,942,942,-12,32,942,347,368,326,2493,1529,10,1529,1529,-15,0,0,,0,0,0,0,0
2023,2,4,7,B6,774,IAH,PHL,1155,1155,33,12,1155,200,216,195,1257,1515,9,1515,1515,30,0,0,,8,7,12,48,9
2023,11,25,1,UA,4461,BWI,ORD,1707,1707,31,32,1707,184,169,118,1188,2011,19,2011,2011,24,0,0,,23,8,47,48,9
2023,3,20,1,HA,353,SLC,MIA,1520,1520,42,28,1520,294,289,251,2040,2014,10,2014,2014,22,0,0,,38,4,13,17,9
2023,7,2,7,F9,6944,SEA,DEN,2209,2209,17,21,2209,119,129,99,627,8,9,8,8,16,0,0,,11,8,40,25,6
2023,6,26,7,NK,5203,PHX,LAS,1326,1326,21,21,1326,339,326,286,2516,1905,19,1905,1905,35,0,0,,26,2,7,14,19
2023,12,5,7,F9,5345,SLC,TPA,1741,1741,-7,11,1741,360,357,331,2676,2341,15,2341,2341,8,0,0,,0,0,0,0,0
2023,2,3,2,DL,4508,FLL,TPA,903,903,1,9,903,353,369,355,2565,1456,5,1456,1456,6,0,0,,0,0,0,0,0
2023,6,28,1,WN,4831,BWI,MIA,752,752,-14,9,752,94,101,75,516,926,17,926,926,3,0,0,,0,0,0,0,0
2023,2,9,7,B6,118,DEN,HOU,1919,1919,-24,24,1919,279,286,252,1986,2358,10,2358,2358,-31,0,0,,0,0,0,0,0
2023,2,20,2,AS,482,PHX,HOU,743,743,31,17,743,345,359,323,2575,1328,19,1328,1328,24,0,0,,35,1,10,19,25
2023,2,6,5,AA,4288,BNA,ATL,1735,1735,5,21,1735,257,247,215,1865,2152,11,2152,2152,11,0,0,,0,0,0,0,0
2023,11,18,2,WN,6803,TPA,MDW,1458,1458,56,26,1458,371,362,326,2660,2109,10,2109,2109,48,0,0,,16,0,34,3,23
2023,3,6,1,HA,8299,PHL,MCO,2212,2212,34,24,2212,254,268,237,1767,226,7,226,226,28,0,0,,4,3,35,36,4
2023,2,19,6,B6,4478,ATL,FLL,520,520,23,29,520,65,86,50,162,625,7,625,625,7,0,0,,0,0,0,0,0
2023,4,28,5,NK,6534,MSP,DEN,815,815,16,18,815,137,153,120,685,1032,15,1032,1032,-9,0,0,,0,0,0,0,0
2023,9,12,1,B6,244,HOU,TPA,1007,1007,0,14,1007,357,347,325,2467,1604,8,1604,1604,12,0,0,,0,0,0,0,0
2023,6,25,2,AA,7013,DAL,DEN,1946,1946,68,16,1946,108,127,94,525,2134,17,2134,2134,63,0,0,,3,9,15,22,19
2023,1,11,3,NK,866,SLC,LAS,1946,1946,20,21,1946,276,292,259,1874,22,12,22,22,30,0,0,,25,5,27,34,28
2023,8,2,4,F9,9754,SAN,MDW,1756,1756,33,30,1756,78,74,36,406,1914,8,1914,1914,25,0,0,,29,6,44,42,4
2023,12,15,1,NK,5330,LAX,BNA,622,622,-9,11,622,323,311,295,2414,1145,5,1145,1145,-14,0,1,D,0,0,0,0,0
2023,7,12,7,WN,604,SFO,TPA,1352,1352,-8,21,1352,129,145,116,599,1601,8,1601,1601,-5,0,0,,0,0,0,0,0
2023,10,12,2,F9,5757,JFK,MDW,1459,1459,33,27,1459,156,175,130,1043,1735,18,1735,1735,40,0,0,,9,2,17,1,17
2023,3,9,7,B6,4019,DEN,PHL,2135,2135,33,31,2135,207,207,160,1334,102,16,102,102,27,0,0,,19,3,7,53,3
2023,1,21,7,HA,5193,DAL,BOS,713,713,-20,27,713,311,310,277,2229,1224,6,1224,1224,-5,0,0,,0,0,0,0,0
2023,5,24,7,G4,2016,DFW,MCO,1338,1338,-30,24,1338,297,283,246,1997,1835,13,1835,1835,-36,0,0,,0,0,0,0,0
2023,4,2,7,HA,9851,LAX,LGA,1146,1146,-30,32,1146,214,204,161,1433,1520,11,1520,1520,-25,0,0,,0,0,0,0,0
2023,10,22,7,B6,3381,MCO,ATL,1454,1454,47,26,1454,235,233,194,1458,1849,13,1849,1849,41,0,0,,12,2,37,39,19
2023,8,3,5,AA,3771,BWI,SAN,1229,1229,16,24,1229,123,136,99,759,1432,13,1432,1432,30,0,0,,22,5,46,27,10
2023,1,12,1,G4,5830,DEN,BNA,1018,1018,-2,32,1018,159,169,121,1066,1257,16,1257,1257,3,0,0,,0,0,0,0,0
2023,10,28,1,B6,1614,DTW,MSP,1246,1246,52,34,1246,386,388,349,2739,1912,5,1912,1912,67,0,0,,21,3,41,31,25
2023,1,26,4,AS,1880,MCO,TPA,539,539,-30,34,539,267,255,204,1775,1006,17,1006,1006,-40,0,0,,0,0,0,0,0
2023,12,16,2,WN,5373,SLC,TPA,1251,1251,-19,21,1251,71,92,57,297,1402,14,1402,1402,-13,0,0,,0,0,0,0,0
2023,4,21,3,AS,4109,BWI,EWR,1855,1855,-15,20,1855,151,173,146,805,2126,7,2126,2126,-9,0,0,,0,0,0,0,0
2023,8,28,5,F9,9292,BNA,SLC,1442,1442,32,33,1442,330,339,298,2264,2012,8,2012,2012,37,0,0,,19,0,36,21,15
2023,5,24,2,DL,9267,EWR,BOS,1147,1147,67,21,1147,373,386,350,2767,1800,15,1800,1800,49,0,0,,27,7,49,28,5
2023,2,26,5,B6,8979,MDW,TPA,639,639,4,33,639,271,289,249,1966,1110,7,1110,1110,26,0,0,,7,2,47,52,22
2023,6,1,1,UA,149,LAS,PHL,739,739,22,23,739,216,216,174,1452,1115,19,1115,1115,21,0,0,,4,3,46,7,12
2023,5,21,7,UA,1755,CLT,IAD,1250,1250,-18,28,1250,119,140,96,592,1449,16,1449,1449,-26,0,0,,0,0,0,0,0
2023,2,3,4,NK,7379,TPA,PHX,2217,2217,61,22,2217,122,136,97,548,19,17,19,19,54,0,0,,19,4,28,11,19
2023,11,20,4,HA,6682,LGA,ATL,2056,2056,30,32,2056,198,205,154,1301,14,19,14,14,24,0,0,,15,5,27,22,4
2023,11,2,6,HA,3757,IAD,SLC,1308,1308,25,26,1308,376,396,362,2679,1924,8,1924,1924,57,0,0,,19,0,20,37,18
2023,11,9,3,HA,9372,IAD,SEA,931,931,-10,29,931,324,336,294,2383,1455,13,1455,1455,6,0,0,,0,0,0,0,0
2023,3,19,4,AS,9117,DAL,DEN,1719,1719,-2,18,1719,316,301,264,2366,2235,19,2235,2235,1,0,0,,0,0,0,0,0
2023,9,15,7,WN,5393,BOS,JFK,2247,2247,51,19,2247,282,274,241,1857,329,14,329,329,44,0,0,,24,0,37,11,4
2023,7,18,1,B6,9796,LGA,SLC,1008,1008,24,18,1008,318,317,283,2137,1526,16,1526,1526,34,0,0,,35,6,14,54,13
2023,7,26,3,AA,3053,LAS,PHL,946,946,45,30,946,275,293,256,1820,1421,7,1421,1421,52,0,0,,9,1,1,20,3
2023,11,11,2,NK,5693,SLC,HOU,1027,1027,38,12,1027,238,241,213,1731,1425,16,1425,1425,-1,0,0,,0,0,0,0,0
2023,6,25,7,F9,4219,MSP,IAH,1725,1725,-20,15,1725,109,123,102,656,1914,6,1914,1914,-7,0,0,,0,0,0,0,0
2023,8,23,7,G4,4804,JFK,BWI,1329,1329,-5,33,1329,360,354,317,2718,1929,4,1929,1929,-2,0,1,C,0,0,0,0,0
2023,4,16,4,F9,2378,BWI,SLC,2253,2253,19,13,2253,88,99,69,310,21,17,21,21,2,0,1,A,0,0,0,0,0
2023,8,22,3,B6,5087,CLT,SLC,2128,2128,13,23,2128,117,121,91,489,2325,7,2325,2325,24,0,0,,30,5,0,14,28
2023,4,17,1,DL,3183,SLC,JFK,1656,1656,-20,19,1656,285,294,263,1975,2141,12,2141,2141,12,0,0,,0,0,0,0,0
2023,8,5,6,HA,3161,BOS,CLT,1655,1655,38,13,1655,254,247,230,1648,2109,4,2109,2109,41,0,0,,19,5,3,42,5
2023,9,12,5,G4,6577,DFW,PHX,1116,1116,0,20,1116,257,281,242,1773,1533,19,1533,1533,15,0,0,,0,0,0,0,0
2023,3,11,5,AS,8904,DAL,MIA,2016,2016,5,14,2016,233,251,227,1636,9,10,9,9,28,0,0,,1,3,13,23,11
2023,3,15,1,B6,2587,EWR,BWI,1346,1346,31,15,1346,248,253,232,1656,1754,6,1754,1754,18,0,0,,10,3,48,7,21
2023,11,27,1,DL,2649,ATL,LAX,539,539,-6,19,539,190,198,160,1326,849,19,849,849,-25,0,0,,0,0,0,0,0
2023,2,3,5,AS,7314,BWI,LGA,1315,1315,48,9,1315,174,165,145,972,1609,11,1609,1609,51,0,1,D,22,7,11,27,12
2023,10,1,6,DL,1718,HOU,ORD,1538,1538,-11,30,1538,166,154,115,934,1824,9,1824,1824,-10,0,0,,0,0,0,0,0
2023,3,20,3,HA,5309,DAL,SLC,2243,2243,21,16,2243,66,58,26,280,2349,16,2349,2349,3,0,0,,0,0,0,0,0
2023,3,16,5,AS,7408,PHL,DFW,1735,1735,32,20,1735,234,231,207,1625,2129,4,2129,2129,28,0,0,,16,9,47,42,2
2023,5,2,1,WN,871,ATL,BOS,1558,1558,11,24,1558,374,379,337,2713,2212,18,2212,2212,20,0,0,,9,3,20,36,12
2023,5,2,4,UA,3575,LAS,BNA,1714,1714,-19,20,1714,250,269,236,1649,2124,13,2124,2124,-16,0,0,,0,0,0,0,0
2023,2,3,2,F9,5828,MIA,BNA,945,945,34,23,945,382,371,340,2733,1607,8,1607,1607,21,0,0,,37,0,11,52,2
2023,12,8,6,WN,7987,DFW,BWI,1525,1525,27,8,1525,162,154,129,930,1807,17,1807,1807,22,0,0,,13,8,19,36,25
2023,10,24,7,G4,8463,BNA,JFK,2203,2203,-4,14,2203,275,261,232,1857,238,15,238,238,-2,0,0,,0,0,0,0,0
2023,6,28,6,NK,9736,BWI,SFO,1859,1859,55,20,1859,270,278,242,1919,2329,16,2329,2329,26,0,0,,31,0,32,20,8
2023,5,15,4,UA,8742,PHX,EWR,518,518,17,21,518,220,220,188,1468,858,11,858,858,15,0,0,,0,0,0,0,0
2023,6,7,4,WN,5770,SFO,CLT,1005,1005,-22,28,1005,296,284,242,2088,1501,14,1501,1501,-33,0,0,,0,0,0,0,0
2023,1,6,7,B6,5734,SEA,SAN,1601,1601,-6,24,1601,224,238,196,1608,1945,18,1945,1945,5,0,1,C,0,0,0,0,0
2023,5,9,1,DL,9905,BNA,ORD,915,915,62,23,915,379,393,351,2785,1534,19,1534,1534,36,0,0,,13,8,25,17,4
2023,9,20,5,G4,3241,PHX,HOU,527,527,3,22,527,117,136,108,525,724,6,724,724,17,0,0,,37,4,32,22,7
2023,12,28,3,B6,9555,CLT,JFK,1059,1059,-12,24,1059,341,338,299,2401,1640,15,1640,1640,-13,0,0,,0,0,0,0,0
2023,10,1,6,UA,4894,LAS,TPA,1107,1107,-27,9,1107,138,159,135,810,1325,15,1325,1325,-27,0,0,,0,0,0,0,0
2023,2,8,7,DL,9477,IAD,LAX,1625,1625,-11,34,1625,336,331,290,2272,2201,7,2201,2201,-4,0,0,,0,0,0,0,0
2023,1,23,6,G4,887,SAN,DAL,957,957,1,33,957,240,243,200,1553,1357,10,1357,1357,-8,0,0,,0,0,0,0,0
2023,10,23,4,NK,5855,MSP,IAH,1444,1444,-13,32,1444,149,151,101,890,1713,18,1713,1713,-6,0,0,,0,0,0,0,0
2023,11,3,5,UA,5319,MCO,LAS,1656,1656,-30,19,1656,89,90,57,453,1825,14,1825,1825,-32,0,0,,0,0,0,0,0
2023,9,4,6,G4,2259,CLT,DTW,2108,2108,48,10,2108,198,193,164,1235,26,19,26,26,36,0,0,,33,0,45,37,8
2023,10,26,3,WN,4383,MIA,FLL,1436,1436,28,16,1436,398,397,372,2767,2114,9,2114,2114,31,0,0,,14,5,9,3,6
2023,9,25,4,G4,1786,BNA,MIA,1322,1322,-19,13,1322,159,151,120,935,1601,18,1601,1601,-28,0,0,,0,0,0,0,0
2023,9,15,3,UA,7728,IAH,PHX,1515,1515,23,33,1515,227,240,190,1360,1902,17,1902,1902,6,0,0,,0,0,0,0,0
2023,6,6,5,HA,296,FLL,TPA,528,528,-17,13,528,89,90,67,378,657,10,657,657,-9,0,0,,0,0,0,0,0
2023,8,15,6,WN,2598,MIA,MIA,1112,1112,11,14,1112,274,284,254,2004,1546,16,1546,1546,11,0,0,,0,0,0,0,0
2023,11,21,2,B6,681,DTW,MIA,1325,1325,13,33,1325,107,96,51,417,1512,12,1512,1512,15,0,0,,0,0,0,0,0
2023,1,3,6,UA,4891,LGA,DTW,1315,1315,0,34,1315,93,81,35,403,1448,12,1448,1448,6,0,0,,0,0,0,0,0
2023,10,25,5,HA,4299,BOS,LAS,746,746,47,15,746,182,190,170,1019,1048,5,1048,1048,43,0,0,,7,1,30,18,12
2023,4,21,6,AA,325,ORD,BOS,716,716,-15,34,716,309,304,264,2284,1225,6,1225,1225,-3,0,0,,0,0,0,0,0
2023,1,21,7,NK,7953,ATL,LGA,2002,2002,-3,10,2002,227,241,224,1354,2349,7,2349,2349,1,0,0,,0,0,0,0,0
2023,8,14,6,HA,987,DAL,MSP,1502,1502,-22,31,1502,174,198,158,1198,1756,9,1756,1756,-40,0,0,,0,0,0,0,0
2023,1,20,1,AA,3119,FLL,BOS,2042,2042,48,22,2042,357,376,336,2419,239,18,239,239,22,0,0,,36,5,7,39,8
2023,3,14,6,F9,761,DAL,LGA,804,804,-29,29,804,165,182,145,1139,1049,8,1049,1049,0,0,0,,0,0,0,0,0
2023,4,4,6,DL,7759,DFW,SAN,1156,1156,-8,13,1156,97,117,95,546,1333,9,1333,1333,-5,0,0,,0,0,0,0,0
2023,8,12,3,HA,9229,SLC,SEA,608,608,24,18,608,155,160,128,1087,843,14,843,843,34,0,0,,6,2,14,31,13
2023,6,17,2,AS,907,BNA,CLT,823,823,20,10,823,378,400,379,2708,1441,11,1441,1441,15,0,0,,0,0,0,0,0
2023,10,7,3,NK,5500,MSP,SAN,1729,1729,22,23,1729,403,392,364,2758,12,5,12,12,20,0,0,,31,4,39,48,0
2023,12,9,3,HA,365,MIA,LAX,1757,1757,52,13,1757,131,120,88,589,2008,19,2008,2008,41,0,0,,32,9,25,17,22
2023,7,3,4,AA,7770,LGA,SEA,957,957,9,18,957,315,320,293,2077,1512,9,1512,1512,39,0,0,,23,8,13,38,18
2023,8,28,1,AS,3414,LGA,MIA,1710,1710,18,15,1710,335,344,317,2508,2245,12,2245,2245,20,0,0,,0,6,11,31,16
2023,2,13,3,NK,8028,PHX,LGA,953,953,2,30,953,319,313,275,2157,1512,8,1512,1512,-3,0,0,,0,0,0,0,0
2023,10,15,7,AS,7940,BOS,ATL,1421,1421,-29,17,1421,69,72,51,184,1530,4,1530,1530,-40,0,0,,0,0,0,0,0
2023,11,18,5,WN,9262,SEA,SLC,1930,1930,46,17,1930,337,353,317,2414,107,19,107,107,65,0,0,,37,2,30,2,26
2023,8,19,7,AA,3082,PHX,MCO,2032,2032,28,30,2032,150,152,106,870,2302,16,2302,2302,24,0,0,,20,1,3,55,24
2023,3,1,5,G4,5449,PHL,BWI,1019,1019,30,10,1019,115,133,112,668,1214,11,1214,1214,36,0,0,,22,2,29,23,14
2023,7,6,6,WN,3259,TPA,LGA,1526,1526,41,33,1526,98,97,57,418,1704,7,1704,1704,47,0,0,,4,5,3,56,21
2023,3,27,4,NK,2108,DEN,BOS,1921,1921,21,21,1921,137,145,113,787,2138,11,2138,2138,14,0,0,,0,0,0,0,0
2023,7,27,1,NK,7929,DTW,IAH,1722,1722,1,26,1722,366,355,313,2672,2328,16,2328,2328,11,0,0,,0,0,0,0,0
2023,11,23,7,UA,2934,EWR,IAH,851,851,-7,28,851,230,246,200,1498,1241,18,1241,1241,-11,0,0,,0,0,0,0,0
2023,12,27,1,AA,2830,MIA,MSP,2121,2121,-10,28,2121,213,206,171,1529,54,7,54,54,-18,0,0,,0,0,0,0,0
2023,2,27,7,F9,8634,DAL,BOS,1236,1236,11,16,1236,58,47,20,239,1334,14,1334,1334,25,0,0,,4,9,17,40,19
2023,10,2,6,F9,5007,BOS,JFK,1412,1412,41,20,1412,171,160,129,1215,1703,11,1703,1703,35,0,0,,17,8,46,11,19
2023,6,24,5,NK,1560,IAD,TPA,2021,2021,30,16,2021,224,242,214,1538,5,12,5,5,34,0,0,,12,5,7,45,6
2023,3,14,2,F9,1742,EWR,BNA,1618,1618,14,33,1618,263,254,213,1844,2041,8,2041,2041,19,0,0,,19,0,41,56,1
2023,3,6,4,DL,5831,LAX,SFO,538,538,-2,28,538,244,254,218,1539,942,8,942,942,8,0,0,,0,0,0,0,0
2023,9,14,7,UA,7524,JFK,TPA,1057,1057,46,19,1057,331,316,292,2485,1628,5,1628,1628,22,0,0,,20,0,8,25,22
2023,7,4,7,NK,626,BOS,TPA,1357,1357,5,21,1357,99,117,84,630,1536,12,1536,1536,-1,0,0,,0,0,0,0,0
2023,5,21,6,F9,1691,MSP,ATL,1709,1709,-29,12,1709,139,149,123,650,1928,14,1928,1928,-27,0,0,,0,0,0,0,0
2023,12,8,4,AA,8283,BOS,IAD,1634,1634,38,13,1634,276,292,272,1811,2110,7,2110,2110,24,0,0,,17,1,11,1,1
2023,10,3,5,HA,6311,IAD,EWR,2016,2016,40,20,2016,304,300,274,2249,120,6,120,120,41,0,0,,12,3,4,30,15
2023,7,19,5,G4,3007,PHL,IAH,2044,2044,9,20,2044,84,74,49,252,2208,5,2208,2208,24,0,0,,12,1,38,55,27
2023,9,14,7,WN,4303,LAS,LGA,2150,2150,9,31,2150,237,241,204,1597,147,6,147,147,26,0,0,,38,5,14,49,16
2023,1,27,2,WN,1089,MDW,DTW,1112,1112,-30,13,1112,320,323,291,2113,1632,19,1632,1632,-28,0,0,,0,0,0,0,0
2023,7,20,2,DL,6008,DEN,HOU,1653,1653,21,21,1653,251,251,223,1789,2104,7,2104,2104,23,0,0,,34,6,7,24,11
2023,6,17,1,AS,4612,SLC,BNA,1342,1342,-11,18,1342,376,364,334,2667,1958,12,1958,1958,-2,0,0,,0,0,0,0,0
2023,10,25,4,AA,9373,ATL,TPA,1604,1604,-1,20,1604,216,232,203,1477,1940,9,1940,1940,9,0,0,,0,0,0,0,0
2023,12,8,4,AS,7929,JFK,PHX,1907,1907,53,19,1907,377,379,347,2624,124,13,124,124,37,0,1,A,26,3,36,4,3
2023,9,24,5,UA,4491,SAN,MCO,2113,2113,-15,23,2113,266,255,214,1829,139,18,139,139,11,0,0,,0,0,0,0,0
2023,1,14,1,G4,8379,IAH,HOU,747,747,48,13,747,317,307,286,2307,1304,8,1304,1304,54,0,0,,11,7,20,51,15
2023,4,26,6,UA,1598,BOS,LAX,730,730,16,16,730,250,248,216,1738,1140,16,1140,1140,27,0,0,,1,0,48,30,17
2023,9,6,4,NK,3748,IAD,FLL,1144,1144,-30,24,1144,398,400,364,2712,1822,12,1822,1822,-9,0,0,,0,0,0,0,0
2023,4,23,1,AA,2671,FLL,EWR,2044,2044,16,27,2044,66,60,22,217,2150,11,2150,2150,22,0,0,,34,6,13,58,27
2023,10,22,1,NK,8432,ATL,MIA,1034,1034,27,23,1034,346,353,321,2586,1620,9,1620,1620,13,0,0,,0,0,0,0,0
2023,3,16,7,B6,2581,ATL,EWR,1901,1901,8,33,1901,284,286,247,1823,2345,6,2345,2345,7,0,0,,0,0,0,0,0
2023,9,25,5,F9,7433,PHX,IAD,1801,1801,-14,33,1801,115,103,60,457,1956,10,1956,1956,-30,0,0,,0,0,0,0,0
2023,2,19,1,WN,8331,IAH,DTW,545,545,-8,19,545,214,230,193,1525,919,18,919,919,0,0,0,,0,0,0,0,0
2023,4,14,2,HA,2507,MDW,IAH,1424,1424,-30,25,1424,297,287,246,1972,1921,16,1921,1921,-26,0,0,,0,0,0,0,0
2023,6,19,2,NK,4726,JFK,MCO,2147,2147,38,16,2147,179,189,160,1239,46,13,46,46,34,0,0,,14,4,2,10,28
2023,2,3,3,AS,4301,MDW,MIA,610,610,31,10,610,109,99,80,609,759,9,759,759,43,0,0,,17,4,29,44,16
2023,8,10,5,B6,9942,JFK,PHL,1051,1051,-16,17,1051,343,362,326,2544,1634,19,1634,1634,-17,0,0,,0,0,0,0,0
2023,8,19,7,WN,8760,ATL,SLC,1638,1638,-13,18,1638,348,337,304,2522,2226,15,2226,2226,-12,0,0,,0,0,0,0,0
2023,1,9,6,NK,7003,HOU,PHL,1936,1936,41,9,1936,133,131,103,816,2149,19,2149,2149,37,0,0,,23,6,30,17,9
2023,12,28,3,B6,9074,IAH,HOU,2013,2013,-2,15,2013,267,253,220,1772,40,18,40,40,-22,0,0,,0,0,0,0,0
2023,3,20,2,B6,6132,ORD,JFK,1208,1208,-14,27,1208,195,219,178,1206,1523,14,1523,1523,-13,0,0,,0,0,0,0,0
2023,10,13,7,AA,8832,SLC,TPA,1609,1609,-30,18,1609,58,55,20,217,1707,17,1707,1707,-40,0,0,,0,0,0,0,0
2023,9,7,3,UA,4538,MCO,HOU,2148,2148,14,25,2148,325,314,270,2384,313,19,313,313,7,0,0,,0,0,0,0,0
2023,5,14,5,B6,2336,FLL,LAS,1841,1841,18,27,1841,327,347,302,2389,8,18,8,8,28,0,0,,34,9,5,48,21
2023,6,9,7,DL,4322,FLL,HOU,2006,2006,-4,14,2006,208,228,203,1386,2334,11,2334,2334,4,0,0,,0,0,0,0,0
2023,4,27,5,UA,2986,FLL,IAD,737,737,7,21,737,266,269,233,1773,1203,15,1203,1203,1,0,0,,0,0,0,0,0
2023,10,28,1,WN,560,BNA,TPA,833,833,51,14,833,355,359,336,2625,1428,9,1428,1428,46,0,1,D,35,3,10,29,15
2023,2,23,4,WN,714,SLC,DFW,605,605,-16,8,605,238,244,219,1524,1003,17,1003,1003,-24,0,0,,0,0,0,0,0
2023,11,25,1,WN,4594,DFW,BOS,2005,2005,-30,19,2005,340,355,322,2413,145,14,145,145,-24,0,0,,0,0,0,0,0
2023,8,28,5,WN,3989,PHL,LAX,2222,2222,43,8,2222,76,64,43,326,2338,13,2338,2338,74,0,0,,7,4,38,53,7
2023,11,19,7,DL,6204,FLL,MSP,2127,2127,22,10,2127,255,242,225,1738,142,7,142,142,43,0,0,,0,3,5,5,4
2023,6,15,2,NK,257,MCO,SAN,2233,2233,-9,9,2233,223,244,222,1503,216,13,216,216,-5,0,0,,0,0,0,0,0
2023,5,20,6,G4,8769,MDW,IAH,845,845,27,10,845,402,411,382,2758,1527,19,1527,1527,27,0,0,,25,8,42,13,23
2023,9,14,2,B6,38,IAD,TPA,1124,1124,26,11,1124,116,137,111,775,1320,15,1320,1320,12,0,0,,0,0,0,0,0
2023,1,24,7,WN,8653,LAX,SEA,745,745,-30,21,745,89,77,46,328,914,10,914,914,-33,0,0,,0,0,0,0,0
2023,5,6,1,UA,9633,DFW,IAH,1816,1816,10,30,1816,101,124,84,544,1957,10,1957,1957,15,0,0,,0,0,0,0,0
2023,6,21,6,UA,1833,SAN,LAX,1858,1858,95,25,1858,200,191,152,1318,2218,14,2218,2218,76,0,0,,39,5,21,40,28
2023,5,4,7,B6,7601,JFK,MSP,1154,1154,33,30,1154,160,151,110,1025,1434,11,1434,1434,41,0,0,,27,3,8,24,14
2023,6,8,5,NK,5168,HOU,DFW,1319,1319,33,12,1319,186,195,178,1111,1625,5,1625,1625,49,0,0,,25,2,44,38,17
2023,6,17,2,HA,433,SFO,ATL,1208,1208,28,22,1208,96,95,55,347,1344,18,1344,1344,30,0,0,,31,5,7,17,12
2023,7,9,5,HA,4152,MSP,SLC,956,956,4,23,956,185,176,139,1118,1301,14,1301,1301,7,0,0,,0,0,0,0,0
2023,4,1,6,G4,6412,DAL,PHL,1748,1748,52,15,1748,154,142,118,818,2022,9,2022,2022,26,0,1,C,3,6,15,42,25
2023,11,24,6,NK,1752,SFO,MDW,1406,1406,31,31,1406,379,397,349,2654,2025,17,2025,2025,37,0,0,,35,0,18,7,20
2023,8,20,2,B6,4998,DTW,IAH,1054,1054,16,28,1054,234,237,203,1426,1448,6,1448,1448,2,0,0,,0,0,0,0,0
2023,7,25,5,HA,5721,PHL,SEA,1927,1927,-14,33,1927,315,337,293,2060,42,11,42,42,-15,0,0,,0,0,0,0,0
2023,9,14,3,HA,7617,TPA,IAD,1101,1101,11,15,1101,65,76,54,221,1206,7,1206,1206,23,0,0,,4,1,42,20,11
2023,7,11,5,HA,257,TPA,BNA,1819,1819,-2,32,1819,89,78,28,372,1948,18,1948,1948,13,0,0,,0,0,0,0,0
2023,3,21,6,AS,672,BWI,IAD,1016,1016,-3,14,1016,342,339,308,2473,1558,17,1558,1558,-6,0,0,,0,0,0,0,0
2023,3,3,5,DL,490,FLL,ORD,1141,1141,-15,13,1141,233,231,211,1419,1534,7,1534,1534,-16,0,0,,0,0,0,0,0
2023,8,9,7,B6,6890,LAS,DEN,2258,2258,-5,14,2258,213,227,208,1514,231,5,231,231,-11,0,0,,0,0,0,0,0
2023,5,27,1,F9,2097,DAL,JFK,951,951,4,30,951,389,383,337,2770,1620,16,1620,1620,-9,0,0,,0,0,0,0,0
2023,4,14,3,AA,1683,PHL,BWI,1354,1354,-17,26,1354,187,203,168,1073,1701,9,1701,1701,-20,0,0,,0,0,0,0,0
2023,8,9,4,AA,2461,MCO,TPA,1737,1737,-1,29,1737,127,112,74,620,1944,9,1944,1944,-18,0,0,,0,0,0,0,0
2023,6,4,7,NK,4530,PHX,SEA,1003,1003,11,29,1003,380,388,355,2651,1623,4,1623,1623,20,0,0,,3,8,48,26,12
2023,2,27,1,B6,5122,DTW,JFK,1442,1442,33,34,1442,303,316,263,2204,1945,19,1945,1945,35,0,0,,38,6,27,53,26
2023,4,4,4,B6,1976,MSP,JFK,1115,1115,23,32,1115,88,79,32,337,1243,15,1243,1243,28,0,0,,2,7,3,35,0
2023,12,28,2,AA,3217,BWI,DFW,657,657,-3,8,657,322,337,318,2201,1219,11,1219,1219,-12,0,0,,0,0,0,0,0
2023,11,8,4,G4,9582,BOS,SFO,712,712,42,20,712,272,273,247,1818,1144,6,1144,1144,23,0,0,,36,1,22,40,24
2023,4,2,7,AA,4516,BWI,HOU,1717,1717,40,14,1717,199,213,195,1298,2036,4,2036,2036,37,0,0,,18,6,19,40,5
2023,6,9,5,B6,5693,PHX,HOU,1826,1826,40,8,1826,193,202,181,1109,2139,13,2139,2139,37,0,0,,17,2,39,34,0
2023,6,14,7,HA,9777,MIA,SAN,1102,1102,6,17,1102,367,379,358,2722,1709,4,1709,1709,5,0,0,,0,0,0,0,0
2023,1,22,4,G4,4940,MCO,FLL,1120,1120,23,20,1120,134,154,130,779,1334,4,1334,1334,18,0,0,,30,1,47,37,22
2023,8,9,6,WN,5564,ATL,SFO,1020,1020,46,11,1020,154,145,126,924,1254,8,1254,1254,62,0,0,,16,0,0,41,16
2023,6,24,1,F9,2964,HOU,ORD,1844,1844,46,14,1844,114,133,111,509,2038,8,2038,2038,46,0,0,,23,8,40,41,16
2023,3,23,1,AS,4530,SEA,DAL,558,558,36,13,558,131,135,118,667,809,4,809,809,56,0,0,,0,9,10,48,20
2023,9,16,4,DL,6787,LGA,ATL,1850,1850,11,13,1850,223,221,200,1493,2233,8,2233,2233,27,0,0,,4,9,43,46,10
2023,2,17,1,WN,6201,BWI,ATL,1203,1203,22,28,1203,290,304,266,2119,1653,10,1653,1653,41,0,0,,31,0,30,56,19
2023,11,16,6,UA,977,DTW,IAH,1147,1147,38,18,1147,153,138,112,1070,1420,8,1420,1420,21,0,0,,16,0,40,35,11
2023,8,12,7,AA,7346,LAX,JFK,1736,1736,4,30,1736,182,204,162,1084,2038,12,2038,2038,13,0,0,,0,0,0,0,0
2023,10,3,1,F9,46,MSP,MCO,1332,1332,5,16,1332,319,328,305,2136,1851,7,1851,1851,1,0,0,,0,0,0,0,0
2023,3,11,4,AA,1194,MIA,IAD,935,935,11,29,935,154,172,127,1050,1209,16,1209,1209,-9,0,0,,0,0,0,0,0
2023,12,14,3,AA,4513,LAS,BNA,645,645,26,33,645,273,265,220,1878,1118,12,1118,1118,42,0,0,,38,6,5,39,21
2023,5,18,3,WN,4944,ORD,IAH,1358,1358,16,14,1358,379,383,350,2596,2017,19,2017,2017,12,0,0,,0,0,0,0,0
2023,6,21,2,HA,6283,BWI,DFW,1440,1440,-3,16,1440,239,253,222,1519,1839,15,1839,1839,-13,0,0,,0,0,0,0,0
2023,10,21,1,HA,247,TPA,JFK,1823,1823,-27,30,1823,228,216,175,1368,2211,11,2211,2211,-26,0,0,,0,0,0,0,0
2023,6,5,7,AS,3220,LGA,MSP,2007,2007,20,13,2007,342,347,317,2365,149,17,149,149,9,0,0,,0,0,0,0,0
2023,4,16,4,G4,8984,HOU,BNA,2212,2212,-11,26,2212,87,98,56,526,2339,16,2339,2339,-16,0,0,,0,0,0,0,0
2023,3,20,1,AA,637,BNA,LGA,744,744,-30,21,744,265,259,234,1924,1209,4,1209,1209,-26,0,0,,0,0,0,0,0
2023,4,5,5,NK,3776,DFW,BNA,2034,2034,-4,8,2034,248,255,231,1655,42,16,42,42,19,0,0,,27,9,40,56,15
2023,1,3,6,HA,2422,TPA,ATL,800,800,4,33,800,203,220,180,1417,1123,7,1123,1123,-3,0,0,,0,0,0,0,0
2023,4,12,1,B6,9281,LAX,JFK,937,937,47,23,937,200,195,162,1160,1257,10,1257,1257,62,0,0,,5,8,34,24,24
2023,1,1,1,F9,4184,SEA,LAS,1301,1301,10,16,1301,368,371,351,2786,1909,4,1909,1909,21,0,0,,10,0,29,25,7
2023,12,21,3,NK,713,MCO,EWR,532,532,15,30,532,193,188,143,1344,845,15,845,845,20,0,0,,20,2,44,45,10
2023,1,9,6,WN,5846,MSP,MIA,1224,1224,34,22,1224,215,203,170,1380,1559,11,1559,1559,40,0,0,,16,1,45,39,2
2023,10,9,4,WN,5324,SLC,ORD,1313,1313,-30,26,1313,221,228,183,1327,1654,19,1654,1654,-23,0,0,,0,0,0,0,0
2023,6,4,1,AS,6033,CLT,CLT,911,911,21,17,911,335,324,290,2245,1446,17,1446,1446,35,0,0,,33,2,40,38,28
2023,5,3,3,AS,3645,DTW,EWR,914,914,-3,23,914,270,259,217,1822,1344,19,1344,1344,6,0,1,A,0,0,0,0,0
2023,11,17,2,G4,7774,BWI,ORD,621,621,23,32,621,316,318,272,2078,1137,14,1137,1137,2,0,0,,0,0,0,0,0
2023,4,2,6,B6,2109,IAH,BWI,2112,2112,11,10,2112,88,89,74,322,2240,5,2240,2240,15,0,0,,0,0,0,0,0
2023,11,24,3,F9,3615,SEA,LAX,1825,1825,-6,26,1825,393,380,343,2703,58,11,58,58,6,0,0,,0,0,0,0,0
2023,3,1,3,B6,9435,SLC,DAL,1409,1409,2,20,1409,375,367,329,2595,2024,18,2024,2024,0,0,0,,0,0,0,0,0
2023,1,8,7,UA,6958,EWR,DFW,1644,1644,73,21,1644,99,123,88,443,1823,14,1823,1823,66,0,0,,30,9,2,25,20
2023,6,13,3,AS,5280,BOS,TPA,516,516,16,14,516,116,123,93,701,712,16,712,712,8,0,0,,0,0,0,0,0
2023,2,23,7,G4,4333,LGA,FLL,1740,1740,12,9,1740,256,263,247,1620,2156,7,2156,2156,-4,0,0,,0,0,0,0,0
2023,8,15,1,DL,3901,DTW,MIA,1042,1042,-10,33,1042,192,178,134,1189,1354,11,1354,1354,-25,0,0,,0,0,0,0,0
2023,10,8,1,AA,7940,JFK,LAX,1313,1313,-27,21,1313,272,295,270,1812,1745,4,1745,1745,-39,0,0,,0,0,0,0,0
2023,5,12,2,AA,6964,SLC,BOS,604,604,34,30,604,180,185,137,1034,904,18,904,904,39,0,0,,10,7,46,11,11
2023,7,22,5,DL,4569,HOU,ORD,2225,2225,-13,30,2225,221,229,184,1522,206,15,206,206,-39,0,0,,0,0,0,0,0
2023,10,12,5,HA,7839,IAH,MCO,656,656,-17,24,656,195,217,185,1376,1011,8,1011,1011,-20,0,0,,0,0,0,0,0
2023,12,14,5,B6,1846,SLC,MSP,1058,1058,53,20,1058,80,84,52,283,1218,12,1218,1218,38,0,0,,20,5,37,15,14
2023,2,15,7,DL,383,ORD,BWI,1505,1505,-30,33,1505,137,160,117,920,1722,10,1722,1722,-27,0,0,,0,0,0,0,0
2023,8,15,6,G4,4113,SFO,LAS,1608,1608,42,34,1608,374,385,345,2705,2222,6,2222,2222,15,0,1,A,0,0,0,0,0
2023,2,9,6,F9,7070,EWR,CLT,800,800,-8,9,800,182,205,177,1239,1102,19,1102,1102,0,0,0,,0,0,0,0,0
2023,4,19,2,DL,3811,LGA,MSP,812,812,-30,12,812,126,117,98,629,1018,7,1018,1018,-39,0,0,,0,0,0,0,0
2023,1,26,6,G4,1510,SAN,EWR,1207,1207,14,11,1207,146,163,139,1012,1433,13,1433,1433,27,0,0,,16,6,2,2,29
2023,5,20,5,AS,7574,BNA,ORD,702,702,-17,10,702,113,126,106,608,855,10,855,855,-20,0,0,,0,0,0,0,0
2023,9,22,5,NK,1579,MSP,DAL,546,546,23,33,546,135,129,79,775,801,17,801,801,20,0,0,,7,2,19,50,11
2023,1,8,3,WN,880,MSP,HOU,959,959,-15,21,959,91,85,55,308,1130,9,1130,1130,-11,0,0,,0,0,0,0,0
2023,9,21,6,WN,2163,SEA,LGA,2151,2151,-30,18,2151,341,337,303,2358,332,16,332,332,-21,0,0,,0,0,0,0,0
2023,11,19,1,UA,9765,SFO,LGA,907,907,12,15,907,232,219,188,1427,1259,16,1259,1259,13,0,0,,0,0,0,0,0
2023,8,6,1,B6,9841,JFK,LGA,1717,1717,-14,30,1717,304,291,254,2157,2221,7,2221,2221,-15,0,0,,0,0,0,0,0
2023,6,20,3,F9,7715,LAX,BNA,926,926,26,16,926,298,295,273,2070,1424,6,1424,1424,28,0,0,,30,8,20,27,18
2023,7,25,3,NK,1360,BWI,MIA,1429,1429,-21,23,1429,168,183,146,1089,1717,14,1717,1717,-10,0,0,,0,0,0,0,0
2023,3,19,3,NK,4432,PHX,SLC,816,816,-5,10,816,269,280,265,1722,1245,5,1245,1245,-11,0,0,,0,0,0,0,0
2023,1,4,1,AS,8149,MIA,DEN,2002,2002,23,17,2002,345,335,305,2352,147,13,147,147,27,0,0,,30,1,18,1,6
2023,5,23,5,DL,3961,EWR,SFO,920,920,6,8,920,392,403,380,2683,1552,15,1552,1552,21,0,0,,3,4,29,12,7
2023,12,7,3,B6,3812,MDW,LAS,1722,1722,33,16,1722,97,116,88,581,1859,12,1859,1859,39,0,0,,3,5,32,36,9
2023,12,28,2,AA,4243,LAS,LGA,2004,2004,29,23,2004,207,200,171,1200,2331,6,2331,2331,38,0,0,,11,1,21,9,5
2023,2,28,7,NK,4218,LAX,DTW,2234,2234,-2,16,2234,201,191,157,1153,155,18,155,155,2,0,0,,0,0,0,0,0
2023,5,4,3,G4,81,BOS,LGA,2259,2259,27,19,2259,315,305,276,2264,414,10,414,414,14,0,0,,0,0,0,0,0
2023,8,22,7,AA,2733,MDW,SEA,729,729,-30,8,729,400,424,398,2739,1409,18,1409,1409,-33,0,0,,0,0,0,0,0
2023,11,12,4,UA,7834,DAL,MIA,1949,1949,17,23,1949,318,328,301,2293,107,4,107,107,20,0,0,,21,3,3,5,9
2023,9,13,3,DL,2710,DEN,PHL,642,642,7,15,642,76,79,53,364,758,11,758,758,19,0,0,,35,2,49,17,27
2023,2,3,1,DL,2423,CLT,LAX,2215,2215,-19,21,2215,350,350,310,2391,405,19,405,405,19,0,0,,39,3,11,39,20
2023,12,22,6,F9,3642,BWI,MCO,927,927,26,21,927,274,281,256,1820,1401,4,1401,1401,36,0,0,,15,0,35,8,16
2023,3,12,3,NK,668,FLL,LAS,2227,2227,50,17,2227,204,199,167,1463,151,15,151,151,30,0,0,,14,0,3,16,27
2023,3,2,6,AS,2497,SAN,LAS,854,854,-30,8,854,166,166,139,1034,1140,19,1140,1140,-33,0,0,,0,0,0,0,0
2023,1,24,4,HA,3500,SFO,IAD,1739,1739,-2,13,1739,324,337,319,2236,2303,5,2303,2303,28,0,0,,10,0,18,53,5
2023,8,2,2,HA,9637,LAX,SAN,1203,1203,-21,16,1203,313,335,315,2037,1716,4,1716,1716,-18,0,0,,0,0,0,0,0
2023,6,27,6,WN,9538,MSP,SEA,606,606,-30,26,606,157,161,128,1088,843,7,843,843,-23,0,0,,0,0,0,0,0
2023,12,23,7,G4,8081,MIA,SAN,520,520,-4,29,520,159,164,130,1088,759,5,759,759,-13,0,0,,0,0,0,0,0
2023,8,9,5,AA,6824,SLC,SAN,2005,2005,51,23,2005,91,103,76,355,2136,4,2136,2136,64,0,0,,33,2,6,54,5
2023,11,1,3,UA,1190,EWR,SAN,2022,2022,11,26,2022,183,200,170,1091,2325,4,2325,2325,17,0,0,,19,9,11,53,13
2023,9,8,4,WN,6605,ATL,EWR,1753,1753,-29,18,1753,132,156,120,704,2005,18,2005,2005,-32,0,0,,0,0,0,0,0
2023,5,23,4,DL,8651,IAD,JFK,1742,1742,-30,28,1742,380,390,357,2681,2,5,2,2,-35,0,0,,0,0,0,0,0
2023,12,6,6,AA,9405,PHX,MIA,542,542,15,18,542,229,223,196,1669,931,9,931,931,18,0,0,,17,1,20,10,12
2023,3,6,2,B6,9104,SLC,IAD,741,741,32,21,741,168,186,160,920,1029,5,1029,1029,30,0,0,,6,9,12,7,12
2023,5,22,1,NK,1026,JFK,SAN,2008,2008,-20,14,2008,98,91,61,398,2146,16,2146,2146,-5,0,0,,0,0,0,0,0
2023,5,25,3,UA,7786,PHX,FLL,506,506,16,34,506,195,215,163,1247,821,18,821,821,22,0,0,,21,8,5,2,8
2023,5,18,4,B6,72,DTW,MDW,2215,2215,57,33,2215,121,116,67,522,16,16,16,16,47,0,0,,27,9,30,1,20
2023,3,17,2,AS,5547,ORD,BOS,622,622,47,19,622,292,286,252,2004,1114,15,1114,1114,35,0,0,,24,8,8,17,23
2023,11,12,5,NK,2686,ATL,LAX,857,857,0,27,857,175,166,124,984,1152,15,1152,1152,0,0,0,,0,0,0,0,0
2023,10,6,4,AA,9386,EWR,CLT,1318,1318,42,27,1318,127,149,103,851,1525,19,1525,1525,31,0,0,,31,3,15,25,7
2023,4,26,2,NK,7373,TPA,DTW,1923,1923,-20,30,1923,337,337,293,2335,100,14,100,100,-17,0,0,,0,0,0,0,0
2023,9,27,1,WN,1849,PHX,SLC,2029,2029,57,12,2029,372,382,354,2654,241,16,241,241,51,0,0,,15,1,35,36,19
2023,10,8,1,F9,2023,DEN,BNA,1622,1622,-6,8,1622,189,205,192,1091,1931,5,1931,1931,-14,0,0,,0,0,0,0,0
2023,9,19,4,WN,6339,IAD,BWI,1648,1648,-17,18,1648,365,380,351,2641,2253,11,2253,2253,-5,0,0,,0,0,0,0,0
2023,2,28,7,AS,3742,PHX,CLT,2130,2130,15,22,2130,357,373,332,2550,327,19,327,327,10,0,0,,0,0,0,0,0
2023,8,10,4,G4,1299,BWI,DTW,556,556,23,17,556,188,184,159,1145,904,8,904,904,11,0,0,,0,0,0,0,0
2023,8,1,6,B6,4103,DEN,SEA,904,904,61,22,904,152,163,124,943,1136,17,1136,1136,50,0,0,,13,5,36,1,7
2023,7,25,3,WN,905,BNA,EWR,725,725,-8,20,725,351,357,319,2608,1316,18,1316,1316,-2,0,0,,0,0,0,0,0
2023,8,13,2,F9,3027,FLL,LAS,2105,2105,42,22,2105,145,144,111,827,2330,11,2330,2330,39,0,1,C,27,9,13,6,8
2023,3,17,4,G4,6710,LGA,EWR,844,844,3,9,844,301,293,265,1963,1345,19,1345,1345,10,0,0,,0,0,0,0,0
2023,6,3,3,WN,4712,SAN,SFO,2250,2250,-8,29,2250,240,228,184,1711,250,15,250,250,6,0,0,,0,0,0,0,0
2023,1,8,6,DL,8022,BNA,PHL,1017,1017,35,20,1017,100,92,55,602,1157,17,1157,1157,47,0,0,,26,3,7,55,13
2023,7,14,3,F9,5970,DTW,PHX,1554,1554,-11,19,1554,383,390,356,2616,2217,15,2217,2217,-4,0,0,,0,0,0,0,0
2023,1,3,4,B6,2621,LGA,PHX,2232,2232,64,32,2232,371,371,322,2647,443,17,443,443,44,0,0,,18,5,43,53,3
2023,9,16,1,UA,2647,BWI,ATL,2200,2200,53,30,2200,186,204,163,1288,106,11,106,106,44,0,0,,27,0,18,28,21
2023,1,13,2,HA,4866,MCO,PHL,758,758,20,11,758,76,82,56,200,914,15,914,914,7,0,0,,0,0,0,0,0
2023,1,20,2,G4,7346,SAN,DFW,913,913,54,19,913,228,235,211,1542,1301,5,1301,1301,68,0,0,,14,2,38,57,3
2023,7,24,1,DL,2290,SEA,SAN,634,634,51,22,634,268,257,218,1688,1102,17,1102,1102,69,0,0,,33,0,40,36,12
2023,2,17,7,UA,7371,EWR,DFW,1024,1024,2,20,1024,80,101,71,359,1144,10,1144,1144,12,0,0,,0,0,0,0,0
2023,5,13,4,AA,3873,LGA,DFW,1508,1508,-8,9,1508,185,176,155,1037,1813,12,1813,1813,6,0,0,,0,0,0,0,0
2023,8,6,2,F9,9678,IAD,PHX,503,503,-30,27,503,301,322,280,2076,1004,15,1004,1004,-20,0,0,,0,0,0,0,0
2023,8,17,4,DL,7691,PHL,LAX,647,647,61,23,647,156,166,132,999,923,11,923,923,58,0,0,,23,8,35,38,1
2023,3,14,6,NK,1441,BNA,IAH,1245,1245,5,21,1245,304,316,279,2027,1749,16,1749,1749,-13,0,0,,0,0,0,0,0
2023,7,17,4,AA,766,IAD,TPA,758,758,33,28,758,138,126,86,776,1016,12,1016,1016,29,0,0,,8,4,19,39,25
2023,3,8,3,AA,4093,MDW,SLC,1151,1151,-13,9,1151,227,243,218,1608,1538,16,1538,1538,-20,0,0,,0,0,0,0,0
2023,6,11,1,G4,9342,SLC,EWR,1527,1527,23,24,1527,216,238,203,1400,1903,11,1903,1903,25,0,0,,16,4,7,3,19
2023,6,20,7,F9,2667,BWI,DFW,1817,1817,-2,23,1817,141,134,104,812,2038,7,2038,2038,0,0,0,,0,0,0,0,0
2023,3,28,4,DL,8656,DFW,MDW,2240,2240,0,11,2240,77,97,67,417,2357,19,2357,2357,25,0,0,,38,5,35,5,0
2023,7,1,7,AS,5969,LAX,JFK,1540,1540,-2,18,1540,322,332,301,2313,2102,13,2102,2102,11,0,0,,0,0,0,0,0
2023,3,26,7,DL,7642,SAN,ORD,1723,1723,-4,20,1723,256,251,221,1773,2139,10,2139,2139,2,0,0,,0,0,0,0,0
2023,8,7,6,WN,2182,JFK,SFO,1043,1043,24,13,1043,272,276,245,2003,1515,18,1515,1515,19,0,0,,27,0,2,59,10
2023,10,21,5,AA,9835,BNA,JFK,1735,1735,17,24,1735,140,162,126,903,1955,12,1955,1955,37,0,0,,36,7,3,39,15
2023,4,21,1,B6,3889,ORD,FLL,934,934,33,8,934,227,226,206,1502,1321,12,1321,1321,30,0,0,,28,8,43,17,19
2023,1,17,7,AA,841,SFO,DFW,1723,1723,5,16,1723,301,320,297,2018,2224,7,2224,2224,10,0,0,,0,0,0,0,0
2023,4,10,2,AA,5900,MCO,LAS,712,712,-8,28,712,200,193,147,1213,1032,18,1032,1032,-4,0,0,,0,0,0,0,0
2023,7,11,3,HA,4119,SLC,HOU,1302,1302,4,25,1302,92,109,74,331,1434,10,1434,1434,1,0,0,,0,0,0,0,0
2023,11,22,2,NK,566,JFK,LGA,932,932,74,18,932,249,244,217,1663,1341,9,1341,1341,65,0,0,,1,5,18,29,1
2023,4,9,6,AS,6006,MSP,LAS,733,733,29,21,733,153,159,123,1052,1006,15,1006,1006,3,0,0,,0,0,0,0,0
2023,6,9,6,UA,9157,LAX,HOU,907,907,-30,9,907,181,171,147,1292,1208,15,1208,1208,-40,0,0,,0,0,0,0,0
2023,9,24,2,UA,9188,SAN,JFK,1109,1109,12,27,1109,328,349,304,2455,1637,18,1637,1637,16,0,0,,38,2,17,19,6
2023,1,5,1,NK,7227,BOS,DAL,1606,1606,8,18,1606,263,268,244,1656,2029,6,2029,2029,28,0,0,,7,2,13,58,16
2023,5,17,2,AA,9380,PHX,PHL,1036,1036,57,9,1036,364,360,338,2706,1640,13,1640,1640,55,0,0,,22,7,42,35,7
2023,11,9,4,UA,5891,ATL,MDW,929,929,41,11,929,308,299,279,2289,1437,9,1437,1437,28,0,0,,26,6,13,45,12
2023,7,17,2,F9,4312,JFK,CLT,931,931,-16,34,931,324,310,265,2152,1455,11,1455,1455,-29,0,0,,0,0,0,0,0
2023,1,24,3,AS,7737,DEN,SFO,2138,2138,72,20,2138,188,211,186,1334,46,5,46,46,73,0,0,,33,2,2,4,24
2023,4,21,3,UA,8849,IAD,DTW,2031,2031,24,13,2031,60,68,37,298,2131,18,2131,2131,16,0,0,,34,0,33,59,28
2023,6,19,5,NK,2983,PHX,DFW,944,944,37,14,944,339,349,320,2314,1523,15,1523,1523,41,0,0,,16,2,8,34,3
2023,2,27,3,WN,9306,BNA,DEN,1421,1421,-3,29,1421,352,361,326,2655,2013,6,2013,2013,4,0,0,,0,0,0,0,0
2023,10,7,2,UA,6084,SLC,DFW,1612,1612,-30,27,1612,378,382,344,2762,2230,11,2230,2230,-18,0,0,,0,0,0,0,0
2023,5,23,3,AS,557,DTW,DFW,1415,1415,-13,33,1415,336,360,308,2242,1951,19,1951,1951,-9,0,0,,0,0,0,0,0
2023,11,9,1,G4,3020,DAL,MDW,1934,1934,-30,10,1934,293,279,251,1950,27,18,27,27,-19,0,0,,0,0,0,0,0
2023,10,7,7,G4,2581,MIA,PHX,1323,1323,62,11,1323,292,311,293,2171,1815,7,1815,1815,53,0,0,,15,5,4,18,17
2023,1,13,3,F9,8147,SFO,MSP,1326,1326,13,28,1326,299,316,281,1992,1825,7,1825,1825,5,0,0,,0,0,0,0,0
2023,6,11,4,DL,8244,EWR,IAD,1751,1751,-16,27,1751,314,315,283,2186,2305,5,2305,2305,-23,0,0,,0,0,0,0,0
2023,6,14,1,DL,9554,ORD,IAH,1253,1253,14,10,1253,332,338,310,2431,1825,18,1825,1825,-15,0,0,,0,0,0,0,0
2023,4,19,5,UA,9387,MSP,CLT,722,722,9,8,722,242,227,205,1548,1124,14,1124,1124,7,0,0,,0,0,0,0,0
2023,8,11,4,B6,4020,ATL,DAL,2213,2213,47,26,2213,267,288,249,1720,240,13,240,240,60,0,0,,32,7,12,8,6
2023,4,13,2,WN,3139,MDW,LAX,2110,2110,67,34,2110,290,304,255,2023,200,15,200,200,68,0,0,,35,1,25,19,22
2023,8,14,7,NK,9841,MSP,BWI,918,918,8,28,918,309,299,255,2122,1427,16,1427,1427,12,0,0,,0,0,0,0,0
2023,8,13,2,WN,672,SAN,IAH,1022,1022,-21,20,1022,319,317,293,2394,1541,4,1541,1541,-25,0,0,,0,0,0,0,0
2023,5,1,7,G4,778,HOU,SAN,1845,1845,33,21,1845,328,348,317,2222,13,10,13,13,42,0,0,,2,6,38,57,9
2023,4,8,7,UA,4928,MIA,SAN,833,833,23,29,833,368,385,339,2592,1441,17,1441,1441,20,0,0,,1,1,30,58,5
2023,12,12,2,AS,3023,FLL,MDW,1635,1635,-5,23,1635,143,165,135,863,1858,7,1858,1858,17,0,0,,34,7,4,4,12
2023,2,19,4,NK,1861,MDW,SFO,1026,1026,56,11,1026,277,300,280,1958,1503,9,1503,1503,38,0,0,,26,8,6,9,15
2023,11,12,4,WN,3140,SEA,TPA,911,911,19,24,911,78,68,33,372,1029,11,1029,1029,9,0,0,,0,0,0,0,0
2023,3,8,7,AS,1075,SLC,CLT,759,759,-19,17,759,183,193,162,1013,1102,14,1102,1102,-24,0,0,,0,0,0,0,0
2023,3,8,4,NK,9909,MIA,DFW,1125,1125,15,14,1125,142,150,126,679,1347,10,1347,1347,-3,0,0,,0,0,0,0,0
2023,4,21,7,WN,9476,EWR,SFO,1739,1739,8,20,1739,191,208,172,1361,2050,16,2050,2050,-2,0,0,,0,0,0,0,0
2023,4,13,7,F9,6764,LAX,DAL,1511,1511,13,32,1511,247,239,190,1575,1918,17,1918,1918,14,0,0,,0,0,0,0,0
2023,10,12,1,G4,1987,DAL,MSP,1812,1812,-14,20,1812,357,375,345,2454,9,10,9,9,-18,0,0,,0,0,0,0,0
2023,11,16,6,AA,9194,HOU,TPA,2138,2138,-3,29,2138,159,177,139,803,17,9,17,17,-40,0,0,,0,0,0,0,0
2023,11,1,1,NK,6328,HOU,JFK,2149,2149,85,21,2149,188,196,161,1309,57,14,57,57,87,0,0,,19,8,46,59,16
2023,5,13,2,G4,1047,BOS,MDW,949,949,-3,13,949,293,279,259,1992,1442,7,1442,1442,-21,0,0,,0,0,0,0,0
2023,4,26,6,HA,2177,SFO,JFK,1301,1301,-30,23,1301,370,362,332,2788,1911,7,1911,1911,-16,0,0,,0,0,0,0,0
2023,11,7,3,B6,2339,PHX,LAX,2043,2043,60,16,2043,111,120,92,593,2234,12,2234,2234,53,0,0,,22,2,27,27,13
2023,10,28,2,UA,501,ATL,SAN,1827,1827,-13,27,1827,383,397,356,2615,50,14,50,50,16,0,0,,28,9,46,17,29
2023,8,26,5,HA,2234,JFK,SEA,1321,1321,-30,23,1321,112,128,97,723,1513,8,1513,1513,-12,0,0,,0,0,0,0,0
2023,6,5,1,AS,4609,PHX,HOU,754,754,11,28,754,314,328,288,2326,1308,12,1308,1308,5,0,0,,0,0,0,0,0
2023,6,8,4,NK,7235,CLT,MDW,1939,1939,50,28,1939,188,179,133,1160,2247,18,2247,2247,36,0,0,,26,6,23,30,13
2023,8,25,1,UA,7973,MCO,SFO,1715,1715,51,19,1715,114,122,89,490,1909,14,1909,1909,63,0,0,,29,6,23,40,3
2023,7,27,4,UA,6611,MSP,MDW,625,625,4,23,625,236,229,191,1430,1021,15,1021,1021,-12,0,0,,0,0,0,0,0
2023,10,14,6,HA,601,MDW,IAD,1916,1916,16,12,1916,74,74,50,249,2030,12,2030,2030,18,0,0,,11,7,48,56,20
2023,11,23,5,HA,4285,TPA,SAN,1249,1249,-9,31,1249,334,320,282,2236,1823,7,1823,1823,-7,0,0,,0,0,0,0,0
2023,12,13,6,AA,9181,SAN,IAH,1250,1250,-15,18,1250,354,373,350,2460,1844,5,1844,1844,-15,0,0,,0,0,0,0,0
2023,10,15,5,WN,4484,SLC,LAS,1857,1857,32,8,1857,90,108,95,299,2027,5,2027,2027,33,0,0,,26,0,24,20,0
2023,8,23,1,NK,5902,PHL,EWR,1027,1027,8,17,1027,260,266,237,1806,1447,12,1447,1447,11,0,1,B,0,0,0,0,0
2023,2,17,4,G4,6130,BOS,IAD,1803,1803,30,18,1803,242,245,215,1503,2205,12,2205,2205,33,0,0,,39,5,27,44,5
2023,9,15,6,DL,1755,BOS,BWI,2027,2027,19,22,2027,187,192,164,1293,2334,6,2334,2334,20,0,0,,10,7,38,55,4
2023,1,20,5,NK,2465,DFW,DTW,2201,2201,-2,33,2201,256,252,201,1757,217,18,217,217,5,0,0,,0,0,0,0,0
2023,8,18,7,NK,4483,DEN,MIA,2056,2056,38,34,2056,327,322,280,2416,223,8,223,223,35,0,0,,8,5,30,34,29
2023,12,18,2,NK,9687,BNA,SLC,955,955,17,10,955,295,298,280,1987,1450,8,1450,1450,9,0,0,,0,0,0,0,0
2023,11,2,2,UA,9045,SLC,FLL,2211,2211,-30,31,2211,107,97,61,393,2358,5,2358,2358,-23,0,0,,0,0,0,0,0
2023,12,4,6,AS,7401,IAH,PHX,1559,1559,22,22,1559,145,143,102,736,1824,19,1824,1824,12,0,0,,0,0,0,0,0
2023,12,1,4,UA,6807,PHL,SFO,1511,1511,5,18,1511,387,404,381,2715,2138,5,2138,2138,-3,0,0,,0,0,0,0,0
2023,4,4,7,AS,8644,MCO,IAD,1411,1411,38,16,1411,321,343,314,2387,1932,13,1932,1932,30,0,0,,12,3,49,37,28
2023,4,18,6,HA,7397,IAH,MCO,2118,2118,-26,9,2118,158,155,131,1005,2356,15,2356,2356,-22,0,0,,0,0,0,0,0
2023,5,5,1,DL,7339,BNA,HOU,1315,1315,-2,19,1315,356,366,331,2663,1911,16,1911,1911,1,0,0,,0,0,0,0,0
2023,8,19,5,UA,9951,ATL,MCO,1116,1116,17,27,1116,331,329,298,2296,1647,4,1647,1647,27,0,0,,25,0,6,24,4
2023,5,15,1,AS,5242,CLT,LAX,852,852,-9,23,852,331,339,311,2185,1423,5,1423,1423,-12,0,0,,0,0,0,0,0
2023,8,28,2,UA,7395,TPA,IAH,753,753,24,31,753,149,134,86,979,1022,17,1022,1022,25,0,0,,20,5,27,58,24
2023,10,8,5,B6,6438,SLC,PHX,648,648,-30,23,648,226,240,198,1536,1034,19,1034,1034,-22,0,0,,0,0,0,0,0
2023,1,20,6,UA,4696,DTW,BWI,735,735,45,28,735,271,265,223,1866,1206,14,1206,1206,33,0,0,,27,2,42,24,0
2023,12,17,1,DL,2589,MSP,DAL,2039,2039,41,8,2039,259,253,235,1837,58,10,58,58,38,0,0,,23,1,28,41,13
2023,10,1,3,DL,1783,DAL,JFK,1149,1149,46,23,1149,64,76,49,205,1253,4,1253,1253,53,0,0,,12,0,34,6,18
2023,9,12,4,AS,5948,MDW,LAS,1119,1119,16,13,1119,289,277,246,1875,1608,18,1608,1608,18,0,0,,19,4,21,7,18
2023,6,26,7,AS,6595,DTW,PHX,736,736,-1,21,736,299,297,272,2103,1235,4,1235,1235,4,0,0,,0,0,0,0,0
2023,3,19,7,HA,3521,SEA,LAS,1541,1541,-30,32,1541,182,178,134,1195,1843,12,1843,1843,-32,0,0,,0,0,0,0,0
2023,8,15,4,DL,9972,BNA,PHX,1314,1314,-11,32,1314,404,426,378,2777,1958,16,1958,1958,16,0,0,,14,5,7,18,18
2023,9,9,3,DL,3219,MCO,DEN,1427,1427,54,18,1427,85,106,69,334,1552,19,1552,1552,40,0,0,,24,9,29,6,5
2023,6,7,2,AA,3758,TPA,IAH,913,913,48,8,913,118,112,99,671,1111,5,1111,1111,23,0,0,,34,5,29,49,24
2023,11,2,5,NK,4017,MCO,DEN,508,508,19,27,508,255,266,225,1751,923,14,923,923,28,0,0,,12,6,30,21,25
2023,7,9,4,F9,2838,DEN,LAS,919,919,-30,24,919,327,323,280,2461,1446,19,1446,1446,-25,0,0,,0,0,0,0,0
2023,1,10,3,UA,6001,MCO,SEA,528,528,2,30,528,233,239,191,1398,921,18,921,921,0,0,0,,0,0,0,0,0
2023,5,2,6,WN,7035,DTW,SFO,2125,2125,17,26,2125,246,234,201,1808,131,7,131,131,10,0,0,,0,0,0,0,0
2023,5,19,7,HA,7310,LGA,SEA,847,847,-9,9,847,171,184,161,1211,1138,14,1138,1138,17,0,0,,9,6,39,5,26
2023,10,11,3,NK,4240,SAN,BWI,1155,1155,15,21,1155,184,204,177,1152,1459,6,1459,1459,19,0,0,,20,1,46,4,8
2023,4,13,2,F9,4429,JFK,ORD,1055,1055,47,15,1055,334,332,300,2320,1629,17,1629,1629,49,0,0,,13,4,27,37,24
2023,6,10,2,AA,9612,ORD,SLC,949,949,42,32,949,358,354,308,2498,1547,14,1547,1547,40,0,0,,32,6,45,59,14
2023,7,14,1,WN,4151,SEA,SAN,825,825,15,30,825,299,303,266,2167,1324,7,1324,1324,18,0,0,,24,6,4,37,21
2023,9,18,4,AS,9523,HOU,EWR,1121,1121,-30,29,1121,290,297,254,2078,1611,14,1611,1611,-7,0,0,,0,0,0,0,0
2023,1,19,1,DL,1447,LAS,SEA,855,855,5,33,855,114,120,70,543,1049,17,1049,1049,3,0,0,,0,0,0,0,0
2023,6,22,7,B6,9633,DEN,ATL,1750,1750,85,34,1750,271,289,241,1767,2221,14,2221,2221,57,0,0,,36,5,21,57,24
2023,7,9,3,HA,6469,DAL,SFO,1641,1641,-3,13,1641,153,158,126,810,1914,19,1914,1914,10,0,0,,0,0,0,0,0
2023,3,25,5,G4,5791,LAX,FLL,911,911,22,16,911,224,217,191,1578,1255,10,1255,1255,27,0,0,,35,5,24,56,28
2023,8,7,5,DL,4176,LAX,DFW,1450,1450,11,12,1450,208,202,177,1304,1818,13,1818,1818,13,0,0,,0,0,0,0,0
2023,5,28,2,B6,5081,SFO,IAH,855,855,30,12,855,48,42,20,218,943,17,943,943,33,0,0,,4,9,35,10,23
2023,9,3,5,F9,865,BOS,DTW,753,753,-30,25,753,112,126,96,469,945,5,945,945,-28,0,0,,0,0,0,0,0
2023,5,20,5,AS,6861,MCO,HOU,2008,2008,18,29,2008,349,366,332,2374,157,5,157,157,18,0,0,,29,9,44,16,15
2023,9,6,7,WN,8664,MIA,EWR,2104,2104,5,21,2104,116,102,69,733,2300,12,2300,2300,5,0,0,,0,0,0,0,0
2023,10,27,5,F9,6218,LAX,IAH,1226,1226,36,19,1226,301,317,289,2014,1727,9,1727,1727,26,0,0,,5,3,4,40,8
2023,4,21,3,DL,5673,MCO,SAN,1916,1916,24,19,1916,208,209,176,1333,2244,14,2244,2244,37,0,0,,14,3,13,21,25
2023,9,2,5,DL,1503,PHL,IAD,1148,1148,-30,29,1148,122,134,87,731,1350,18,1350,1350,-40,0,0,,0,0,0,0,0
2023,5,6,6,WN,4685,ATL,FLL,1604,1604,5,13,1604,286,287,256,1917,2050,18,2050,2050,35,0,0,,5,2,2,41,1
2023,10,3,5,G4,1411,DFW,HOU,1533,1533,-5,11,1533,247,245,224,1706,1940,10,1940,1940,8,0,0,,0,0,0,0,0
2023,9,16,5,B6,3771,PHX,FLL,1501,1501,-25,34,1501,281,275,233,1948,1942,8,1942,1942,-40,0,0,,0,0,0,0,0
2023,3,8,1,F9,4660,MIA,BWI,1952,1952,17,22,1952,63,81,43,260,2055,16,2055,2055,14,0,0,,0,0,0,0,0
2023,4,2,3,AS,4002,CLT,MDW,1309,1309,20,30,1309,164,162,124,1148,1553,8,1553,1553,17,0,0,,32,9,37,47,14
2023,9,17,2,DL,3484,DAL,TPA,1930,1930,45,22,1930,143,144,104,907,2153,18,2153,2153,45,0,0,,18,7,39,50,6
2023,10,9,1,F9,4563,MCO,BOS,1806,1806,28,32,1806,110,131,92,432,1956,7,1956,1956,14,0,0,,0,0,0,0,0
2023,11,12,4,G4,599,EWR,BWI,954,954,42,24,954,293,299,264,1892,1447,11,1447,1447,38,0,0,,36,7,27,12,2
2023,6,3,3,F9,9184,DEN,BNA,915,915,27,10,915,342,344,324,2391,1457,10,1457,1457,23,0,0,,11,8,20,29,22
2023,2,11,6,WN,3042,IAD,FLL,1406,1406,7,17,1406,192,211,181,1220,1718,13,1718,1718,-1,0,0,,0,0,0,0,0
2023,7,1,3,AS,8161,BOS,MDW,1035,1035,12,32,1035,372,374,337,2539,1647,5,1647,1647,2,0,0,,0,0,0,0,0
2023,2,23,4,AA,6392,BNA,MSP,1644,1644,-30,28,1644,367,381,335,2719,2251,18,2251,2251,-12,0,0,,0,0,0,0,0
2023,11,13,4,WN,7288,DEN,PHL,1526,1526,2,29,1526,223,244,210,1543,1909,5,1909,1909,-17,0,0,,0,0,0,0,0
2023,2,15,4,F9,67,LAX,IAD,1839,1839,4,15,1839,147,171,147,950,2106,9,2106,2106,11,0,0,,0,0,0,0,0
2023,11,26,7,AA,8124,LAS,FLL,959,959,18,16,959,59,49,20,280,1058,15,1058,1058,27,0,0,,14,4,35,20,2
2023,1,5,2,DL,2751,JFK,ATL,1750,1750,7,31,1750,232,231,186,1443,2142,14,2142,2142,5,0,0,,0,0,0,0,0
2023,11,21,5,AA,8662,DTW,FLL,512,512,11,10,512,288,307,293,2113,1000,4,1000,1000,12,0,0,,0,0,0,0,0
2023,11,17,3,G4,9917,IAH,SFO,2119,2119,-16,33,2119,61,71,20,210,2220,19,2220,2220,2,0,0,,0,0,0,0,0
2023,12,25,7,UA,6807,FLL,DAL,2229,2229,34,8,2229,351,362,344,2361,420,10,420,420,22,0,0,,15,0,24,18,3
2023,11,23,5,G4,6430,IAH,SLC,2029,2029,40,18,2029,268,282,246,1698,57,18,57,57,29,0,0,,16,6,44,7,26
2023,3,24,5,WN,8124,SEA,CLT,1210,1210,14,20,1210,100,95,64,421,1350,11,1350,1350,8,0,0,,0,0,0,0,0
2023,6,25,6,UA,1632,BOS,DEN,2246,2246,-5,19,2246,278,286,250,1931,324,17,324,324,12,0,0,,0,0,0,0,0
2023,8,6,4,WN,6453,BNA,HOU,1530,1530,-4,28,1530,339,337,296,2330,2109,13,2109,2109,14,0,0,,0,0,0,0,0
2023,9,28,2,HA,775,ORD,BOS,1357,1357,12,14,1357,202,209,184,1417,1719,11,1719,1719,-5,0,0,,0,0,0,0,0
2023,7,21,6,AS,6108,DAL,CLT,1720,1720,-13,9,1720,237,230,215,1607,2117,6,2117,2117,3,0,0,,0,0,0,0,0
2023,4,22,1,NK,7805,MCO,SAN,557,557,33,8,557,74,76,52,187,711,16,711,711,40,0,0,,11,8,7,54,13
2023,6,11,7,DL,9679,BOS,TPA,1947,1947,-30,27,1947,305,328,291,2044,52,10,52,52,-5,0,0,,0,0,0,0,0
2023,5,18,7,DL,4020,MDW,SEA,1902,1902,7,10,1902,216,219,205,1492,2238,4,2238,2238,13,0,0,,0,0,0,0,0
2023,8,4,2,HA,930,CLT,MCO,1123,1123,62,11,1123,122,111,84,623,1325,16,1325,1325,54,0,0,,23,8,11,18,4
2023,1,3,5,F9,3013,SEA,MIA,547,547,31,24,547,73,75,33,208,700,18,700,700,42,0,0,,16,5,20,20,23
2023,1,13,7,B6,5025,ATL,MCO,1958,1958,34,25,1958,394,411,372,2786,232,14,232,232,39,0,0,,25,8,44,59,1
2023,11,23,2,WN,6265,PHX,LGA,1708,1708,69,24,1708,302,324,294,2113,2210,6,2210,2210,88,0,0,,17,2,26,12,23
2023,6,9,7,NK,7974,LGA,TPA,1338,1338,-30,26,1338,383,380,338,2696,2001,16,2001,2001,-12,0,0,,0,0,0,0,0
2023,10,21,7,NK,9698,DFW,DTW,658,658,-8,11,658,297,290,270,2068,1155,9,1155,1155,-3,0,0,,0,0,0,0,0
2023,12,6,4,G4,4730,SFO,MCO,2250,2250,-4,24,2250,367,377,341,2764,457,12,457,457,-15,0,0,,0,0,0,0,0
2023,2,26,1,G4,7962,IAH,FLL,1854,1854,42,29,1854,380,365,328,2764,114,8,114,114,31,0,0,,36,7,0,49,11
2023,5,28,4,B6,2820,DEN,PHL,829,829,32,9,829,189,185,160,1053,1138,16,1138,1138,12,0,0,,0,0,0,0,0
2023,1,12,1,F9,6656,SAN,BOS,1644,1644,-4,17,1644,114,122,86,532,1838,19,1838,1838,-4,0,0,,0,0,0,0,0
2023,7,2,7,HA,1185,BNA,PHL,712,712,23,19,712,229,214,178,1561,1101,17,1101,1101,33,0,0,,23,1,48,37,19
2023,1,3,6,AA,8481,HOU,MSP,1006,1006,-11,20,1006,78,66,38,234,1124,8,1124,1124,-7,1,0,,0,0,0,0,0
2023,4,3,5,G4,6344,CLT,DEN,2001,2001,55,18,2001,269,260,230,1683,30,12,30,30,61,0,0,,22,9,18,26,14
2023,9,28,7,F9,528,BOS,ORD,1415,1415,-27,28,1415,331,343,300,2490,1946,15,1946,1946,-17,0,0,,0,0,0,0,0
2023,1,12,1,AS,917,DEN,HOU,1300,1300,15,15,1300,203,224,197,1240,1623,12,1623,1623,10,0,0,,0,0,0,0,0
2023,4,15,1,DL,9901,PHL,MDW,647,647,-14,27,647,83,72,36,278,810,9,810,810,-9,0,0,,0,0,0,0,0
2023,6,9,1,DL,3575,ORD,EWR,1402,1402,33,12,1402,337,360,340,2226,1939,8,1939,1939,36,0,0,,29,8,15,38,0
2023,6,23,7,F9,3320,DEN,TPA,2055,2055,13,32,2055,265,281,236,1718,120,13,120,120,15,0,0,,0,0,0,0,0
2023,12,8,2,B6,1407,TPA,LAX,1329,1329,16,9,1329,134,149,135,841,1543,5,1543,1543,17,0,0,,36,3,3,59,29
2023,8,11,6,HA,1242,EWR,PHX,1414,1414,1,19,1414,309,308,275,2110,1923,14,1923,1923,-6,0,0,,0,0,0,0,0
2023,1,16,2,NK,5207,FLL,BWI,1416,1416,35,9,1416,62,49,29,282,1518,11,1518,1518,27,0,0,,11,8,31,53,17
2023,7,26,5,B6,7250,MSP,SEA,1247,1247,36,13,1247,224,223,195,1358,1631,15,1631,1631,60,0,0,,3,0,31,24,8
2023,1,27,7,F9,3134,SEA,SLC,926,926,11,29,926,153,155,115,795,1159,11,1159,1159,26,0,0,,3,9,17,23,17
2023,7,25,1,HA,799,PHX,MDW,2232,2232,-8,26,2232,396,401,357,2731,508,18,508,508,-22,0,0,,0,0,0,0,0
2023,3,22,6,HA,1524,MSP,HOU,2226,2226,-2,19,2226,275,269,240,1762,301,10,301,301,-28,0,0,,0,0,0,0,0
2023,11,4,6,WN,7210,ORD,BOS,1744,1744,5,32,1744,127,132,83,665,1951,17,1951,1951,7,0,0,,0,0,0,0,0
2023,8,28,3,UA,4929,ATL,DFW,1515,1515,31,20,1515,313,323,292,2195,2028,11,2028,2028,39,0,0,,0,3,27,21,15
2023,3,1,5,DL,2889,LAS,FLL,1533,1533,15,24,1533,287,274,244,2013,2020,6,2020,2020,9,0,0,,0,0,0,0,0
2023,1,24,6,F9,2691,LAS,BWI,1643,1643,17,19,1643,337,322,285,2362,2220,18,2220,2220,29,0,0,,26,4,38,32,22
2023,8,7,7,NK,4092,BWI,IAD,2158,2158,-19,10,2158,179,184,168,1082,57,6,57,57,-13,0,0,,0,0,0,0,0
2023,3,2,1,UA,7283,TPA,LAS,1751,1751,31,31,1751,276,271,235,1813,2227,5,2227,2227,26,0,0,,28,8,36,28,14
2023,2,24,1,AS,9434,BOS,SLC,1806,1806,23,15,1806,113,113,94,706,1959,4,1959,1959,31,0,0,,16,7,36,4,8
2023,1,28,6,G4,6250,SAN,EWR,1744,1744,61,23,1744,281,300,271,1821,2225,6,2225,2225,47,0,0,,18,2,1,45,25
2023,3,5,2,WN,691,LAX,BNA,1247,1247,3,11,1247,165,170,153,1142,1532,6,1532,1532,1,0,0,,0,0,0,0,0
2023,2,7,5,G4,8720,LAS,SFO,2029,2029,-30,31,2029,281,276,235,1778,110,10,110,110,-15,0,1,C,0,0,0,0,0
2023,2,4,1,UA,1496,HOU,SAN,1504,1504,15,34,1504,269,284,231,1841,1933,19,1933,1933,14,0,0,,0,0,0,0,0
2023,6,5,6,UA,893,SAN,LGA,1933,1933,-7,33,1933,133,118,70,906,2146,15,2146,2146,19,0,0,,15,6,12,10,20
2023,12,24,1,G4,8579,FLL,LAS,1651,1651,18,20,1651,201,217,179,1254,2012,18,2012,2012,26,0,0,,31,1,21,21,17
2023,1,1,6,NK,9442,PHX,IAH,2222,2222,-30,15,2222,230,217,189,1420,212,13,212,212,-16,0,0,,0,0,0,0,0
2023,2,1,5,NK,5874,DEN,SLC,1216,1216,-2,8,1216,365,381,361,2690,1821,12,1821,1821,0,0,0,,0,0,0,0,0
2023,6,15,6,AA,4504,LAS,LGA,532,532,28,10,532,141,130,105,798,753,15,753,753,36,0,0,,36,6,13,0,11
2023,3,20,3,AS,898,PHX,MSP,603,603,-8,8,603,237,258,246,1559,1000,4,1000,1000,-9,0,0,,0,0,0,0,0
2023,4,19,6,NK,711,ATL,SAN,642,642,6,22,642,174,170,130,1141,936,18,936,936,10,0,0,,0,0,0,0,0
2023,1,10,6,AS,3696,IAD,SLC,704,704,-3,25,704,233,231,195,1480,1057,11,1057,1057,-12,0,0,,0,0,0,0,0
2023,8,28,7,AS,2687,EWR,IAD,1140,1140,-1,27,1140,143,136,105,777,1403,4,1403,1403,14,0,0,,0,0,0,0,0
2023,7,18,5,UA,7189,DFW,TPA,2253,2253,5,10,2253,392,383,367,2740,525,6,525,525,10,0,0,,0,0,0,0,0
2023,7,28,7,AS,5779,DFW,BOS,1544,1544,-19,22,1544,304,304,275,2204,2048,7,2048,2048,10,0,0,,0,0,0,0,0
2023,3,3,6,WN,7769,PHL,PHX,1815,1815,57,34,1815,312,324,276,2099,2327,14,2327,2327,79,0,0,,17,2,30,44,27
2023,10,11,5,G4,5014,MCO,LAS,2144,2144,7,29,2144,195,186,146,1103,59,11,59,59,17,0,0,,27,5,16,25,19
2023,10,15,3,AA,4513,BNA,EWR,1832,1832,-5,12,1832,368,366,338,2712,40,16,40,40,-1,0,0,,0,0,0,0,0
2023,3,27,5,F9,416,IAD,SFO,1536,1536,70,28,1536,292,308,276,1992,2028,4,2028,2028,50,0,0,,34,5,9,39,13
2023,2,11,1,B6,9664,HOU,ATL,500,500,35,17,500,335,327,295,2270,1035,15,1035,1035,43,0,0,,36,6,34,43,0
2023,12,17,7,AA,4181,JFK,ATL,510,510,-30,14,510,52,63,44,159,602,5,602,602,-21,0,0,,0,0,0,0,0
2023,1,17,5,WN,4263,MDW,DEN,1246,1246,-9,30,1246,272,259,215,1746,1718,14,1718,1718,1,0,0,,0,0,0,0,0
2023,7,6,3,AA,2516,SAN,BWI,2102,2102,31,32,2102,397,408,368,2759,339,8,339,339,49,0,0,,7,7,34,47,28
2023,7,5,4,AS,9288,MIA,LAS,1737,1737,-1,15,1737,69,83,59,271,1846,9,1846,1846,-9,0,0,,0,0,0,0,0
2023,12,8,6,UA,9002,HOU,MIA,1455,1455,-30,10,1455,144,162,133,836,1719,19,1719,1719,-35,0,0,,0,0,0,0,0
2023,2,2,5,B6,5641,PHL,JFK,1254,1254,54,25,1254,320,330,297,2159,1814,8,1814,1814,45,0,0,,1,2,26,49,6
2023,7,16,6,NK,6617,MSP,BNA,2058,2058,37,24,2058,360,381,341,2710,258,16,258,258,43,0,0,,32,1,40,2,6
2023,8,20,2,UA,993,ORD,PHX,1017,1017,36,23,1017,107,131,102,590,1204,6,1204,1204,39,0,0,,32,6,11,49,13
2023,1,24,1,AS,9474,IAH,TPA,2158,2158,59,33,2158,119,125,79,740,2357,13,2357,2357,41,0,0,,39,5,45,10,19
2023,9,12,7,AS,4371,ATL,BNA,1938,1938,22,29,1938,240,256,217,1518,2338,10,2338,2338,30,0,0,,22,6,32,4,15
2023,7,6,1,B6,1774,MCO,SEA,1531,1531,17,20,1531,324,310,275,2139,2055,15,2055,2055,2,0,0,,0,0,0,0,0
2023,3,1,2,B6,3562,EWR,TPA,504,504,44,11,504,233,225,210,1511,857,4,857,857,29,0,0,,13,3,1,9,22
2023,8,4,2,DL,3817,SFO,JFK,1846,1846,66,10,1846,218,209,194,1357,2224,5,2224,2224,57,0,0,,7,0,2,52,10
2023,7,17,7,HA,6634,DFW,MDW,1147,1147,0,18,1147,311,314,282,2264,1658,14,1658,1658,-5,0,0,,0,0,0,0,0
2023,11,13,5,HA,1757,IAH,JFK,611,611,16,34,611,327,344,293,2214,1138,17,1138,1138,26,0,0,,17,6,4,46,11
2023,8,18,2,UA,2374,SAN,DFW,1503,1503,-15,9,1503,224,210,186,1556,1847,15,1847,1847,-7,0,0,,0,0,0,0,0
2023,6,5,4,NK,2577,MSP,CLT,742,742,24,25,742,361,348,311,2565,1343,12,1343,1343,44,0,0,,28,9,45,15,9
2023,9,24,6,AA,9084,IAH,LGA,921,921,21,34,921,239,251,200,1489,1320,17,1320,1320,17,0,0,,6,2,27,30,23
2023,5,24,6,AS,4185,ORD,HOU,756,756,-30,11,756,245,243,225,1670,1201,7,1201,1201,-25,0,0,,0,0,0,0,0
2023,3,27,3,AS,8900,BOS,DTW,1950,1950,9,24,1950,253,252,217,1726,3,11,3,3,24,0,0,,24,2,45,29,4
2023,3,3,2,DL,2398,LGA,ORD,711,711,21,13,711,169,174,149,1057,1000,12,1000,1000,19,0,0,,13,3,34,39,25
2023,1,11,2,UA,5970,IAH,ORD,1601,1601,-21,17,1601,389,387,360,2670,2230,10,2230,2230,2,0,0,,0,0,0,0,0
2023,12,13,4,UA,4536,DTW,HOU,1249,1249,24,18,1249,70,94,72,264,1359,4,1359,1359,29,0,0,,2,9,12,24,1
2023,8,4,1,G4,6884,ORD,MIA,1120,1120,44,12,1120,318,320,300,2297,1638,8,1638,1638,11,0,0,,0,0,0,0,0
2023,2,26,1,B6,8128,HOU,MDW,1744,1744,13,33,1744,352,375,333,2635,2336,9,2336,2336,27,0,0,,2,7,17,4,25
2023,3,27,6,NK,9169,BWI,LGA,840,840,33,32,840,235,239,190,1518,1235,17,1235,1235,41,0,0,,8,8,17,46,23
2023,8,14,6,B6,735,FLL,HOU,1457,1457,39,25,1457,342,327,288,2546,2039,14,2039,2039,47,0,0,,6,1,16,2,25
2023,8,22,5,NK,633,ORD,LGA,846,846,26,32,846,61,54,20,288,947,11,947,947,1,0,0,,0,0,0,0,0
2023,11,11,7,WN,4269,MIA,JFK,524,524,8,32,524,154,147,102,977,758,13,758,758,1,0,0,,0,0,0,0,0
2023,4,27,4,F9,4100,BWI,LGA,1407,1407,-15,17,1407,357,379,344,2521,2004,18,2004,2004,-18,0,0,,0,0,0,0,0
2023,4,10,7,HA,2902,DEN,BNA,1943,1943,21,16,1943,168,191,159,995,2231,16,2231,2231,10,0,0,,0,0,0,0,0
2023,5,19,7,HA,1664,MCO,JFK,1821,1821,25,23,1821,334,347,313,2491,2355,11,2355,2355,44,0,0,,12,5,37,4,19
2023,6,18,3,NK,5592,LAS,SEA,2243,2243,62,17,2243,317,316,283,2130,400,16,400,400,55,0,0,,2,9,18,40,28
2023,5,6,7,HA,3873,ATL,EWR,916,916,3,17,916,246,250,218,1702,1322,15,1322,1322,4,0,1,B,0,0,0,0,0
2023,7,27,3,B6,1055,PHX,DTW,1014,1014,-30,11,1014,228,250,222,1465,1402,17,1402,1402,-17,0,0,,0,0,0,0,0
2023,2,15,7,AS,8573,ORD,PHL,714,714,-30,28,714,57,71,31,223,811,12,811,811,-17,0,0,,0,0,0,0,0
2023,7,21,4,B6,3083,FLL,DAL,1635,1635,34,31,1635,107,117,74,633,1822,12,1822,1822,-9,0,0,,0,0,0,0,0
2023,10,10,3,NK,8008,CLT,MSP,1453,1453,-3,21,1453,50,40,20,165,1543,19,1543,1543,-8,0,0,,0,0,0,0,0
2023,7,5,1,UA,9785,MSP,JFK,2227,2227,46,15,2227,233,256,223,1699,220,18,220,220,24,0,0,,22,0,27,27,9
2023,1,26,3,B6,4262,JFK,BNA,1413,1413,-2,8,1413,234,235,220,1509,1807,7,1807,1807,5,0,0,,0,0,0,0,0
2023,7,5,3,HA,2390,SAN,LGA,2050,2050,-16,23,2050,300,290,258,2046,150,9,150,150,-15,0,0,,0,0,0,0,0
2023,5,10,4,DL,3554,ORD,BOS,927,927,-6,33,927,366,378,339,2713,1533,6,1533,1533,-3,0,0,,0,0,0,0,0
2023,3,28,4,G4,5139,FLL,LAS,1232,1232,-5,24,1232,202,195,167,1300,1554,4,1554,1554,-27,0,0,,0,0,0,0,0
2023,3,5,3,AS,9400,JFK,FLL,1153,1153,-8,17,1153,379,390,357,2715,1812,16,1812,1812,-9,0,0,,0,0,0,0,0
2023,4,3,2,HA,545,SEA,DTW,2004,2004,-14,13,2004,61,80,51,278,2105,16,2105,2105,3,0,0,,0,0,0,0,0
2023,12,23,4,DL,3664,BWI,IAD,2232,2232,12,14,2232,102,92,69,660,14,9,14,14,29,0,0,,16,6,33,14,23
2023,2,6,5,NK,2240,PHX,SLC,715,715,7,25,715,128,116,87,572,923,4,923,923,17,0,0,,17,6,8,30,24
2023,2,4,5,WN,3774,MIA,DEN,912,912,7,9,912,354,354,333,2582,1506,12,1506,1506,-8,0,0,,0,0,0,0,0
2023,1,18,1,DL,2628,HOU,BNA,2256,2256,43,28,2256,285,292,250,2056,341,14,341,341,54,0,0,,3,4,13,48,0
2023,5,28,7,F9,6619,MCO,JFK,816,816,2,16,816,94,101,76,381,950,9,950,950,12,0,0,,0,0,0,0,0
2023,4,9,3,WN,6781,ORD,MIA,2125,2125,39,12,2125,163,176,160,1108,8,4,8,8,34,0,0,,30,3,20,14,21
2023,11,17,2,AA,8016,DFW,CLT,731,731,51,15,731,163,151,122,974,1014,14,1014,1014,21,0,0,,11,4,43,32,27
2023,10,13,1,AS,3131,ATL,MSP,1334,1334,11,31,1334,81,105,58,214,1455,16,1455,1455,23,0,0,,17,2,19,30,10
2023,2,27,3,HA,97,PHX,PHL,757,757,-9,12,757,158,182,164,982,1035,6,1035,1035,-13,0,0,,0,0,0,0,0
2023,3,15,4,AA,3859,SAN,BOS,2136,2136,19,31,2136,123,131,96,764,2339,4,2339,2339,22,0,0,,35,1,41,1,19
2023,7,20,5,B6,2709,DFW,PHL,1713,1713,50,22,1713,303,293,266,2178,2216,5,2216,2216,45,0,0,,1,4,49,8,9
2023,7,17,6,NK,5398,BWI,LAS,902,902,18,15,902,159,183,149,950,1141,19,1141,1141,36,0,0,,24,1,34,42,1
2023,12,13,2,AS,6153,CLT,ATL,923,923,36,12,923,295,285,264,2117,1418,9,1418,1418,31,0,0,,8,9,47,50,13
2023,4,16,6,UA,457,FLL,TPA,1238,1238,3,12,1238,78,76,54,427,1356,10,1356,1356,4,0,0,,0,0,0,0,0
2023,5,22,5,WN,5915,CLT,ORD,540,540,0,27,540,298,296,265,2163,1038,4,1038,1038,21,0,0,,4,9,17,0,3
2023,5,4,7,UA,4369,MIA,LGA,627,627,34,24,627,289,308,271,1867,1116,13,1116,1116,23,0,0,,2,0,13,18,21
2023,6,5,7,AA,4089,CLT,SLC,2126,2126,4,16,2126,342,332,308,2563,308,8,308,308,15,0,0,,0,0,0,0,0
2023,9,5,6,DL,9224,JFK,LAS,1449,1449,10,9,1449,392,399,381,2713,2121,9,2121,2121,8,0,0,,0,0,0,0,0
2023,2,9,4,DL,8400,MIA,BWI,630,630,-12,8,630,200,204,178,1388,950,18,950,950,-20,0,0,,0,0,0,0,0
2023,5,17,3,NK,1938,MDW,FLL,1258,1258,48,29,1258,358,359,323,2636,1856,7,1856,1856,43,0,0,,27,3,20,36,9
2023,12,13,4,AA,1147,LAS,PHX,2216,2216,18,28,2216,100,104,67,577,2356,9,2356,2356,26,0,0,,3,0,13,48,1
2023,3,2,6,G4,5153,IAD,SLC,1127,1127,46,18,1127,357,347,321,2593,1724,8,1724,1724,57,0,0,,17,5,2,57,24
2023,4,13,4,AS,4300,MCO,IAH,1034,1034,8,22,1034,265,289,251,1674,1459,16,1459,1459,26,0,0,,34,0,30,0,16
2023,10,22,5,WN,8119,ORD,PHL,1750,1750,16,8,1750,250,262,238,1636,2200,16,2200,2200,12,0,0,,0,0,0,0,0
2023,6,21,2,DL,8635,ORD,FLL,1500,1500,31,14,1500,142,139,111,735,1722,14,1722,1722,17,0,0,,15,1,46,11,22
2023,12,27,4,DL,7760,PHL,HOU,2104,2104,11,30,2104,88,101,61,524,2232,10,2232,2232,8,0,0,,0,0,0,0,0
2023,8,23,5,UA,7954,BNA,SLC,1911,1911,-2,26,1911,230,234,189,1673,2301,19,2301,2301,-14,0,0,,0,0,0,0,0
2023,1,19,2,UA,4785,SLC,MDW,900,900,58,31,900,82,83,36,242,1022,16,1022,1022,49,0,0,,1,8,25,9,18
2023,10,3,7,HA,9025,MSP,MDW,1137,1137,3,22,1137,258,277,248,1750,1555,7,1555,1555,0,0,1,B,0,0,0,0,0
2023,8,10,3,B6,1462,ORD,SFO,1448,1448,-16,13,1448,334,357,340,2518,2022,4,2022,2022,-3,0,0,,0,0,0,0,0
2023,11,2,6,G4,1160,MCO,DFW,712,712,-27,27,712,162,183,151,1063,954,5,954,954,-40,0,0,,0,0,0,0,0
2023,7,13,7,UA,387,SAN,MIA,552,552,23,33,552,206,213,171,1495,918,9,918,918,13,0,0,,0,0,0,0,0
2023,1,19,3,UA,7193,CLT,SLC,1123,1123,-30,33,1123,278,280,230,1990,1601,17,1601,1601,-32,0,0,,0,0,0,0,0
2023,2,26,7,AS,9911,SEA,MDW,2139,2139,-10,17,2139,207,227,194,1451,106,16,106,106,8,0,0,,0,0,0,0,0
2023,3,17,1,HA,4776,JFK,IAH,1251,1251,10,19,1251,242,246,214,1771,1653,13,1653,1653,-3,0,0,,0,0,0,0,0
2023,1,21,7,UA,3410,PHL,LAX,1121,1121,26,20,1121,247,238,202,1711,1528,16,1528,1528,27,0,0,,32,2,15,4,23
2023,9,14,5,WN,690,CLT,ATL,638,638,-18,22,638,264,284,243,1903,1102,19,1102,1102,-15,0,0,,0,0,0,0,0
2023,8,12,2,AS,7029,BNA,SEA,917,917,-11,26,917,240,225,185,1566,1317,14,1317,1317,5,0,0,,0,0,0,0,0
2023,2,21,7,B6,7263,MDW,DTW,2148,2148,2,24,2148,89,110,81,244,2317,5,2317,2317,11,0,0,,0,0,0,0,0
2023,9,12,4,AA,5665,LGA,PHL,642,642,-3,20,642,295,314,278,1929,1137,16,1137,1137,1,0,0,,0,0,0,0,0
2023,7,11,3,AS,6767,MIA,SEA,1008,1008,8,9,1008,178,165,148,1108,1306,8,1306,1306,2,0,0,,0,0,0,0,0
2023,9,7,7,AA,9362,MSP,ORD,1149,1149,8,25,1149,217,236,196,1280,1526,15,1526,1526,-13,0,0,,0,0,0,0,0
2023,6,4,2,DL,953,DTW,TPA,944,944,-5,18,944,222,235,210,1563,1326,7,1326,1326,1,0,0,,0,0,0,0,0
2023,6,19,5,HA,6143,PHX,JFK,1447,1447,-30,12,1447,292,285,263,1933,1939,10,1939,1939,-17,0,0,,0,0,0,0,0
2023,11,1,1,B6,5968,BWI,SAN,1952,1952,54,11,1952,310,331,313,2268,102,7,102,102,29,0,0,,2,5,32,35,19
2023,4,28,3,HA,7206,ORD,PHX,1042,1042,13,9,1042,130,139,120,813,1252,10,1252,1252,-2,0,1,A,0,0,0,0,0
2023,10,24,6,B6,2485,EWR,LAS,728,728,29,34,728,181,177,129,1118,1029,14,1029,1029,30,0,0,,26,1,2,27,11
2023,10,3,2,HA,1855,BWI,LAS,2143,2143,17,23,2143,371,393,359,2784,354,11,354,354,21,0,0,,11,2,18,7,8
2023,2,13,6,AS,3232,BNA,PHL,1807,1807,-9,32,1807,377,368,326,2565,24,10,24,24,-18,0,0,,0,0,0,0,0
2023,7,15,2,HA,2598,LGA,LAS,1109,1109,-25,14,1109,330,321,302,2248,1639,5,1639,1639,-26,0,0,,0,0,0,0,0
2023,5,2,2,F9,7830,IAH,EWR,1337,1337,-30,15,1337,206,194,165,1316,1703,14,1703,1703,-40,0,0,,0,0,0,0,0
2023,11,11,5,B6,8187,DTW,PHX,1537,1537,76,15,1537,239,254,235,1721,1936,4,1936,1936,83,0,0,,27,4,31,20,7
2023,6,4,5,AA,3984,BNA,BWI,1133,1133,-7,9,1133,249,272,255,1673,1542,8,1542,1542,-20,0,0,,0,0,0,0,0
2023,2,19,5,B6,6964,DAL,MSP,2250,2250,39,22,2250,167,161,123,1137,137,16,137,137,42,0,0,,14,3,19,42,21
2023,5,17,7,DL,6685,IAH,LAX,717,717,-30,12,717,343,350,319,2457,1300,19,1300,1300,-24,0,0,,0,0,0,0,0
2023,10,3,4,WN,657,DEN,TPA,1548,1548,41,26,1548,215,225,183,1375,1923,16,1923,1923,52,0,0,,2,6,42,35,27
2023,4,28,2,F9,7744,LGA,IAH,821,821,58,17,821,212,219,187,1358,1153,15,1153,1153,42,0,0,,6,7,36,40,16
2023,9,18,3,NK,6840,IAH,MDW,1305,1305,-8,16,1305,335,348,316,2355,1840,16,1840,1840,-4,0,0,,0,0,0,0,0
2023,6,8,6,B6,9989,IAD,JFK,2204,2204,-5,32,2204,63,55,20,248,2307,10,2307,2307,-23,0,0,,0,0,0,0,0
2023,2,22,5,UA,6313,MDW,LAX,1626,1626,8,29,1626,340,343,299,2438,2206,15,2206,2206,-14,0,0,,0,0,0,0,0
2023,1,25,7,AS,7939,SEA,SEA,1334,1334,-30,27,1334,241,254,223,1664,1735,4,1735,1735,-16,0,0,,0,0,0,0,0
2023,5,24,5,AS,9955,BNA,DFW,1543,1543,1,15,1543,96,86,57,351,1719,14,1719,1719,-19,0,0,,0,0,0,0,0
2023,9,26,6,HA,6177,BNA,LGA,734,734,21,12,734,142,155,132,783,956,11,956,956,17,0,0,,15,1,1,33,18
2023,6,19,6,HA,3286,SLC,SAN,1331,1331,9,26,1331,149,157,125,895,1600,6,1600,1600,22,0,1,A,23,3,24,19,28
2023,10,5,2,AS,9778,EWR,IAH,1612,1612,-20,20,1612,124,118,88,639,1816,10,1816,1816,-6,0,0,,0,0,0,0,0
2023,12,7,5,G4,5560,BNA,CLT,1623,1623,21,34,1623,113,111,71,728,1816,6,1816,1816,12,0,0,,0,0,0,0,0
2023,7,21,6,F9,3564,DAL,SAN,643,643,39,21,643,361,351,323,2724,1244,7,1244,1244,16,0,0,,10,1,25,51,24
2023,5,8,4,F9,4585,EWR,BNA,1605,1605,-15,15,1605,99,87,61,422,1744,11,1744,1744,-5,0,0,,0,0,0,0,0
2023,10,28,4,AA,4818,HOU,IAH,1015,1015,18,23,1015,195,194,154,1392,1330,17,1330,1330,33,0,0,,2,5,21,20,23
2023,6,5,5,B6,5042,FLL,MIA,2049,2049,85,29,2049,157,178,132,935,2326,17,2326,2326,66,0,0,,37,0,9,56,14
2023,5,17,7,NK,6183,TPA,MSP,728,728,-7,12,728,101,124,107,602,909,5,909,909,-14,0,0,,0,0,0,0,0
2023,11,5,6,AS,8027,PHL,JFK,2126,2126,28,8,2126,188,200,183,1325,34,9,34,34,20,0,0,,22,6,3,18,27
2023,9,4,2,B6,3245,JFK,PHL,1918,1918,66,26,1918,375,361,316,2544,133,19,133,133,65,0,0,,18,5,15,56,10
2023,6,22,2,F9,1041,FLL,ATL,2036,2036,38,30,2036,178,175,132,965,2334,13,2334,2334,49,0,0,,39,7,41,19,27
2023,11,19,7,DL,2274,MDW,MIA,1720,1720,-4,26,1720,109,95,57,563,1909,12,1909,1909,-16,0,0,,0,0,0,0,0
2023,8,27,2,AS,3630,IAD,SFO,748,748,36,24,748,237,253,216,1700,1145,13,1145,1145,15,0,0,,0,0,0,0,0
2023,2,21,1,B6,2115,SEA,FLL,1006,1006,-5,31,1006,100,89,46,580,1146,12,1146,1146,26,0,0,,2,3,45,31,17
2023,12,2,5,F9,7365,JFK,LAS,1152,1152,-11,30,1152,372,359,321,2576,1804,8,1804,1804,-9,0,0,,0,0,0,0,0
2023,9,11,2,WN,1678,PHL,LAX,1029,1029,-7,28,1029,175,161,115,1044,1324,18,1324,1324,-1,1,0,,0,0,0,0,0
2023,5,22,4,F9,3095,SLC,BOS,1418,1418,6,17,1418,383,381,358,2625,2041,6,2041,2041,-1,0,0,,0,0,0,0,0
2023,7,13,6,HA,9191,DAL,PHL,2054,2054,1,12,2054,307,331,301,2096,201,18,201,201,9,0,0,,0,0,0,0,0
2023,10,15,3,UA,5874,EWR,PHX,859,859,-15,29,859,204,217,179,1257,1223,9,1223,1223,1,0,0,,0,0,0,0,0
2023,1,12,7,G4,2285,MDW,DEN,1603,1603,-30,14,1603,66,88,59,341,1709,15,1709,1709,-20,0,0,,0,0,0,0,0
2023,10,22,3,G4,5053,ORD,MCO,1758,1758,23,23,1758,52,42,20,190,1850,12,1850,1850,42,0,0,,36,9,21,16,2
2023,5,21,2,HA,7063,MCO,MIA,1810,1810,65,10,1810,291,309,280,2037,2301,19,2301,2301,53,0,0,,37,9,45,10,15
2023,12,22,3,HA,1590,EWR,BOS,1318,1318,0,34,1318,285,277,224,2009,1803,19,1803,1803,-1,0,0,,0,0,0,0,0
2023,10,11,3,AS,9354,SAN,LGA,2122,2122,1,19,2122,295,281,253,1946,217,9,217,217,6,0,0,,0,0,0,0,0
2023,2,7,1,WN,2521,MSP,JFK,1007,1007,26,21,1007,209,219,191,1482,1336,7,1336,1336,30,0,0,,4,8,15,55,8
2023,12,28,4,WN,4649,BOS,ORD,1044,1044,7,27,1044,91,92,50,285,1215,15,1215,1215,11,0,0,,0,0,0,0,0
2023,6,5,7,AS,5730,FLL,BNA,1916,1916,57,8,1916,304,312,290,1963,20,14,20,20,35,0,0,,28,5,28,55,12
2023,11,17,4,B6,695,CLT,EWR,626,626,16,14,626,72,87,55,255,738,18,738,738,19,0,0,,16,3,22,49,21
2023,1,24,1,AS,7808,MSP,SFO,1232,1232,33,33,1232,124,124,75,668,1436,16,1436,1436,26,0,0,,11,3,4,44,29
2023,3,20,1,NK,3684,DEN,HOU,2235,2235,-6,25,2235,302,307,274,2091,337,8,337,337,-10,0,0,,0,0,0,0,0
2023,5,9,3,NK,6705,DEN,JFK,916,916,22,30,916,248,270,230,1715,1324,10,1324,1324,21,0,0,,32,9,49,39,8
2023,4,14,5,G4,7369,TPA,DFW,1137,1137,26,29,1137,70,80,38,275,1247,13,1247,1247,13,0,0,,0,0,0,0,0
2023,3,26,6,F9,1972,IAH,FLL,540,540,-7,11,540,371,372,344,2597,1151,17,1151,1151,-18,0,0,,0,0,0,0,0
2023,10,12,6,AS,9696,DTW,DEN,1220,1220,-29,23,1220,325,313,274,2276,1745,16,1745,1745,-40,0,0,,0,0,0,0,0
2023,5,6,3,AS,8056,TPA,ORD,1925,1925,-3,18,1925,107,95,71,538,2112,6,2112,2112,20,0,0,,21,1,7,48,2
2023,11,17,6,B6,4219,SEA,TPA,756,756,20,25,756,249,252,210,1708,1205,17,1205,1205,26,0,0,,17,0,25,47,9
2023,8,19,1,AA,1869,DEN,IAD,2120,2120,24,30,2120,258,280,235,1874,138,15,138,138,21,0,0,,16,0,40,5,9
2023,11,19,4,G4,1672,SFO,LAS,2124,2124,9,23,2124,320,329,294,2271,244,12,244,244,2,0,1,C,0,0,0,0,0
2023,4,26,6,G4,9275,MSP,JFK,541,541,7,14,541,183,175,157,1178,844,4,844,844,-27,0,0,,0,0,0,0,0
2023,1,16,7,G4,1729,SLC,PHX,1131,1131,0,28,1131,284,286,239,2092,1615,19,1615,1615,-7,0,0,,0,0,0,0,0
2023,11,12,3,F9,7633,IAH,MDW,1802,1802,29,32,1802,54,56,20,231,1856,11,1856,1856,35,0,0,,0,6,21,14,24
2023,7,12,5,HA,6404,DEN,BWI,1927,1927,-7,10,1927,257,248,230,1710,2344,8,2344,2344,7,0,0,,0,0,0,0,0
2023,8,20,3,DL,6093,SAN,BNA,532,532,-1,32,532,171,172,121,925,823,19,823,823,9,0,0,,0,0,0,0,0
2023,3,6,2,AA,2143,LAS,HOU,1758,1758,73,12,1758,112,99,74,427,1950,13,1950,1950,66,0,0,,38,1,37,47,6
2023,6,23,3,F9,9341,DFW,PHL,1138,1138,5,25,1138,312,318,281,2028,1650,12,1650,1650,22,0,0,,14,2,11,16,28
2023,2,26,1,NK,6185,DFW,EWR,1613,1613,38,32,1613,330,329,292,2421,2143,5,2143,2143,30,0,0,,34,8,43,58,12
2023,7,4,4,B6,6011,MSP,LAX,1115,1115,17,24,1115,257,272,244,1757,1532,4,1532,1532,29,0,0,,4,3,13,55,29
2023,8,6,4,HA,254,SAN,TPA,1447,1447,-3,8,1447,122,142,121,755,1649,13,1649,1649,-5,0,0,,0,0,0,0,0
2023,6,11,7,NK,4103,BOS,DFW,2047,2047,38,23,2047,319,329,296,2216,206,10,206,206,24,0,0,,24,1,27,36,27
2023,6,1,6,HA,3543,EWR,SEA,659,659,-16,22,659,148,146,111,789,927,13,927,927,-24,0,0,,0,0,0,0,0
2023,5,24,1,WN,2776,DFW,PHX,957,957,43,20,957,293,294,259,1939,1450,15,1450,1450,26,0,0,,21,1,15,14,13
2023,8,23,2,G4,7679,JFK,MCO,2231,2231,36,14,2231,288,281,253,1906,319,14,319,319,41,0,0,,33,4,40,34,22
2023,1,15,1,HA,6213,MSP,DTW,832,832,-30,10,832,225,216,194,1516,1217,12,1217,1217,-32,0,0,,0,0,0,0,0
2023,10,27,3,UA,4638,DAL,LAS,2239,2239,23,31,2239,344,355,307,2294,423,17,423,423,9,0,0,,0,0,0,0,0
2023,4,11,1,G4,6035,DFW,HOU,1614,1614,-13,30,1614,81,93,55,324,1735,8,1735,1735,0,0,0,,0,0,0,0,0
2023,4,25,1,G4,8458,JFK,ATL,2232,2232,25,34,2232,244,240,192,1526,236,14,236,236,27,0,0,,15,5,35,26,7
2023,3,19,7,B6,6477,DEN,PHX,1018,1018,-10,20,1018,111,112,85,497,1209,7,1209,1209,5,0,0,,0,0,0,0,0
2023,3,18,2,AA,3149,MSP,DTW,1928,1928,-2,23,1928,77,70,40,150,2045,7,2045,2045,6,0,0,,0,0,0,0,0
2023,4,17,3,NK,3360,HOU,EWR,719,719,-24,30,719,82,74,29,212,841,15,841,841,-27,0,0,,0,0,0,0,0
2023,11,19,5,HA,1005,IAD,LAX,1942,1942,75,8,1942,286,297,273,1933,28,16,28,28,67,0,0,,10,5,46,19,19
2023,1,21,7,HA,4718,MSP,CLT,819,819,-30,8,819,71,67,48,375,930,11,930,930,-22,0,0,,0,0,0,0,0
2023,11,14,5,WN,3272,MCO,DAL,2249,2249,10,23,2249,380,401,359,2620,509,19,509,509,-1,0,0,,0,0,0,0,0
2023,11,27,7,G4,210,LAS,IAH,1429,1429,35,9,1429,200,204,191,1192,1749,4,1749,1749,18,0,0,,35,5,11,23,3
2023,2,18,4,AS,9080,DFW,BWI,1919,1919,46,25,1919,322,307,278,2228,41,4,41,41,33,0,0,,7,0,12,22,20
2023,9,28,7,DL,5540,DAL,EWR,1409,1409,15,34,1409,156,149,97,994,1645,18,1645,1645,39,0,0,,18,5,21,35,23
2023,10,19,6,AS,154,IAH,MSP,1611,1611,-4,28,1611,78,86,47,173,1729,11,1729,1729,-6,0,0,,0,0,0,0,0
2023,2,15,1,HA,3594,DFW,MSP,732,732,15,32,732,230,248,198,1384,1122,18,1122,1122,30,0,0,,22,2,47,1,8
2023,5,15,4,AS,8607,MIA,SLC,1855,1855,23,30,1855,287,307,272,2134,2342,5,2342,2342,16,0,0,,1,6,28,26,8
2023,9,4,2,B6,1285,SAN,DAL,1421,1421,20,25,1421,62,50,20,310,1523,13,1523,1523,30,0,0,,7,1,29,31,10
2023,9,7,5,UA,3149,MCO,EWR,733,733,1,12,733,208,221,200,1428,1101,9,1101,1101,14,0,0,,0,0,0,0,0
2023,8,13,7,HA,769,DFW,FLL,1225,1225,-11,12,1225,248,255,238,1744,1633,5,1633,1633,4,0,0,,0,0,0,0,0
2023,1,3,1,HA,9175,DTW,MDW,832,832,-19,15,832,331,350,327,2311,1403,8,1403,1403,-9,0,0,,0,0,0,0,0
2023,1,16,2,UA,5608,PHX,LAS,955,955,33,16,955,370,370,348,2701,1605,6,1605,1605,47,0,0,,30,8,32,39,21
2023,9,9,6,NK,3203,PHX,DEN,2024,2024,62,31,2024,311,303,262,2102,135,10,135,135,59,0,0,,29,5,45,39,10
2023,11,8,2,UA,2788,IAH,DEN,1824,1824,-4,21,1824,289,300,267,1845,2313,12,2313,2313,19,0,0,,34,8,8,43,5
2023,8,20,1,AS,2211,DTW,CLT,1052,1052,4,20,1052,192,215,190,1104,1404,5,1404,1404,-14,0,0,,0,0,0,0,0
2023,10,13,6,B6,9231,ATL,BNA,2034,2034,28,25,2034,103,99,64,506,2217,10,2217,2217,30,0,0,,3,1,15,28,7
2023,9,17,2,WN,7400,LGA,PHL,1618,1618,11,11,1618,319,307,277,2366,2137,19,2137,2137,15,0,0,,0,0,0,0,0
2023,7,17,6,NK,6339,MSP,IAD,715,715,27,25,715,196,205,164,1118,1031,16,1031,1031,14,0,0,,0,0,0,0,0
2023,3,17,7,F9,8734,EWR,SAN,1224,1224,45,29,1224,69,59,20,391,1333,16,1333,1333,47,0,0,,9,5,26,16,19
2023,3,1,7,WN,359,BWI,BNA,1211,1211,-15,27,1211,95,82,44,288,1346,11,1346,1346,-29,0,0,,0,0,0,0,0
2023,2,8,1,AA,850,IAD,DFW,2003,2003,7,22,2003,342,365,326,2294,145,17,145,145,0,0,0,,0,0,0,0,0
2023,5,19,1,AA,7499,DEN,PHL,1403,1403,41,14,1403,90,98,71,296,1533,13,1533,1533,13,0,0,,0,0,0,0,0
2023,12,6,6,AA,4523,DAL,DTW,1658,1658,-9,20,1658,183,188,150,1230,2001,18,2001,2001,13,0,0,,0,0,0,0,0
2023,12,3,3,AA,2545,JFK,IAD,1606,1606,-22,9,1606,206,196,176,1215,1932,11,1932,1932,-19,0,0,,0,0,0,0,0
2023,3,27,4,B6,1832,JFK,ORD,808,808,7,16,808,116,133,107,692,1004,10,1004,1004,34,0,0,,32,9,0,16,11
2023,6,5,2,WN,1473,ORD,DFW,1514,1514,5,12,1514,133,125,96,841,1727,17,1727,1727,16,0,0,,21,0,10,41,27
2023,2,13,2,G4,9629,MSP,IAH,855,855,64,8,855,171,188,162,1175,1146,18,1146,1146,62,0,0,,0,7,29,27,22
2023,12,15,3,DL,330,MIA,SFO,1217,1217,38,34,1217,216,203,154,1311,1553,15,1553,1553,27,0,0,,34,1,23,37,20
2023,3,14,3,NK,5852,DFW,TPA,825,825,44,26,825,279,265,232,1790,1304,7,1304,1304,27,0,1,C,16,6,49,35,1
2023,5,23,3,F9,7033,ATL,SEA,814,814,19,27,814,160,182,148,879,1054,7,1054,1054,24,0,0,,33,3,48,57,9
2023,12,16,5,AS,5267,DFW,SAN,1600,1600,25,26,1600,347,371,332,2528,2147,13,2147,2147,22,0,0,,28,7,3,44,11
2023,11,18,5,HA,4355,ATL,MSP,1725,1725,-6,29,1725,120,143,98,553,1925,16,1925,1925,-19,0,0,,0,0,0,0,0
2023,11,22,6,AA,6436,LGA,PHL,1103,1103,9,20,1103,374,397,361,2705,1717,16,1717,1717,-9,0,0,,0,0,0,0,0
2023,1,22,5,F9,7979,MDW,EWR,1433,1433,-6,13,1433,284,292,267,2089,1917,12,1917,1917,-15,0,0,,0,0,0,0,0
2023,1,11,7,HA,4239,MDW,SFO,827,827,-5,17,827,214,219,184,1300,1201,18,1201,1201,20,0,0,,11,9,46,45,0
2023,10,3,7,DL,6113,SEA,TPA,506,506,19,18,506,263,265,232,1885,929,15,929,929,45,0,0,,3,4,15,24,6
2023,9,22,1,F9,4723,SAN,BOS,2024,2024,31,30,2024,201,220,177,1188,2345,13,2345,2345,31,0,0,,15,3,32,33,0
2023,7,10,6,WN,1389,DEN,BWI,831,831,30,32,831,360,355,311,2423,1431,12,1431,1431,29,0,0,,10,2,32,2,21
2023,1,10,2,F9,4186,HOU,BWI,1206,1206,0,23,1206,160,155,124,894,1446,8,1446,1446,-2,0,0,,0,0,0,0,0
2023,12,21,4,AA,8912,TPA,BWI,1715,1715,7,33,1715,375,362,319,2690,2330,10,2330,2330,-3,0,0,,0,0,0,0,0
2023,8,16,1,DL,3236,LAX,MIA,2103,2103,-5,32,2103,116,123,81,468,2259,10,2259,2259,14,0,0,,0,0,0,0,0
2023,3,12,2,AS,4577,MIA,DTW,2211,2211,13,30,2211,216,201,159,1392,147,12,147,147,36,0,0,,7,7,3,40,11
2023,8,2,2,G4,1101,BWI,SAN,2125,2125,47,34,2125,169,176,127,922,14,15,14,14,31,0,0,,1,7,22,50,6
2023,5,9,6,UA,8865,BOS,IAH,1834,1834,14,8,1834,300,306,279,2066,2334,19,2334,2334,13,0,0,,0,0,0,0,0
2023,1,24,3,AA,8709,SFO,EWR,509,509,21,26,509,389,403,359,2649,1138,18,1138,1138,14,0,0,,0,0,0,0,0
2023,7,3,3,HA,2533,CLT,EWR,751,751,-19,12,751,178,164,142,1093,1049,10,1049,1049,-19,0,0,,0,0,0,0,0
2023,5,24,1,DL,7771,DFW,DEN,1731,1731,-22,33,1731,326,327,283,2164,2257,11,2257,2257,-2,0,0,,0,0,0,0,0
2023,6,25,3,WN,3671,DEN,MSP,1331,1331,20,34,1331,212,216,172,1363,1703,10,1703,1703,3,0,0,,0,0,0,0,0
2023,6,15,2,B6,782,JFK,DEN,1129,1129,65,13,1129,129,122,95,568,1338,14,1338,1338,63,0,0,,35,5,12,0,16
2023,8,3,3,DL,3524,CLT,LAX,1208,1208,-30,13,1208,173,168,148,1014,1501,7,1501,1501,-15,0,0,,0,0,0,0,0
2023,9,19,5,HA,6132,ATL,PHL,2013,2013,41,12,2013,155,156,129,938,2248,15,2248,2248,35,0,0,,33,9,18,0,16
2023,2,18,3,UA,4783,IAD,BNA,612,612,14,13,612,301,299,281,2021,1113,5,1113,1113,25,0,0,,22,9,48,31,24
2023,9,8,2,UA,9782,MCO,IAD,1055,1055,-15,32,1055,120,122,84,644,1255,6,1255,1255,-9,0,0,,0,0,0,0,0
2023,12,26,6,NK,4996,PHL,LAS,1930,1930,-3,20,1930,194,196,166,1212,2244,10,2244,2244,14,0,0,,0,0,0,0,0
2023,11,17,1,G4,1502,SAN,BWI,1819,1819,14,8,1819,334,326,301,2359,2353,17,2353,2353,-4,0,0,,0,0,0,0,0
2023,10,8,4,HA,3081,LGA,MDW,559,559,-2,8,559,316,329,307,2175,1115,14,1115,1115,-4,0,0,,0,0,0,0,0
2023,9,7,3,UA,9269,CLT,LAS,943,943,-30,32,943,344,336,290,2318,1527,14,1527,1527,-24,0,0,,0,0,0,0,0
2023,10,7,7,NK,9293,SAN,DFW,2132,2132,-4,21,2132,369,379,342,2596,341,16,341,341,-33,0,0,,0,0,0,0,0
2023,10,3,7,NK,503,BOS,EWR,1257,1257,-9,15,1257,318,330,303,2135,1815,12,1815,1815,-19,0,0,,0,0,0,0,0
2023,7,1,2,NK,9532,SEA,CLT,531,531,-1,16,531,164,156,124,877,815,16,815,815,-9,0,0,,0,0,0,0,0
2023,1,4,4,DL,3886,MDW,ATL,1418,1418,-8,30,1418,111,115,68,710,1609,17,1609,1609,7,0,0,,0,0,0,0,0
2023,7,25,4,NK,8010,PHX,DTW,529,529,-2,17,529,190,182,151,1302,839,14,839,839,-8,0,0,,0,0,0,0,0
2023,10,5,5,AA,624,MDW,DAL,2239,2239,21,13,2239,113,111,93,689,32,5,32,32,10,0,0,,0,0,0,0,0
2023,5,1,4,HA,1051,PHL,ATL,2006,2006,56,16,2006,340,337,304,2553,146,17,146,146,59,0,0,,1,6,18,50,0
2023,6,15,7,AA,7386,DTW,SEA,1615,1615,6,25,1615,149,173,138,809,1844,10,1844,1844,-12,0,0,,0,0,0,0,0
2023,10,5,6,B6,6082,MDW,IAD,1111,1111,8,22,1111,370,371,342,2629,1721,7,1721,1721,-16,0,0,,0,0,0,0,0
2023,7,13,2,UA,5485,BWI,MSP,1634,1634,21,11,1634,276,286,256,2013,2110,19,2110,2110,16,0,0,,29,5,32,2,4
2023,5,8,2,G4,3773,MSP,TPA,2109,2109,-11,9,2109,400,390,371,2760,349,10,349,349,-25,0,0,,0,0,0,0,0
2023,7,8,3,NK,3917,LAX,BNA,1201,1201,24,13,1201,240,241,213,1600,1601,15,1601,1601,5,0,0,,0,0,0,0,0
2023,9,5,3,WN,4019,DEN,BWI,1117,1117,-7,24,1117,161,149,117,966,1358,8,1358,1358,3,0,0,,0,0,0,0,0
2023,3,28,3,WN,1330,DTW,HOU,1820,1820,-8,14,1820,289,298,274,2094,2309,10,2309,2309,6,0,0,,0,0,0,0,0
2023,8,9,7,UA,4115,ORD,BWI,1949,1949,9,30,1949,223,214,175,1365,2332,9,2332,2332,19,0,0,,18,3,2,44,1
2023,2,1,7,B6,3368,MDW,LAS,2112,2112,-30,30,2112,65,66,20,161,2217,16,2217,2217,-10,0,0,,0,0,0,0,0
2023,11,4,7,WN,8096,BWI,MIA,1228,1228,62,27,1228,324,330,298,2436,1752,5,1752,1752,70,0,0,,3,9,36,13,18
2023,7,3,7,AA,5142,BOS,FLL,1857,1857,-20,22,1857,310,322,285,2045,7,15,7,7,-40,0,0,,0,0,0,0,0
2023,2,2,7,F9,3952,MSP,IAD,2046,2046,76,31,2046,355,345,304,2650,241,10,241,241,72,0,0,,8,6,13,14,22
2023,4,8,7,DL,5085,JFK,DTW,1023,1023,24,28,1023,363,377,341,2580,1626,8,1626,1626,16,0,0,,20,3,23,49,29
2023,7,23,6,AS,1574,FLL,MDW,1137,1137,18,9,1137,47,41,20,197,1224,18,1224,1224,8,0,0,,0,0,0,0,0
2023,3,9,7,WN,2635,SFO,DEN,2251,2251,29,28,2251,335,358,318,2514,426,12,426,426,33,0,0,,28,4,36,13,1
2023,2,2,4,G4,2769,DTW,MDW,1037,1037,11,19,1037,335,333,298,2406,1612,16,1612,1612,-9,0,0,,0,0,0,0,0
2023,11,14,4,NK,5303,IAH,LAX,1611,1611,33,17,1611,250,256,223,1720,2021,16,2021,2021,9,0,0,,0,0,0,0,0
2023,10,14,5,G4,6251,JFK,SFO,929,929,41,32,929,131,141,95,726,1140,14,1140,1140,44,0,0,,28,0,33,21,13
2023,7,4,6,HA,1212,SEA,MDW,2137,2137,25,33,2137,334,328,291,2512,311,4,311,311,29,0,0,,33,4,8,32,8
2023,1,6,3,DL,8968,EWR,MCO,1559,1559,-19,24,1559,146,132,104,903,1825,4,1825,1825,-13,0,0,,0,0,0,0,0
2023,8,11,1,AA,5956,EWR,TPA,632,632,-24,34,632,194,181,129,1209,946,18,946,946,-29,0,0,,0,0,0,0,0
2023,3,3,7,B6,1161,EWR,IAD,659,659,-11,25,659,110,105,75,703,849,5,849,849,2,0,0,,0,0,0,0,0
2023,12,8,5,DL,5978,MSP,SFO,2246,2246,20,23,2246,106,100,66,552,32,11,32,32,27,0,0,,10,2,34,19,18
2023,12,3,1,AS,7042,ATL,BNA,2228,2228,36,17,2228,196,192,157,1280,144,18,144,144,34,0,0,,13,0,30,6,27
2023,2,14,4,F9,2384,CLT,DEN,2201,2201,49,15,2201,305,303,274,2236,306,14,306,306,30,0,0,,6,1,25,16,18
2023,3,28,5,WN,5877,MDW,EWR,1021,1021,26,28,1021,376,390,350,2778,1637,12,1637,1637,19,0,0,,4,5,49,31,0
2023,5,13,5,B6,3541,DAL,PHL,735,735,-19,32,735,317,314,268,2377,1252,14,1252,1252,-4,0,0,,0,0,0,0,0
2023,11,13,2,B6,4636,IAD,BNA,1953,1953,-28,29,1953,297,311,268,2209,50,14,50,50,-6,0,0,,0,0,0,0,0
2023,8,2,4,WN,1096,DEN,PHL,2148,2148,46,20,2148,128,150,115,697,2356,15,2356,2356,37,0,0,,16,4,47,55,1
2023,10,13,4,WN,5902,DEN,EWR,1041,1041,-30,23,1041,213,208,175,1299,1414,10,1414,1414,-26,0,0,,0,0,0,0,0
2023,7,19,6,WN,8216,DAL,MCO,1600,1600,-1,15,1600,74,59,40,212,1714,4,1714,1714,-1,0,0,,0,0,0,0,0
2023,7,27,5,WN,1080,BNA,SAN,1245,1245,17,19,1245,178,189,155,993,1543,15,1543,1543,20,0,0,,13,5,31,57,18
2023,12,6,7,WN,8371,LGA,TPA,1342,1342,12,24,1342,180,203,169,1158,1642,10,1642,1642,5,0,0,,0,0,0,0,0
2023,7,16,4,B6,2848,JFK,DAL,952,952,13,23,952,280,301,262,1992,1432,16,1432,1432,-22,0,0,,0,0,0,0,0
2023,8,2,5,UA,1961,LAX,TPA,1354,1354,14,16,1354,315,308,281,2181,1909,11,1909,1909,28,0,0,,39,6,23,48,16
2023,1,8,6,UA,1474,JFK,IAH,1350,1350,-30,32,1350,233,243,201,1472,1743,10,1743,1743,-2,0,0,,0,0,0,0,0
2023,4,17,7,G4,4889,IAH,TPA,639,639,27,26,639,327,336,294,2231,1206,16,1206,1206,18,0,1,D,11,7,2,15,16
2023,6,23,6,UA,4980,CLT,TPA,1329,1329,-30,24,1329,151,152,113,901,1600,15,1600,1600,-36,0,0,,0,0,0,0,0
2023,9,2,2,AS,1213,DFW,MCO,1133,1133,23,31,1133,50,40,20,198,1223,8,1223,1223,20,0,0,,12,9,47,0,13
2023,2,10,7,UA,5698,SAN,BOS,1533,1533,-5,15,1533,157,156,126,807,1810,15,1810,1810,-5,0,0,,0,0,0,0,0
2023,1,28,5,B6,9002,DAL,LGA,1747,1747,-25,19,1747,252,239,210,1810,2159,10,2159,2159,-7,0,0,,0,0,0,0,0
2023,10,16,4,WN,420,MDW,IAH,1232,1232,0,16,1232,155,170,141,850,1507,13,1507,1507,3,0,0,,0,0,0,0,0
2023,12,6,4,NK,3660,IAD,LAX,857,857,-5,13,857,184,196,164,1230,1201,19,1201,1201,-12,0,0,,0,0,0,0,0
2023,2,28,5,NK,5284,LAS,MSP,700,700,43,32,700,338,331,285,2306,1238,14,1238,1238,23,0,0,,37,2,13,27,10
2023,7,2,5,AS,9471,SAN,PHX,943,943,11,17,943,248,250,214,1690,1351,19,1351,1351,22,0,0,,8,5,40,21,7
2023,3,2,5,HA,9633,ORD,MDW,1326,1326,-12,16,1326,298,322,301,2221,1824,5,1824,1824,-1,0,0,,0,0,0,0,0
2023,10,26,3,B6,1341,TPA,LAS,1825,1825,33,11,1825,354,370,347,2418,19,12,19,19,43,0,0,,1,3,43,55,7
2023,2,13,7,AA,5138,MSP,SFO,1629,1629,-1,18,1629,296,299,276,2133,2125,5,2125,2125,-10,0,0,,0,0,0,0,0
2023,11,24,4,DL,5190,CLT,MSP,600,600,14,28,600,111,100,67,464,751,5,751,751,36,0,0,,9,6,19,52,23
2023,7,15,7,G4,1362,MDW,MCO,1620,1620,15,29,1620,346,336,299,2491,2206,8,2206,2206,-6,0,0,,0,0,0,0,0
2023,2,28,6,AA,592,DFW,SAN,2103,2103,-10,13,2103,285,281,251,1850,148,17,148,148,2,0,0,,0,0,0,0,0
2023,3,2,4,B6,527,ATL,BWI,1437,1437,48,33,1437,197,198,147,1167,1754,18,1754,1754,20,0,0,,39,1,30,13,25
2023,11,7,3,UA,7856,IAD,LAS,528,528,-30,25,528,138,161,125,787,746,11,746,746,-33,0,0,,0,0,0,0,0
2023,7,3,5,WN,1293,LGA,BWI,2029,2029,27,11,2029,347,338,318,2464,216,9,216,216,44,0,0,,20,8,27,14,2
2023,4,8,2,AA,1655,BWI,SLC,1137,1137,-30,19,1137,312,307,269,2285,1649,19,1649,1649,-14,0,0,,0,0,0,0,0
2023,1,23,5,DL,188,MSP,SFO,1929,1929,1,16,1929,376,394,363,2652,145,15,145,145,-4,0,0,,0,0,0,0,0
2023,5,14,5,HA,2759,FLL,MSP,1902,1902,55,22,1902,276,262,228,1799,2338,12,2338,2338,43,0,0,,31,2,32,47,3
2023,12,24,3,NK,8721,MSP,LAS,552,552,5,30,552,373,371,332,2628,1205,9,1205,1205,7,0,0,,0,0,0,0,0
2023,9,23,7,HA,8626,CLT,MDW,753,753,-5,16,753,296,298,274,1925,1249,8,1249,1249,4,0,0,,0,0,0,0,0
2023,8,27,4,DL,6432,TPA,SAN,1015,1015,4,13,1015,313,306,289,2116,1528,4,1528,1528,20,0,0,,24,4,3,15,1
2023,12,22,5,WN,6038,SEA,DAL,1248,1248,3,18,1248,314,337,308,2113,1802,11,1802,1802,-1,0,0,,0,0,0,0,0
2023,9,7,4,UA,9997,SLC,BOS,2051,2051,51,14,2051,291,279,259,1917,142,6,142,142,26,0,0,,35,9,33,6,23
2023,10,21,1,DL,8495,ATL,PHL,1543,1543,1,32,1543,78,76,29,391,1701,15,1701,1701,5,0,0,,0,0,0,0,0
2023,9,7,6,G4,4183,TPA,SFO,2148,2148,17,21,2148,130,125,88,851,2358,16,2358,2358,11,0,0,,0,0,0,0,0
2023,7,1,7,DL,6974,BNA,CLT,1034,1034,11,23,1034,132,146,118,890,1246,5,1246,1246,-4,0,0,,0,0,0,0,0
2023,4,17,4,B6,438,LGA,SEA,920,920,-12,22,920,314,338,306,2263,1434,10,1434,1434,-5,0,0,,0,0,0,0,0
2023,5,9,2,UA,833,TPA,SFO,945,945,-16,27,945,358,369,328,2575,1543,14,1543,1543,-14,0,0,,0,0,0,0,0
2023,1,21,6,WN,8989,LAS,BNA,1345,1345,2,16,1345,368,381,360,2585,1953,5,1953,1953,7,0,0,,0,0,0,0,0
2023,1,13,2,NK,8752,BNA,FLL,635,635,7,26,635,289,305,262,1964,1124,17,1124,1124,-3,0,0,,0,0,0,0,0
2023,3,21,5,NK,8954,MDW,PHL,2028,2028,11,19,2028,149,163,126,930,2257,18,2257,2257,17,0,0,,22,9,1,4,11
2023,8,19,6,DL,5795,MIA,BWI,2219,2219,92,18,2219,324,334,312,2406,343,4,343,343,64,0,0,,23,1,14,28,14
2023,2,21,4,B6,3575,BWI,SFO,1824,1824,-14,15,1824,41,55,26,165,1905,14,1905,1905,-20,0,0,,0,0,0,0,0
2023,4,19,6,AA,3786,SEA,SLC,2132,2132,21,10,2132,164,158,130,1135,16,18,16,16,17,0,0,,31,5,20,55,4
2023,2,25,5,HA,5221,TPA,SFO,532,532,29,26,532,95,91,47,516,707,18,707,707,48,0,0,,39,9,36,55,15
2023,5,25,3,HA,7751,BOS,JFK,1146,1146,33,10,1146,205,222,196,1402,1511,16,1511,1511,39,0,0,,9,9,6,11,24
2023,9,22,7,HA,6819,MCO,IAD,2225,2225,-11,32,2225,352,370,333,2637,417,5,417,417,6,0,0,,0,0,0,0,0
2023,1,17,2,AA,685,MDW,LAS,714,714,-2,33,714,132,134,92,839,926,9,926,926,17,0,0,,30,3,25,38,14
2023,5,23,5,B6,4234,SFO,MDW,632,632,34,10,632,180,203,188,1209,932,5,932,932,74,0,0,,36,7,41,6,29
2023,9,23,3,HA,578,FLL,PHX,1249,1249,38,13,1249,170,170,153,996,1539,4,1539,1539,35,0,0,,14,4,1,43,26
2023,1,10,6,G4,8008,IAD,SFO,2050,2050,19,18,2050,96,84,62,571,2226,4,2226,2226,35,0,0,,39,1,29,11,3
2023,9,10,6,AA,228,JFK,SEA,625,625,-30,27,625,258,252,208,1793,1043,17,1043,1043,-11,0,0,,0,0,0,0,0
2023,8,4,5,AA,2329,LGA,BWI,844,844,-18,21,844,220,232,204,1362,1224,7,1224,1224,-1,0,0,,0,0,0,0,0
2023,4,8,4,WN,2732,SAN,BOS,516,516,0,9,516,135,137,117,757,731,11,731,731,23,0,0,,9,3,30,18,26
2023,12,22,6,WN,9020,SAN,BOS,1323,1323,0,19,1323,211,204,176,1488,1654,9,1654,1654,-3,0,0,,0,0,0,0,0
2023,11,20,4,UA,431,BNA,MSP,1006,1006,0,23,1006,73,79,37,169,1119,19,1119,1119,-4,0,0,,0,0,0,0,0
2023,10,20,4,G4,9256,BNA,BWI,1146,1146,17,10,1146,151,145,128,825,1417,7,1417,1417,20,0,0,,26,8,33,57,22
2023,5,18,7,G4,1710,FLL,LAX,1129,1129,58,28,1129,106,130,93,531,1315,9,1315,1315,49,0,0,,9,3,9,18,27
2023,5,14,4,UA,5783,DTW,HOU,1901,1901,8,23,1901,143,150,118,758,2124,9,2124,2124,13,0,0,,0,0,0,0,0
2023,11,18,1,G4,1235,EWR,SEA,1317,1317,20,17,1317,332,329,300,2340,1849,12,1849,1849,38,0,0,,18,2,26,20,19
2023,12,28,7,AS,8494,LAX,BOS,559,559,2,27,559,81,89,43,211,720,19,720,720,-2,0,0,,0,0,0,0,0
2023,6,14,3,F9,5206,IAH,PHX,2106,2106,36,12,2106,217,214,195,1415,43,7,43,43,29,0,0,,21,9,4,56,3
2023,7,20,3,HA,1421,LGA,DTW,949,949,27,20,949,343,352,323,2435,1532,9,1532,1532,27,0,0,,37,8,16,42,22
2023,8,21,6,WN,769,MCO,SAN,1127,1127,-20,19,1127,204,217,180,1304,1451,18,1451,1451,-18,0,0,,0,0,0,0,0
2023,8,24,6,UA,6035,BNA,LAS,828,828,-30,34,828,281,281,234,1778,1309,13,1309,1309,-40,0,0,,0,0,0,0,0
2023,11,15,4,UA,9597,MSP,BWI,1435,1435,30,8,1435,252,276,264,1776,1847,4,1847,1847,21,0,0,,10,1,37,21,17
2023,2,22,7,G4,8636,SFO,BNA,1122,1122,-1,27,1122,212,202,165,1296,1454,10,1454,1454,9,0,0,,0,0,0,0,0
2023,9,4,7,AA,3105,SEA,MCO,1710,1710,-11,18,1710,260,252,224,1613,2130,10,2130,2130,10,0,0,,0,0,0,0,0
2023,7,13,1,NK,4356,MCO,LAX,933,933,-17,33,933,166,184,137,1076,1219,14,1219,1219,-26,0,0,,0,0,0,0,0
2023,4,27,4,DL,3306,EWR,LAX,1019,1019,9,26,1019,354,356,326,2539,1613,4,1613,1613,-4,0,0,,0,0,0,0,0
2023,4,23,1,DL,1539,SEA,MDW,2238,2238,62,22,2238,240,256,223,1592,238,11,238,238,55,0,0,,29,1,29,24,10
2023,11,8,4,UA,1332,PHX,IAH,1814,1814,9,25,1814,261,255,213,1803,2235,17,2235,2235,-15,0,0,,0,0,0,0,0
2023,8,18,2,HA,8169,MIA,MSP,948,948,11,23,948,388,406,375,2652,1616,8,1616,1616,6,0,0,,0,0,0,0,0
2023,4,12,2,AS,6940,SEA,SFO,2217,2217,19,14,2217,97,104,74,431,2354,16,2354,2354,-3,0,0,,0,0,0,0,0
2023,6,23,5,HA,8262,EWR,LGA,1132,1132,-18,17,1132,180,183,148,1035,1432,18,1432,1432,3,0,0,,0,0,0,0,0
2023,5,14,4,UA,5559,TPA,LGA,1704,1704,21,32,1704,180,184,134,1174,2004,18,2004,2004,11,0,0,,0,0,0,0,0
2023,3,2,7,HA,5945,MIA,SAN,629,629,-13,23,629,141,159,124,872,850,12,850,850,11,0,0,,0,0,0,0,0
2023,10,18,6,WN,7127,CLT,MIA,648,648,10,24,648,288,310,275,1948,1136,11,1136,1136,24,0,0,,3,6,48,33,15
2023,11,24,3,HA,481,FLL,BNA,1952,1952,4,14,1952,203,204,184,1385,2315,6,2315,2315,-2,0,0,,0,0,0,0,0
2023,2,2,5,G4,5264,IAH,SLC,1317,1317,42,18,1317,61,50,28,236,1418,4,1418,1418,25,0,0,,34,5,1,17,18
2023,9,11,6,G4,4095,MDW,BNA,2244,2244,-14,24,2244,153,139,109,814,117,6,117,117,-12,0,0,,0,0,0,0,0
2023,10,9,2,AS,6168,DTW,IAH,2146,2146,30,12,2146,182,200,171,1011,48,17,48,48,26,0,0,,15,9,32,5,1
2023,9,12,4,WN,2794,PHX,IAD,1447,1447,-16,8,1447,291,295,282,1872,1938,5,1938,1938,-7,0,0,,0,0,0,0,0
2023,1,17,5,NK,2893,DFW,TPA,916,916,-15,10,916,302,288,273,2258,1418,5,1418,1418,-20,0,0,,0,0,0,0,0
2023,10,15,4,AA,1199,BOS,TPA,2119,2119,-30,23,2119,344,356,319,2292,303,14,303,303,-15,0,0,,0,0,0,0,0
2023,3,25,2,WN,8012,FLL,DFW,1856,1856,75,31,1856,162,164,115,935,2138,18,2138,2138,69,0,0,,10,3,10,39,5
2023,8,17,5,B6,2373,MDW,DTW,1734,1734,23,22,1734,270,293,264,1726,2204,7,2204,2204,17,0,0,,7,7,26,4,29
2023,6,26,2,F9,1893,LAS,ORD,1157,1157,9,11,1157,278,297,281,1817,1635,5,1635,1635,1,0,0,,0,0,0,0,0
2023,5,26,1,UA,5791,SLC,ATL,2119,2119,0,19,2119,345,344,314,2494,304,11,304,304,0,0,0,,0,0,0,0,0
2023,5,18,2,B6,1884,SFO,BOS,1553,1553,12,8,1553,155,178,162,843,1828,8,1828,1828,2,0,0,,0,0,0,0,0
2023,6,22,7,AS,5468,ATL,SFO,1012,1012,22,24,1012,349,373,345,2596,1601,4,1601,1601,21,0,0,,3,8,26,7,19
2023,7,6,7,B6,798,SFO,HOU,1547,1547,-30,31,1547,219,242,202,1404,1926,9,1926,1926,-22,0,0,,0,0,0,0,0
2023,1,17,4,G4,8210,TPA,MSP,1443,1443,-5,22,1443,122,109,72,683,1645,15,1645,1645,1,0,0,,0,0,0,0,0
2023,9,23,3,HA,8236,SFO,HOU,1222,1222,56,31,1222,109,112,71,551,1411,10,1411,1411,71,0,0,,24,5,46,19,0
2023,3,24,2,AA,155,PHL,DEN,721,721,-21,27,721,84,91,45,279,845,19,845,845,-17,0,0,,0,0,0,0,0
2023,4,18,6,DL,4963,SFO,FLL,1101,1101,12,27,1101,366,369,326,2489,1707,16,1707,1707,24,0,0,,18,6,14,14,1
2023,10,8,7,UA,4081,SEA,SFO,2141,2141,88,17,2141,81,83,47,425,2302,19,2302,2302,80,0,0,,34,1,1,29,3
2023,1,9,3,DL,8051,MSP,IAH,1123,1123,14,18,1123,273,287,265,2008,1556,4,1556,1556,11,0,0,,0,0,0,0,0
2023,11,6,1,HA,5948,ORD,LAX,1241,1241,4,25,1241,77,100,59,204,1358,16,1358,1358,4,0,0,,0,0,0,0,0
2023,10,5,5,G4,9618,PHX,ORD,1424,1424,26,9,1424,160,163,139,914,1704,15,1704,1704,23,0,0,,13,8,19,23,26
2023,3,12,5,G4,4321,MCO,BOS,2112,2112,-1,13,2112,191,180,161,1370,23,6,23,23,5,0,0,,0,0,0,0,0
2023,2,25,7,HA,1893,DTW,MSP,1053,1053,33,23,1053,126,123,88,791,1259,12,1259,1259,19,0,0,,35,5,41,55,2
2023,2,28,3,UA,9090,SFO,SEA,900,900,3,31,900,273,291,241,1997,1333,19,1333,1333,-13,0,0,,0,0,0,0,0
2023,1,11,7,DL,3425,LGA,DTW,1400,1400,-30,14,1400,143,151,121,873,1623,16,1623,1623,-16,0,0,,0,0,0,0,0
2023,8,25,5,WN,9451,LGA,EWR,2127,2127,20,30,2127,198,200,153,1363,45,17,45,45,30,0,0,,39,6,25,37,19
2023,3,1,2,G4,2016,HOU,SFO,1011,1011,-29,26,1011,165,153,117,951,1256,10,1256,1256,-14,0,0,,0,0,0,0,0
2023,3,11,3,DL,6674,DEN,MDW,546,546,5,19,546,142,162,126,887,808,17,808,808,8,0,0,,0,0,0,0,0
2023,6,19,4,NK,6033,SLC,LAS,1955,1955,21,25,1955,156,148,107,907,2231,16,2231,2231,29,0,0,,11,9,12,4,28
2023,8,9,2,DL,4834,IAD,JFK,549,549,25,17,549,246,231,196,1741,955,18,955,955,32,0,0,,4,7,20,45,7
2023,9,27,2,NK,9895,MDW,DTW,602,602,18,14,602,386,408,379,2764,1228,15,1228,1228,27,0,0,,26,8,33,13,8
2023,9,2,2,NK,9066,SAN,DTW,836,836,-4,11,836,239,259,241,1449,1235,7,1235,1235,-12,0,0,,0,0,0,0,0
2023,4,12,4,G4,566,BWI,IAD,1435,1435,2,24,1435,289,311,269,1991,1924,18,1924,1924,-9,0,0,,0,0,0,0,0
2023,5,4,1,UA,7413,SFO,TPA,2015,2015,0,24,2015,117,114,81,489,2212,9,2212,2212,-3,0,0,,0,0,0,0,0
2023,2,4,6,AS,2019,IAD,SAN,2006,2006,-30,11,2006,95,101,81,302,2141,9,2141,2141,-24,0,0,,0,0,0,0,0
2023,11,18,7,G4,2315,HOU,IAH,2214,2214,32,28,2214,256,269,223,1738,230,18,230,230,26,0,0,,39,5,0,11,9
2023,9,15,5,UA,4413,MDW,IAH,1707,1707,30,12,1707,225,218,191,1571,2052,15,2052,2052,5,0,0,,0,0,0,0,0
2023,8,19,7,UA,3884,BWI,IAH,1920,1920,20,8,1920,231,242,228,1617,2311,6,2311,2311,40,0,0,,12,1,43,50,29
2023,3,13,3,B6,8217,BOS,IAD,1843,1843,-2,26,1843,117,105,74,576,2040,5,2040,2040,-3,0,0,,0,0,0,0,0
2023,11,19,1,HA,6740,DFW,TPA,2043,2043,12,29,2043,344,368,331,2401,227,8,227,227,14,0,0,,0,0,0,0,0
2023,12,17,3,HA,9330,SAN,DFW,1922,1922,7,33,1922,207,208,164,1285,2249,11,2249,2249,23,0,0,,3,5,39,50,3
2023,9,6,7,HA,7903,SLC,EWR,1913,1913,45,30,1913,347,368,332,2522,100,6,100,100,12,0,0,,0,0,0,0,0
2023,3,16,5,F9,1190,MSP,EWR,1303,1303,27,18,1303,171,158,132,1099,1554,8,1554,1554,19,0,0,,9,7,48,41,3
2023,9,24,4,G4,7157,FLL,DTW,2113,2113,40,8,2113,215,203,178,1523,48,17,48,48,31,0,0,,0,6,9,10,22
2023,2,12,7,UA,7343,MCO,IAH,1408,1408,28,15,1408,303,327,293,2180,1911,19,1911,1911,22,0,0,,10,6,46,3,28
2023,12,19,2,B6,6885,ORD,TPA,1720,1720,-1,11,1720,176,176,159,1106,2016,6,2016,2016,-1,0,0,,0,0,0,0,0
2023,10,5,7,NK,3158,MDW,ATL,757,757,36,32,757,282,277,228,1851,1239,17,1239,1239,50,0,0,,37,8,40,28,4
2023,9,17,2,AS,5521,ORD,MCO,2231,2231,33,34,2231,359,370,326,2632,430,10,430,430,38,0,0,,22,1,17,51,4
2023,8,26,4,AS,1742,BNA,DAL,2145,2145,33,34,2145,238,248,196,1453,143,18,143,143,42,0,0,,12,0,7,33,18
2023,9,23,7,NK,3689,BOS,PHL,809,809,26,29,809,117,132,84,520,1006,19,1006,1006,25,0,0,,4,1,45,8,25
2023,5,26,1,DL,7486,MCO,HOU,1821,1821,11,22,1821,326,344,313,2446,2347,9,2347,2347,-5,0,0,,0,0,0,0,0
2023,11,1,1,DL,5370,BOS,MCO,1229,1229,73,24,1229,331,323,290,2378,1800,9,1800,1800,39,0,0,,9,8,12,7,4
2023,11,28,3,HA,5645,BWI,MDW,1253,1253,6,25,1253,161,184,155,852,1534,4,1534,1534,-11,0,0,,0,0,0,0,0
2023,2,27,4,G4,9090,HOU,SAN,1910,1910,56,10,1910,252,237,222,1824,2322,5,2322,2322,54,0,0,,21,6,13,31,10
2023,8,25,1,F9,4024,HOU,LAX,829,829,4,25,829,318,304,270,2275,1347,9,1347,1347,6,0,0,,0,0,0,0,0
2023,12,24,7,B6,717,BOS,DAL,1159,1159,43,33,1159,345,356,312,2533,1744,11,1744,1744,36,0,0,,36,4,8,58,14
2023,6,23,4,AS,3968,LGA,BNA,2115,2115,24,14,2115,60,47,25,199,2215,8,2215,2215,18,0,0,,19,5,4,5,13
2023,8,10,5,HA,7424,DFW,MDW,710,710,5,24,710,338,356,317,2282,1248,15,1248,1248,30,0,0,,27,1,46,5,13
2023,11,15,2,AA,6451,LGA,SEA,648,648,50,32,648,318,318,281,2201,1206,5,1206,1206,35,0,0,,20,0,10,26,7
2023,5,23,7,HA,3216,SLC,ATL,1903,1903,0,25,1903,171,156,123,1142,2154,8,2154,2154,13,0,0,,0,0,0,0,0
2023,10,21,2,AA,7826,JFK,ATL,1310,1310,-7,27,1310,363,354,308,2514,1913,19,1913,1913,-4,0,0,,0,0,0,0,0
2023,2,21,2,WN,391,MIA,DFW,527,527,10,15,527,182,201,174,1284,829,12,829,829,10,0,0,,0,0,0,0,0
2023,6,11,4,UA,9892,IAD,SFO,1621,1621,37,18,1621,244,250,223,1507,2025,9,2025,2025,48,0,0,,36,8,15,4,4
2023,5,13,4,NK,3038,BWI,LAS,1943,1943,14,10,1943,275,291,265,2024,18,16,18,18,31,0,0,,4,9,28,33,4
2023,12,5,3,UA,233,IAD,MSP,728,728,53,32,728,173,183,135,912,1021,16,1021,1021,44,0,0,,32,4,4,13,24
2023,12,1,2,HA,3132,PHL,DEN,1705,1705,-15,14,1705,168,158,136,1154,1953,8,1953,1953,-1,0,0,,0,0,0,0,0
2023,5,24,3,UA,7635,BOS,LAX,624,624,-30,22,624,336,331,296,2316,1200,13,1200,1200,-19,0,0,,0,0,0,0,0
2023,1,12,2,B6,234,BOS,BNA,516,516,16,17,516,95,110,84,499,651,9,651,651,16,0,0,,5,0,41,48,4
2023,2,11,3,WN,1392,MCO,SLC,1657,1657,24,19,1657,162,167,132,836,1939,16,1939,1939,25,0,0,,14,6,43,6,28
2023,8,17,3,F9,9448,SFO,CLT,838,838,28,19,838,116,122,88,691,1034,15,1034,1034,18,0,0,,14,6,34,19,8
2023,3,4,5,WN,890,DAL,DTW,1513,1513,16,26,1513,90,75,30,510,1643,19,1643,1643,12,0,0,,0,0,0,0,0
2023,10,15,3,AS,7903,MSP,IAD,2025,2025,3,26,2025,371,376,333,2527,236,17,236,236,-2,0,0,,0,0,0,0,0
2023,3,25,4,B6,746,DAL,IAD,1341,1341,8,22,1341,329,333,297,2416,1910,14,1910,1910,20,0,0,,25,0,23,54,10
2023,8,9,3,UA,9912,PHX,FLL,613,613,-10,28,613,331,324,281,2405,1144,15,1144,1144,-8,0,0,,0,0,0,0,0
2023,8,21,2,F9,428,ORD,PHX,1150,1150,-18,28,1150,264,275,235,1843,1614,12,1614,1614,-29,0,0,,0,0,0,0,0
2023,2,20,3,UA,732,LAX,SAN,1501,1501,5,33,1501,67,80,37,234,1608,10,1608,1608,-2,0,0,,0,0,0,0,0
2023,8,19,1,G4,800,MSP,CLT,753,753,10,12,753,151,168,143,834,1024,13,1024,1024,-28,0,0,,0,0,0,0,0
2023,11,19,6,G4,6508,HOU,PHL,1556,1556,35,20,1556,75,60,21,394,1711,19,1711,1711,26,0,0,,9,0,49,35,23
2023,1,12,2,DL,7026,JFK,FLL,1822,1822,23,32,1822,247,234,196,1508,2229,6,2229,2229,22,0,0,,26,2,18,32,15
2023,6,5,1,WN,9028,JFK,BOS,914,914,81,16,914,119,135,106,745,1113,13,1113,1113,69,0,0,,15,2,36,9,29
2023,8,10,2,F9,7625,PHX,DEN,2147,2147,27,29,2147,212,216,174,1306,119,13,119,119,49,0,0,,20,1,13,33,0
2023,3,17,4,G4,8327,SFO,PHX,1302,1302,-5,34,1302,283,284,242,1973,1745,8,1745,1745,5,0,0,,0,0,0,0,0
2023,8,5,6,DL,5384,DEN,HOU,2012,2012,71,34,2012,286,307,266,1947,58,7,58,58,69,0,0,,8,7,39,12,5
2023,12,22,6,B6,6208,SAN,MDW,930,930,42,30,930,87,109,65,499,1057,14,1057,1057,18,0,0,,15,5,21,24,4
2023,1,16,4,F9,2539,SFO,PHL,2018,2018,50,17,2018,332,326,301,2479,150,8,150,150,40,0,0,,8,4,46,43,17
2023,11,7,6,DL,3719,LAX,ATL,1623,1623,9,15,1623,333,346,320,2490,2156,11,2156,2156,4,0,0,,0,0,0,0,0
2023,11,28,4,NK,8233,BOS,MCO,1546,1546,17,16,1546,205,221,191,1442,1911,14,1911,1911,7,0,0,,0,0,0,0,0
2023,9,9,1,F9,3368,PHX,SEA,1943,1943,46,13,1943,299,296,266,2034,42,17,42,42,32,0,0,,38,1,10,51,6
2023,11,3,5,HA,5009,HOU,SAN,1947,1947,-28,31,1947,270,285,245,1710,17,9,17,17,-40,0,0,,0,0,0,0,0
2023,9,15,2,DL,5230,IAD,DAL,902,902,32,25,902,171,159,127,1133,1153,7,1153,1153,14,0,0,,0,0,0,0,0
2023,5,16,4,UA,7389,LGA,SEA,2253,2253,-30,17,2253,325,327,302,2217,418,8,418,418,-13,0,0,,0,0,0,0,0
2023,10,18,2,HA,2416,BNA,FLL,529,529,9,31,529,290,285,240,2013,1019,14,1019,1019,8,0,0,,0,0,0,0,0
2023,4,14,1,NK,7172,MDW,JFK,1732,1732,8,22,1732,295,297,265,2129,2227,10,2227,2227,3,0,0,,0,0,0,0,0
2023,11,3,5,G4,2950,LGA,MIA,717,717,17,20,717,280,301,264,1886,1157,17,1157,1157,16,0,0,,33,6,20,26,8
2023,6,12,1,AA,4262,BNA,MIA,2253,2253,22,18,2253,371,388,359,2602,504,11,504,504,35,0,0,,38,9,48,49,22
2023,12,9,6,DL,5146,MSP,SFO,1335,1335,35,9,1335,194,215,198,1288,1649,8,1649,1649,32,0,0,,23,6,32,51,12
2023,7,28,2,B6,3467,TPA,MSP,1929,1929,33,15,1929,313,300,280,2068,42,5,42,42,37,0,0,,20,1,24,35,18
2023,5,7,7,DL,3089,PHL,LAS,2244,2244,-12,25,2244,137,122,88,850,101,9,101,101,-18,0,0,,0,0,0,0,0
2023,11,9,5,AA,1116,LAX,LGA,720,720,-20,10,720,319,322,300,2223,1239,12,1239,1239,-22,0,0,,0,0,0,0,0
2023,10,13,6,NK,4579,DEN,IAD,705,705,35,30,705,129,119,83,715,914,6,914,914,36,0,0,,18,8,6,39,4
2023,9,18,5,NK,2591,DTW,BWI,2113,2113,48,34,2113,95,89,45,544,2248,10,2248,2248,66,0,0,,24,4,39,42,24
2023,3,5,6,HA,7373,BNA,MCO,1412,1412,-30,32,1412,321,342,299,2106,1933,11,1933,1933,-6,0,0,,0,0,0,0,0
2023,7,13,1,F9,3574,SFO,MCO,827,827,-30,10,827,112,108,89,672,1019,9,1019,1019,-17,0,0,,0,0,0,0,0
2023,10,4,4,B6,2979,CLT,MCO,2133,2133,-5,28,2133,257,258,215,1712,150,15,150,150,0,0,0,,0,0,0,0,0
2023,10,2,2,HA,9423,IAD,PHL,1357,1357,28,32,1357,207,218,180,1256,1724,6,1724,1724,43,0,0,,27,5,36,28,23
2023,11,16,3,B6,7314,IAD,DAL,1352,1352,49,14,1352,131,117,99,699,1603,4,1603,1603,53,0,0,,11,5,2,43,7
2023,5,9,3,B6,7023,CLT,MSP,1318,1318,3,25,1318,238,247,216,1618,1716,6,1716,1716,-23,0,0,,0,0,0,0,0
2023,7,9,1,AA,4976,BWI,ATL,835,835,21,28,835,333,345,303,2284,1408,14,1408,1408,7,0,0,,0,0,0,0,0
2023,2,6,2,HA,4926,BOS,MSP,1105,1105,41,28,1105,144,165,128,982,1329,9,1329,1329,41,0,0,,21,9,11,49,12
2023,4,11,2,B6,8048,MSP,HOU,1015,1015,25,16,1015,107,128,98,536,1202,14,1202,1202,2,0,0,,0,0,0,0,0
2023,2,22,1,AS,8091,PHX,TPA,1527,1527,39,25,1527,166,167,135,1112,1813,7,1813,1813,24,0,0,,38,4,48,41,28
2023,12,24,2,AA,8052,BWI,LGA,1513,1513,19,8,1513,229,218,206,1571,1902,4,1902,1902,10,0,0,,0,0,0,0,0
2023,7,22,4,NK,5293,DEN,DAL,1751,1751,2,11,1751,112,115,95,435,1943,9,1943,1943,1,0,0,,0,0,0,0,0
2023,2,1,1,AA,6646,PHL,IAH,2006,2006,29,11,2006,99,87,72,518,2145,4,2145,2145,23,0,0,,7,4,1,27,28
2023,11,4,4,UA,5404,MSP,FLL,1657,1657,9,24,1657,236,259,220,1595,2053,15,2053,2053,6,0,0,,0,0,0,0,0
2023,1,13,2,UA,3431,BNA,LGA,1207,1207,-5,33,1207,286,308,264,1891,1653,11,1653,1653,8,0,0,,0,0,0,0,0
2023,9,23,1,B6,1996,BWI,LGA,1403,1403,34,30,1403,232,246,210,1616,1755,6,1755,1755,28,0,0,,14,6,21,34,10
2023,1,13,2,HA,6031,BWI,BOS,1913,1913,8,9,1913,297,313,285,1926,10,19,10,10,4,0,0,,0,0,0,0,0
2023,8,13,1,NK,3892,MSP,IAH,2136,2136,-30,34,2136,250,271,231,1693,146,6,146,146,-40,0,0,,0,0,0,0,0
2023,2,2,2,AA,7146,MSP,SEA,924,924,-21,22,924,156,167,128,1064,1200,17,1200,1200,-4,0,0,,0,0,0,0,0
2023,12,9,4,HA,8499,IAH,LGA,1050,1050,-30,20,1050,93,109,85,437,1223,4,1223,1223,-32,0,0,,0,0,0,0,0
2023,8,24,7,AA,9555,JFK,LGA,1305,1305,8,16,1305,80,75,53,244,1425,6,1425,1425,-4,0,0,,0,0,0,0,0
2023,3,8,4,AA,2103,LAX,LAS,2033,2033,19,14,2033,318,315,291,2238,151,10,151,151,21,0,0,,36,1,15,47,8
2023,6,7,2,AS,3031,IAH,SEA,1219,1219,10,19,1219,90,109,77,480,1349,13,1349,1349,1,0,0,,0,0,0,0,0
2023,3,4,1,UA,8525,MSP,PHX,2118,2118,-16,19,2118,268,269,239,1986,146,11,146,146,-18,0,0,,0,0,0,0,0
2023,7,18,3,AA,8108,SLC,BOS,1950,1950,18,21,1950,281,295,260,1954,31,14,31,31,20,0,1,D,21,8,5,53,15
2023,10,3,4,AS,243,HOU,FLL,1448,1448,32,30,1448,224,226,177,1328,1832,19,1832,1832,25,0,0,,1,9,45,3,12
2023,9,28,4,UA,1885,PHL,BNA,1154,1154,-27,22,1154,389,410,370,2701,1823,18,1823,1823,7,0,0,,0,0,0,0,0
2023,2,6,6,AS,8016,PHX,SFO,954,954,-30,8,954,108,122,103,424,1142,11,1142,1142,-24,0,0,,0,0,0,0,0
2023,12,12,3,HA,9625,EWR,BOS,1014,1014,5,16,1014,254,264,242,1738,1428,6,1428,1428,14,0,0,,0,0,0,0,0
2023,12,12,2,F9,6748,MIA,ATL,1800,1800,68,33,1800,347,347,306,2376,2347,8,2347,2347,36,0,0,,31,5,18,24,4
2023,5,21,7,UA,8495,LAS,DEN,710,710,36,23,710,317,312,285,2106,1227,4,1227,1227,22,0,0,,21,8,11,4,3
2023,6,28,1,G4,4331,TPA,IAD,1702,1702,15,16,1702,298,286,258,1925,2200,12,2200,2200,2,0,0,,0,0,0,0,0
2023,4,8,6,F9,7864,DTW,JFK,1547,1547,-12,23,1547,348,347,306,2334,2135,18,2135,2135,-20,0,0,,0,0,0,0,0
2023,4,22,2,HA,3110,LGA,TPA,1546,1546,28,9,1546,148,144,124,916,1814,11,1814,1814,31,0,0,,22,6,28,51,1
2023,4,22,5,AA,2187,IAH,LAX,714,714,-15,17,714,167,178,148,1137,1001,13,1001,1001,2,0,0,,0,0,0,0,0
2023,2,1,7,NK,1551,PHL,MDW,1315,1315,-10,32,1315,265,253,216,1909,1740,5,1740,1740,-2,0,0,,0,0,0,0,0
2023,4,4,4,HA,9985,IAD,DFW,1553,1553,-30,25,1553,228,247,209,1353,1941,13,1941,1941,-26,0,0,,0,0,0,0,0
2023,11,21,5,AS,647,DFW,MSP,919,919,-13,20,919,346,351,327,2440,1505,4,1505,1505,-17,0,0,,0,0,0,0,0
2023,1,28,4,AS,6145,SEA,BWI,1732,1732,-12,9,1732,178,198,173,1269,2030,16,2030,2030,5,0,0,,0,0,0,0,0
2023,12,11,4,AS,4657,SEA,DEN,2022,2022,32,20,2022,75,61,25,346,2137,16,2137,2137,54,0,0,,30,9,32,54,3
2023,6,3,5,AS,8905,BWI,DEN,853,853,-30,31,853,127,150,112,675,1100,7,1100,1100,-22,0,0,,0,0,0,0,0
2023,1,13,7,HA,538,BWI,MIA,1757,1757,7,10,1757,137,149,127,781,2014,12,2014,2014,19,0,0,,16,4,10,5,27
2023,10,25,5,NK,6573,MSP,ORD,1842,1842,-28,22,1842,218,236,199,1560,2220,15,2220,2220,-18,0,0,,0,0,0,0,0
2023,6,17,2,DL,235,MDW,HOU,1542,1542,32,10,1542,95,112,91,557,1717,11,1717,1717,38,0,1,B,26,1,32,31,28
2023,1,22,6,AS,9697,SAN,MSP,1124,1124,13,30,1124,211,203,154,1442,1455,19,1455,1455,-1,0,0,,0,0,0,0,0
2023,6,22,6,DL,6540,BNA,JFK,2016,2016,7,17,2016,200,192,169,1344,2336,6,2336,2336,2,0,0,,0,0,0,0,0
2023,10,10,5,NK,1375,DAL,EWR,804,804,17,13,804,297,303,277,2098,1301,13,1301,1301,21,0,0,,31,3,9,19,20
2023,8,21,2,NK,1910,BNA,EWR,604,604,-25,30,604,130,141,96,840,814,15,814,814,-5,0,0,,0,0,0,0,0
2023,11,12,6,F9,9108,MCO,DAL,1800,1800,21,29,1800,328,340,302,2367,2328,9,2328,2328,10,0,0,,0,0,0,0,0
2023,2,15,2,UA,7219,IAD,MSP,1157,1157,18,21,1157,88,83,43,308,1325,19,1325,1325,-7,0,0,,0,0,0,0,0
2023,2,21,2,G4,81,LGA,PHL,1254,1254,-30,16,1254,385,396,365,2644,1919,15,1919,1919,-29,0,0,,0,0,0,0,0
2023,12,10,4,B6,2084,MDW,PHX,1638,1638,3,25,1638,285,270,233,1839,2123,12,2123,2123,17,0,0,,38,1,21,32,29
2023,4,14,6,G4,1691,BOS,MIA,2112,2112,26,15,2112,314,337,309,2087,226,13,226,226,5,0,0,,0,0,0,0,0
2023,11,13,6,HA,757,ATL,MCO,1604,1604,8,34,1604,174,186,141,1167,1858,11,1858,1858,-5,0,0,,0,0,0,0,0
2023,3,5,4,B6,2671,DTW,IAH,821,821,40,13,821,189,200,174,1230,1130,13,1130,1130,38,0,0,,14,4,32,28,6
2023,4,6,5,NK,3752,MCO,LAX,934,934,-10,22,934,81,73,43,261,1055,8,1055,1055,-8,0,0,,0,0,0,0,0
2023,12,24,4,G4,8660,TPA,DAL,1543,1543,-1,21,1543,50,58,22,197,1633,15,1633,1633,8,0,0,,0,0,0,0,0
2023,7,2,6,WN,5262,LGA,ORD,1836,1836,-28,22,1836,294,318,280,2060,2330,16,2330,2330,-37,0,0,,0,0,0,0,0
2023,11,22,6,UA,6853,DFW,LAS,735,735,38,27,735,103,123,81,525,918,15,918,918,30,0,0,,29,0,34,49,11
2023,1,17,7,G4,1495,ATL,CLT,1129,1129,-6,13,1129,156,164,139,977,1405,12,1405,1405,11,0,0,,0,0,0,0,0
2023,6,4,5,UA,5741,DFW,CLT,1356,1356,2,29,1356,336,342,301,2230,1932,12,1932,1932,-11,0,0,,0,0,0,0,0
2023,3,14,4,DL,9212,DFW,IAD,503,503,-17,19,503,378,372,347,2701,1121,6,1121,1121,5,0,0,,0,0,0,0,0
2023,11,10,1,HA,8056,TPA,BWI,555,555,12,17,555,155,143,111,776,830,15,830,830,-1,0,0,,0,0,0,0,0
2023,10,3,1,UA,902,DFW,MCO,1130,1130,-9,26,1130,307,299,262,2069,1637,11,1637,1637,5,0,0,,0,0,0,0,0
2023,7,25,5,DL,673,BOS,TPA,1727,1727,65,15,1727,186,209,187,1176,2033,7,2033,2033,53,0,0,,24,2,32,35,16
2023,10,3,4,AS,8631,LAS,IAH,919,919,6,12,919,306,305,280,2041,1425,13,1425,1425,-7,0,0,,0,0,0,0,0
2023,2,15,4,DL,445,HOU,LAS,1022,1022,3,34,1022,323,315,271,2239,1545,10,1545,1545,-1,0,0,,0,0,0,0,0
2023,2,6,2,HA,9158,FLL,PHL,1049,1049,-5,17,1049,317,330,300,2206,1606,13,1606,1606,4,0,0,,0,0,0,0,0
2023,4,17,6,F9,8656,PHX,MDW,742,742,-6,18,742,145,168,139,968,1007,11,1007,1007,-3,0,0,,0,0,0,0,0
2023,1,12,3,AS,2199,DFW,LGA,1724,1724,-19,27,1724,149,168,131,806,1953,10,1953,1953,-1,0,0,,0,0,0,0,0
2023,3,22,7,NK,2288,DEN,MCO,1247,1247,23,21,1247,303,301,272,1961,1750,8,1750,1750,39,0,0,,28,4,34,40,10
2023,9,20,5,AA,4009,DAL,BWI,1920,1920,33,21,1920,163,179,144,939,2203,14,2203,2203,16,0,0,,23,4,23,48,2
2023,7,24,3,DL,9105,PHX,DAL,1026,1026,-25,9,1026,257,248,235,1609,1443,4,1443,1443,-34,0,0,,0,0,0,0,0
2023,7,11,3,DL,497,SLC,LAS,2120,2120,-10,33,2120,189,206,158,1304,29,15,29,29,-22,0,0,,0,0,0,0,0
2023,11,25,5,UA,1464,MSP,DAL,505,505,42,24,505,246,265,230,1779,911,11,911,911,27,0,0,,10,2,22,1,1
2023,4,4,4,NK,6829,BWI,DEN,2001,2001,-27,22,2001,245,256,226,1693,6,8,6,6,-8,0,0,,0,0,0,0,0
2023,2,26,5,G4,4254,DEN,SEA,939,939,-30,30,939,376,361,325,2795,1555,6,1555,1555,-17,0,0,,0,0,0,0,0
2023,4,28,3,WN,494,SEA,CLT,1723,1723,-9,33,1723,255,245,207,1823,2138,5,2138,2138,-12,0,0,,0,0,0,0,0
2023,6,26,6,B6,5066,MSP,ATL,1708,1708,-15,34,1708,286,272,232,2054,2154,6,2154,2154,-11,0,0,,0,0,0,0,0
2023,11,6,7,DL,5431,HOU,LGA,1546,1546,16,10,1546,239,230,204,1586,1945,16,1945,1945,32,0,0,,35,4,9,0,26
2023,11,1,7,G4,1427,ATL,MCO,1831,1831,16,10,1831,188,180,158,1085,2139,12,2139,2139,38,0,0,,26,0,25,39,28
2023,3,20,6,WN,9885,SLC,ATL,1015,1015,2,10,1015,75,88,73,170,1130,5,1130,1130,7,0,0,,0,0,0,0,0
2023,1,23,6,B6,1794,BNA,TPA,1822,1822,50,33,1822,175,175,125,1148,2117,17,2117,2117,13,0,0,,0,0,0,0,0
2023,12,28,4,AA,2724,JFK,HOU,2052,2052,-6,10,2052,227,240,217,1581,39,13,39,39,0,0,0,,0,0,0,0,0
2023,8,16,1,UA,659,CLT,BWI,1753,1753,30,25,1753,126,141,112,606,1959,4,1959,1959,39,0,0,,24,9,17,25,9
2023,12,15,5,G4,4762,MSP,SFO,1900,1900,69,13,1900,236,242,210,1617,2256,19,2256,2256,63,0,0,,32,9,1,30,13
2023,5,17,7,UA,7631,DEN,BNA,1809,1809,-16,21,1809,329,323,284,2177,2338,18,2338,2338,-3,0,0,,0,0,0,0,0
2023,5,8,6,B6,8742,MSP,IAH,1630,1630,38,33,1630,71,59,21,414,1741,5,1741,1741,39,0,0,,9,6,20,8,18
2023,11,28,5,F9,8835,SFO,DEN,2001,2001,8,10,2001,340,349,323,2381,141,16,141,141,-6,0,0,,0,0,0,0,0
2023,4,26,7,DL,4351,FLL,BOS,1114,1114,20,8,1114,362,359,333,2424,1716,18,1716,1716,8,0,0,,0,0,0,0,0
2023,6,12,6,AS,208,ATL,BWI,1530,1530,-30,17,1530,315,316,294,2196,2045,5,2045,2045,-27,0,0,,0,0,0,0,0
2023,3,27,7,WN,4191,LAS,TPA,1118,1118,-30,20,1118,161,185,150,1118,1359,15,1359,1359,-11,0,0,,0,0,0,0,0
2023,9,22,4,NK,1884,DTW,LGA,1942,1942,3,16,1942,152,144,114,954,2214,14,2214,2214,-5,0,0,,0,0,0,0,0
2023,5,21,1,HA,2887,PHX,JFK,1937,1937,-21,29,1937,196,203,156,1403,2253,18,2253,2253,-10,0,0,,0,0,0,0,0
2023,3,10,1,DL,478,TPA,MSP,919,919,-11,29,919,160,151,114,872,1159,8,1159,1159,-4,0,0,,0,0,0,0,0
2023,11,27,6,AS,8954,EWR,CLT,711,711,-14,33,711,212,228,191,1245,1043,4,1043,1043,9,0,0,,0,0,0,0,0
2023,1,15,7,HA,8382,ORD,MCO,2013,2013,44,32,2013,195,203,155,1151,2328,16,2328,2328,39,0,0,,31,7,29,27,10
2023,10,9,4,G4,6855,SAN,EWR,1107,1107,18,9,1107,54,39,20,233,1201,15,1201,1201,-4,0,0,,0,0,0,0,0
2023,12,2,2,HA,756,BNA,SFO,1049,1049,-30,17,1049,169,189,154,889,1338,18,1338,1338,-16,0,0,,0,0,0,0,0
2023,6,5,5,AA,9639,MCO,SLC,2259,2259,12,32,2259,282,293,248,1907,341,13,341,341,38,0,0,,34,6,29,45,13
2023,2,6,5,DL,4932,LAS,LAX,2212,2212,1,19,2212,320,310,280,2143,332,11,332,332,11,0,0,,0,0,0,0,0
2023,3,7,3,UA,9856,PHX,MIA,511,511,-13,26,511,76,91,60,372,627,5,627,627,-19,0,0,,0,0,0,0,0
2023,1,21,4,F9,5725,MSP,FLL,755,755,-30,10,755,381,377,358,2602,1416,9,1416,1416,-36,0,0,,0,0,0,0,0
2023,9,25,7,NK,4151,ORD,MIA,2055,2055,20,26,2055,193,203,169,1342,8,8,8,8,8,0,0,,0,0,0,0,0
2023,8,1,3,UA,4061,BWI,MSP,1614,1614,-14,8,1614,100,109,96,478,1754,5,1754,1754,14,0,0,,0,0,0,0,0
2023,12,23,6,AS,4766,SLC,JFK,1137,1137,23,33,1137,129,117,71,575,1346,13,1346,1346,18,0,0,,29,8,30,43,9
2023,2,26,7,DL,3613,EWR,ORD,1310,1310,-30,22,1310,244,234,197,1727,1714,15,1714,1714,-31,0,0,,0,0,0,0,0
2023,12,7,3,F9,6554,BOS,LAX,1818,1818,5,30,1818,154,151,117,919,2052,4,2052,2052,4,0,0,,0,0,0,0,0
2023,11,20,1,HA,7379,IAH,PHL,1727,1727,40,33,1727,196,205,163,1369,2043,9,2043,2043,32,0,0,,31,1,19,10,21
2023,8,25,5,DL,1690,SFO,DEN,1812,1812,-13,20,1812,114,129,92,757,2006,17,2006,2006,10,0,0,,0,0,0,0,0
2023,12,12,7,HA,1317,PHL,CLT,1327,1327,-16,14,1327,303,309,286,2002,1830,9,1830,1830,-24,0,0,,0,0,0,0,0
2023,9,16,3,G4,7131,MSP,TPA,939,939,-18,9,939,373,392,365,2723,1552,18,1552,1552,1,0,0,,0,0,0,0,0
2023,1,16,1,AA,3187,LGA,IAD,2132,2132,-26,29,2132,339,344,309,2274,311,6,311,311,-19,0,0,,0,0,0,0,0
2023,5,11,4,B6,5790,SEA,ORD,1249,1249,53,27,1249,320,319,276,2196,1809,16,1809,1809,62,0,0,,24,0,5,4,20
2023,8,21,3,DL,1146,DFW,ORD,1640,1640,19,18,1640,209,196,167,1450,2009,11,2009,2009,37,0,0,,24,0,6,27,14
2023,11,4,6,AS,4395,PHL,BWI,800,800,19,30,800,158,179,137,1069,1038,12,1038,1038,19,0,0,,15,7,3,30,26
2023,2,13,6,HA,7943,SAN,DEN,1004,1004,-30,23,1004,126,136,107,615,1210,6,1210,1210,-27,0,0,,0,0,0,0,0
2023,4,7,6,UA,7549,EWR,BWI,1028,1028,9,21,1028,300,301,268,2114,1528,12,1528,1528,10,0,0,,0,0,0,0,0
2023,7,4,7,G4,561,DEN,SLC,639,639,33,30,639,257,279,238,1621,1056,11,1056,1056,29,0,0,,37,2,42,55,0
2023,3,15,5,AS,1913,PHX,CLT,2204,2204,44,22,2204,301,320,290,2095,305,8,305,305,20,0,0,,4,8,4,5,8
2023,12,19,3,NK,1865,JFK,ORD,705,705,10,27,705,212,204,168,1333,1037,9,1037,1037,29,0,0,,6,8,24,59,13
2023,5,9,4,B6,297,BNA,PHX,1122,1122,-27,26,1122,383,378,337,2689,1745,15,1745,1745,-18,0,0,,0,0,0,0,0
2023,8,11,3,G4,2410,MDW,LGA,1010,1010,19,14,1010,348,356,327,2510,1558,15,1558,1558,4,0,0,,0,0,0,0,0
2023,12,8,5,AA,7631,HOU,SEA,1802,1802,33,16,1802,279,271,240,1804,2241,15,2241,2241,5,0,0,,0,0,0,0,0
2023,10,1,1,B6,1462,DEN,PHL,1636,1636,-30,11,1636,328,342,327,2189,2204,4,2204,2204,-40,0,0,,0,0,0,0,0
2023,3,23,5,HA,4293,BOS,MCO,613,613,-25,13,613,220,205,184,1334,953,8,953,953,-10,0,0,,0,0,0,0,0
2023,4,25,6,AS,2269,SFO,LAX,1032,1032,29,30,1032,351,369,326,2505,1623,13,1623,1623,19,0,0,,31,5,23,59,3
2023,9,24,7,NK,995,JFK,DFW,2030,2030,45,17,2030,271,275,239,1848,101,19,101,101,35,0,0,,28,6,1,38,13
2023,7,8,1,WN,6555,LAX,DTW,1842,1842,-21,10,1842,337,357,334,2286,19,13,19,19,-10,0,0,,0,0,0,0,0
2023,1,13,7,AA,8,CLT,FLL,1157,1157,34,28,1157,157,175,132,927,1434,15,1434,1434,25,0,0,,26,5,33,31,3
2023,12,22,6,F9,2516,SFO,DFW,1136,1136,-8,8,1136,346,364,346,2568,1722,10,1722,1722,2,0,0,,0,0,0,0,0
2023,4,27,2,HA,1418,BWI,PHL,1920,1920,45,13,1920,382,379,362,2648,142,4,142,142,41,0,0,,13,3,44,6,19
2023,4,4,5,WN,2317,LGA,TPA,1322,1322,-29,12,1322,80,70,45,316,1442,13,1442,1442,-24,0,0,,0,0,0,0,0
2023,9,8,5,DL,7359,SEA,LAS,1320,1320,9,30,1320,345,365,323,2589,1905,12,1905,1905,-9,0,0,,0,0,0,0,0
2023,6,3,4,NK,3933,DEN,MSP,2219,2219,40,22,2219,164,173,135,885,103,16,103,103,26,0,0,,1,1,8,7,14
2023,9,9,3,UA,6205,MDW,TPA,1439,1439,6,32,1439,371,382,340,2688,2050,10,2050,2050,14,0,0,,0,0,0,0,0
2023,12,2,1,F9,1288,DTW,JFK,2100,2100,-10,18,2100,178,193,157,1074,2358,18,2358,2358,-15,0,0,,0,0,0,0,0
2023,6,2,7,AS,1119,BWI,IAD,1441,1441,-13,27,1441,201,188,154,1323,1802,7,1802,1802,5,0,0,,0,0,0,0,0
2023,6,28,1,NK,8745,MSP,DFW,1634,1634,62,32,1634,263,275,229,1641,2057,14,2057,2057,83,0,0,,4,0,6,27,27
2023,5,13,4,B6,7638,IAH,LAS,857,857,15,20,857,299,287,260,2139,1356,7,1356,1356,23,0,0,,21,6,41,9,12
2023,5,15,4,G4,661,MIA,MDW,1738,1738,-12,13,1738,199,200,173,1216,2057,14,2057,2057,10,0,0,,0,0,0,0,0
2023,2,28,7,B6,8908,BOS,PHX,502,502,-13,12,502,166,188,158,1094,748,18,748,748,0,0,0,,0,0,0,0,0
2023,8,23,3,B6,6923,DEN,LAS,2246,2246,16,9,2246,51,69,47,178,2337,13,2337,2337,9,0,0,,0,0,0,0,0
2023,8,12,7,DL,8105,IAH,JFK,903,903,19,24,903,313,317,283,2047,1416,10,1416,1416,21,0,0,,39,0,39,20,13
2023,11,26,7,AA,6338,JFK,LGA,524,524,-30,31,524,268,265,225,1805,952,9,952,952,1,0,0,,0,0,0,0,0
2023,1,4,6,UA,2530,EWR,FLL,1008,1008,45,19,1008,309,298,273,2022,1517,6,1517,1517,34,0,0,,30,1,6,22,25
2023,8,26,3,F9,3971,SFO,IAH,1146,1146,24,19,1146,193,201,165,1204,1459,17,1459,1459,10,0,0,,0,0,0,0,0
2023,5,8,5,AA,3408,IAH,LGA,1916,1916,28,29,1916,282,304,263,1847,2358,12,2358,2358,12,0,0,,0,0,0,0,0
2023,2,9,6,NK,9651,DTW,EWR,528,528,12,21,528,326,327,287,2325,1054,19,1054,1054,10,0,0,,0,0,0,0,0
2023,2,23,2,B6,9047,ATL,ORD,2031,2031,22,14,2031,384,399,367,2638,255,18,255,255,9,0,0,,0,0,0,0,0
2023,6,5,3,DL,7417,JFK,DEN,622,622,4,29,622,249,261,223,1561,1031,9,1031,1031,25,0,0,,24,8,19,59,18
2023,11,24,4,NK,4761,ORD,LGA,2020,2020,55,33,2020,267,252,205,1939,47,14,47,47,51,0,0,,6,6,22,20,27
2023,9,20,6,G4,1898,DEN,DTW,554,554,-11,21,554,261,247,221,1815,1015,5,1015,1015,4,0,0,,0,0,0,0,0
2023,1,18,3,UA,6365,MIA,IAH,1607,1607,19,14,1607,131,148,121,673,1818,13,1818,1818,15,0,0,,0,0,0,0,0
2023,12,11,1,F9,8465,CLT,MSP,1425,1425,-1,16,1425,266,290,256,1720,1851,18,1851,1851,-13,0,0,,0,0,0,0,0
2023,6,15,7,G4,4088,PHX,IAH,2222,2222,23,21,2222,280,293,257,1883,302,15,302,302,6,0,0,,0,0,0,0,0
2023,9,28,2,DL,9465,MSP,LAS,1527,1527,-23,28,1527,143,131,98,909,1750,5,1750,1750,-28,0,0,,0,0,0,0,0
2023,8,22,5,UA,4375,DTW,EWR,2220,2220,56,24,2220,332,334,306,2307,352,4,352,352,54,0,0,,39,7,30,46,4
2023,11,9,7,NK,7608,BOS,SFO,1606,1606,12,24,1606,237,245,207,1501,2003,14,2003,2003,18,0,0,,37,6,26,28,25
2023,6,17,1,B6,4020,BOS,IAH,2230,2230,13,32,2230,217,233,193,1418,207,8,207,207,20,0,0,,20,5,8,25,28
2023,3,27,1,B6,816,DAL,JFK,1045,1045,4,28,1045,263,256,215,1935,1508,13,1508,1508,-12,0,0,,0,0,0,0,0
2023,8,26,2,HA,7256,CLT,LGA,612,612,-1,20,612,281,281,252,2002,1053,9,1053,1053,1,0,0,,0,0,0,0,0
2023,9,12,5,B6,923,PHL,EWR,924,924,10,34,924,354,359,319,2360,1518,6,1518,1518,-2,0,0,,0,0,0,0,0
2023,1,7,4,WN,4868,MCO,PHL,1417,1417,1,25,1417,388,402,370,2757,2045,7,2045,2045,8,0,0,,0,0,0,0,0
2023,12,10,6,B6,1265,DAL,SEA,729,729,53,26,729,104,91,57,548,913,8,913,913,53,0,0,,38,4,9,17,0
2023,9,25,5,WN,3725,MSP,LAX,1806,1806,-10,24,1806,404,421,390,2780,50,7,50,50,-21,0,0,,0,0,0,0,0
2023,6,26,3,AS,2723,LAX,SEA,1416,1416,-5,13,1416,379,394,369,2596,2035,12,2035,2035,9,0,0,,0,0,0,0,0
2023,6,25,1,WN,5356,BOS,ATL,1810,1810,-4,19,1810,282,280,246,1819,2252,15,2252,2252,27,0,0,,39,8,39,30,4
2023,12,10,3,UA,2551,BWI,TPA,654,654,15,13,654,86,76,57,388,820,6,820,820,25,0,0,,12,5,37,41,26
2023,4,27,4,G4,5320,HOU,BOS,633,633,-2,10,633,240,229,211,1753,1033,8,1033,1033,-2,0,0,,0,0,0,0,0
2023,1,13,3,UA,6687,PHL,FLL,1425,1425,25,22,1425,198,211,179,1296,1743,10,1743,1743,19,0,0,,4,2,0,51,15
2023,10,19,5,G4,1674,MCO,DEN,1705,1705,43,10,1705,262,283,258,1707,2127,15,2127,2127,36,0,0,,6,9,47,53,23
2023,8,11,3,HA,4588,PHX,HOU,1712,1712,-18,30,1712,317,337,292,2307,2229,15,2229,2229,-22,0,1,D,0,0,0,0,0
2023,2,13,4,AS,5354,MIA,BWI,1148,1148,17,22,1148,234,239,198,1444,1542,19,1542,1542,19,0,0,,37,2,34,29,27
2023,12,21,4,G4,6858,EWR,PHL,1843,1843,8,8,1843,111,107,89,449,2034,10,2034,2034,-5,0,0,,0,0,0,0,0
2023,1,8,4,G4,1667,SFO,MSP,1437,1437,13,28,1437,291,298,253,1915,1928,17,1928,1928,-10,0,0,,0,0,0,0,0
2023,2,8,5,DL,4512,MDW,SFO,1011,1011,-21,10,1011,134,132,113,913,1225,9,1225,1225,-13,0,0,,0,0,0,0,0
2023,1,4,4,AA,6173,BWI,SFO,1431,1431,-18,12,1431,86,80,56,398,1557,12,1557,1557,-13,0,0,,0,0,0,0,0
2023,1,15,1,AA,1385,LGA,DTW,736,736,17,34,736,362,373,321,2718,1338,18,1338,1338,10,0,0,,0,0,0,0,0
2023,9,28,7,DL,4404,TPA,DTW,612,612,52,21,612,68,54,23,183,720,10,720,720,31,0,0,,12,5,41,1,18
2023,1,11,4,B6,3955,BNA,LAX,1537,1537,24,11,1537,91,89,64,377,1708,14,1708,1708,26,0,0,,25,3,22,53,28
2023,4,11,3,DL,6306,PHX,EWR,2016,2016,57,29,2016,138,129,93,734,2234,7,2234,2234,39,0,1,C,18,4,8,7,2
2023,10,1,6,G4,8253,MIA,IAH,2202,2202,32,16,2202,150,151,121,873,32,14,32,32,28,0,0,,0,4,26,9,8
2023,6,17,3,G4,7239,MIA,DTW,824,824,-11,25,824,391,395,357,2781,1455,13,1455,1455,14,0,0,,0,0,0,0,0
2023,7,15,6,DL,6982,BNA,DAL,1746,1746,46,17,1746,125,117,88,719,1951,12,1951,1951,49,0,0,,24,4,26,58,19
2023,2,20,3,DL,6027,LAX,LAS,1154,1154,28,15,1154,77,81,57,369,1311,9,1311,1311,9,0,0,,0,0,0,0,0
2023,6,6,5,B6,6610,DEN,IAH,2239,2239,19,20,2239,228,248,210,1544,227,18,227,227,3,0,0,,0,0,0,0,0
2023,7,24,3,UA,8665,IAD,DEN,622,622,5,9,622,396,385,372,2725,1258,4,1258,1258,8,0,0,,0,0,0,0,0
2023,10,22,5,AS,959,IAD,CLT,1221,1221,-2,27,1221,319,316,277,2272,1740,12,1740,1740,-16,0,0,,0,0,0,0,0
2023,10,28,5,NK,8725,LAX,SEA,1220,1220,-30,32,1220,259,282,236,1791,1639,14,1639,1639,-40,0,0,,0,0,0,0,0
2023,2,25,4,G4,494,SLC,DEN,1852,1852,34,27,1852,85,107,70,285,2017,10,2017,2017,37,0,0,,29,4,12,21,22
2023,2,15,1,AS,7043,TPA,DAL,1430,1430,33,14,1430,317,318,295,2271,1947,9,1947,1947,34,0,0,,33,3,45,9,6
2023,10,9,6,DL,82,HOU,CLT,1723,1723,69,18,1723,82,72,45,403,1845,9,1845,1845,66,0,0,,9,5,29,51,27
2023,7,14,4,B6,7000,PHL,DEN,1210,1210,26,12,1210,322,325,294,2104,1732,19,1732,1732,27,0,0,,0,7,27,34,7
2023,12,18,4,WN,2971,PHX,BOS,1719,1719,8,25,1719,70,79,47,199,1829,7,1829,1829,8,0,0,,0,0,0,0,0
2023,1,26,7,B6,12,DAL,BWI,1325,1325,37,15,1325,123,110,88,664,1528,7,1528,1528,26,0,0,,28,4,23,3,22
2023,8,17,5,F9,7825,ORD,DFW,1053,1053,30,34,1053,367,379,331,2768,1700,14,1700,1700,34,0,0,,10,9,46,18,28
2023,11,18,5,F9,762,CLT,EWR,1030,1030,57,33,1030,275,285,246,1987,1505,6,1505,1505,69,0,0,,16,0,29,40,23
2023,3,5,6,AS,3186,MSP,FLL,1529,1529,16,17,1529,116,108,80,725,1725,11,1725,1725,10,0,0,,0,0,0,0,0
2023,11,20,3,AA,26,ATL,BWI,1850,1850,-10,9,1850,193,192,172,1315,2203,11,2203,2203,-19,0,0,,0,0,0,0,0
2023,6,20,3,F9,1807,FLL,LAX,710,710,-1,10,710,154,139,124,1052,944,5,944,944,-12,0,0,,0,0,0,0,0
2023,9,9,4,F9,6652,CLT,SAN,2203,2203,18,33,2203,354,378,326,2399,357,19,357,357,7,0,0,,0,0,0,0,0
2023,6,11,2,UA,5665,LAS,BOS,726,726,-21,30,726,354,361,312,2404,1320,19,1320,1320,-13,0,1,C,0,0,0,0,0
2023,9,24,2,WN,5155,IAH,MIA,1138,1138,22,12,1138,92,112,92,564,1310,8,1310,1310,-5,0,0,,0,0,0,0,0
2023,7,22,3,UA,5825,LAS,IAD,1532,1532,11,23,1532,339,339,297,2418,2111,19,2111,2111,17,0,0,,30,0,37,2,16
2023,9,1,2,WN,3660,SFO,SAN,1420,1420,31,17,1420,199,187,154,1254,1739,16,1739,1739,36,0,0,,25,2,14,51,19
2023,2,18,7,HA,1526,MSP,BOS,946,946,9,18,946,165,157,120,912,1231,19,1231,1231,-12,0,0,,0,0,0,0,0
2023,12,6,3,NK,761,ORD,MCO,1811,1811,49,26,1811,142,162,124,712,2033,12,2033,2033,32,0,0,,13,0,31,35,11
2023,8,27,5,G4,595,DAL,BNA,1215,1215,19,23,1215,341,335,297,2566,1756,15,1756,1756,19,0,0,,4,5,13,40,8
2023,8,2,4,F9,7193,FLL,IAD,742,742,-8,19,742,229,243,207,1665,1131,17,1131,1131,-7,0,0,,0,0,0,0,0
2023,2,15,1,G4,1056,DFW,DTW,808,808,-20,9,808,289,309,282,2084,1257,18,1257,1257,-9,0,0,,0,0,0,0,0
2023,12,26,4,F9,3084,SFO,FLL,1435,1435,-21,18,1435,231,231,201,1519,1826,12,1826,1826,-18,0,0,,0,0,0,0,0
2023,4,21,3,UA,3676,SLC,DTW,2023,2023,31,29,2023,78,92,53,353,2141,10,2141,2141,44,0,0,,2,9,21,26,8
2023,11,14,7,NK,9651,BNA,PHX,1337,1337,-22,33,1337,246,240,190,1726,1743,17,1743,1743,-21,0,0,,0,0,0,0,0
2023,7,5,3,UA,5958,MIA,IAH,1731,1731,47,8,1731,63,58,43,218,1834,7,1834,1834,30,0,0,,22,0,19,46,20
2023,11,6,4,UA,5256,HOU,SAN,1405,1405,56,31,1405,120,138,100,665,1605,7,1605,1605,37,0,0,,8,3,23,15,9
2023,4,6,7,WN,9412,DTW,MSP,1845,1845,-6,12,1845,337,337,312,2437,22,13,22,22,6,0,0,,0,0,0,0,0
2023,4,22,7,AA,4229,BNA,DTW,810,810,1,28,810,99,102,60,510,949,14,949,949,3,0,1,A,0,0,0,0,0
2023,6,18,7,B6,4182,DEN,TPA,1932,1932,40,21,1932,235,223,192,1614,2327,10,2327,2327,44,0,0,,7,2,48,54,17
2023,10,14,6,AS,9692,SLC,DTW,1210,1210,13,25,1210,181,196,165,1204,1511,6,1511,1511,20,0,0,,21,8,22,33,28
2023,6,10,3,G4,1831,SLC,MSP,2011,2011,70,14,2011,294,313,293,2072,105,6,105,105,37,0,0,,37,3,23,38,6
2023,10,14,2,HA,3396,BWI,BOS,842,842,-30,12,842,276,294,274,1802,1318,8,1318,1318,-37,0,0,,0,0,0,0,0
2023,3,13,2,F9,1204,TPA,SFO,739,739,10,15,739,149,159,130,856,1008,14,1008,1008,-2,0,0,,0,0,0,0,0
2023,9,3,3,UA,2811,MCO,MIA,638,638,11,28,638,278,301,257,1775,1116,16,1116,1116,2,0,0,,0,0,0,0,0
2023,12,6,3,AA,3093,MIA,LAX,1645,1645,-25,22,1645,153,143,112,806,1918,9,1918,1918,-24,0,0,,0,0,0,0,0
2023,10,8,6,UA,3045,SEA,MCO,919,919,-10,32,919,239,256,213,1495,1318,11,1318,1318,5,0,0,,0,0,0,0,0
2023,11,12,2,NK,6072,FLL,DEN,2036,2036,43,12,2036,96,107,91,493,2212,4,2212,2212,53,0,0,,28,5,3,8,22
2023,2,13,3,WN,7273,EWR,LGA,803,803,10,20,803,138,134,104,685,1021,10,1021,1021,7,0,0,,0,0,0,0,0
2023,6,11,3,HA,4674,ATL,ORD,614,614,-29,26,614,122,114,77,504,816,11,816,816,-26,0,0,,0,0,0,0,0
2023,12,12,6,B6,3515,ORD,FLL,842,842,80,9,842,160,153,136,1077,1122,8,1122,1122,62,0,0,,3,2,27,10,20
2023,7,1,6,NK,9991,MDW,PHX,1723,1723,20,12,1723,193,178,151,1132,2036,15,2036,2036,20,0,0,,30,4,30,47,8
2023,12,17,4,DL,6193,DTW,MIA,506,506,6,33,506,293,282,236,2167,959,13,959,959,10,0,0,,0,0,0,0,0
2023,9,16,6,HA,145,DTW,ORD,1230,1230,-16,33,1230,313,304,253,2302,1743,18,1743,1743,-2,0,0,,0,0,0,0,0
2023,3,11,1,UA,7508,HOU,JFK,2112,2112,33,12,2112,223,225,208,1495,55,5,55,55,40,0,0,,8,0,18,26,23
2023,10,13,2,NK,4858,HOU,IAH,606,606,2,13,606,241,265,245,1745,1007,7,1007,1007,-24,0,0,,0,0,0,0,0
2023,3,18,4,B6,1378,LAX,DFW,1607,1607,-30,23,1607,287,295,263,2056,2054,9,2054,2054,-25,0,0,,0,0,0,0,0
2023,7,11,1,AA,3147,DEN,PHX,915,915,-30,9,915,123,133,106,676,1118,18,1118,1118,-7,0,0,,0,0,0,0,0
2023,4,28,3,AA,5025,DAL,FLL,1132,1132,37,12,1132,367,361,337,2701,1739,12,1739,1739,28,0,0,,10,3,12,48,0
2023,8,12,3,G4,794,ATL,DTW,1644,1644,51,22,1644,169,193,166,1080,1933,5,1933,1933,59,0,0,,5,0,5,5,21
2023,7,6,4,B6,9794,MCO,DAL,1647,1647,28,8,1647,340,336,310,2432,2227,18,2227,2227,22,0,0,,6,5,29,53,17
2023,5,9,6,AA,5757,PHL,ORD,649,649,20,26,649,315,321,288,2096,1204,7,1204,1204,21,0,0,,3,2,22,42,14
2023,7,16,7,NK,4415,HOU,PHL,824,824,16,10,824,210,221,198,1436,1154,13,1154,1154,2,0,0,,0,0,0,0,0
2023,3,4,7,G4,1111,MCO,JFK,800,800,8,26,800,383,370,336,2691,1423,8,1423,1423,-4,0,0,,0,0,0,0,0
2023,12,3,3,AA,5673,DEN,MSP,1338,1338,26,22,1338,312,314,275,2066,1850,17,1850,1850,33,0,0,,22,4,7,57,15
2023,2,28,7,HA,4054,DTW,PHL,500,500,47,10,500,244,233,204,1743,904,19,904,904,53,0,0,,12,8,15,56,1
2023,6,16,5,WN,3938,LGA,SAN,2102,2102,44,15,2102,236,234,208,1523,58,11,58,58,40,0,0,,27,8,10,21,12
2023,2,24,4,DL,3964,TPA,ORD,743,743,-18,22,743,212,221,188,1373,1115,11,1115,1115,-28,0,0,,0,0,0,0,0
2023,3,27,1,B6,4943,EWR,MIA,1921,1921,15,8,1921,306,321,308,2109,27,5,27,27,15,0,0,,0,0,0,0,0
2023,6,26,4,NK,5898,PHL,FLL,1739,1739,11,13,1739,160,165,143,1115,2019,9,2019,2019,26,0,0,,22,6,17,44,6
2023,5,25,2,F9,8975,SEA,FLL,1327,1327,-4,29,1327,189,211,173,1113,1636,9,1636,1636,20,0,0,,27,6,35,44,10
2023,8,12,6,UA,1117,BOS,SAN,2042,2042,21,24,2042,171,175,135,1046,2333,16,2333,2333,16,0,0,,8,9,10,14,14
2023,9,11,6,NK,1751,MIA,DFW,1822,1822,55,23,1822,208,206,165,1508,2150,18,2150,2150,29,0,0,,5,2,19,46,25
2023,11,5,4,AA,4028,LGA,ATL,1259,1259,41,20,1259,78,82,45,366,1417,17,1417,1417,47,0,0,,15,6,9,8,16
2023,3,25,3,NK,5746,HOU,LAX,1453,1453,71,8,1453,140,161,145,772,1713,8,1713,1713,59,0,0,,36,6,47,17,20
2023,12,18,3,F9,5065,HOU,PHX,1820,1820,28,10,1820,117,131,110,502,2017,11,2017,2017,37,0,0,,0,3,9,45,16
2023,10,19,5,UA,9680,MDW,HOU,1432,1432,-30,31,1432,160,164,120,841,1712,13,1712,1712,-20,0,0,,0,0,0,0,0
2023,3,23,5,G4,5939,MIA,TPA,2023,2023,25,13,2023,119,110,92,780,2222,5,2222,2222,13,0,0,,0,0,0,0,0
2023,3,23,6,AA,3398,TPA,DAL,1638,1638,50,27,1638,339,328,284,2522,2217,17,2217,2217,45,0,0,,20,2,21,35,8
2023,6,6,5,AS,8266,ATL,PHX,500,500,-19,28,500,184,199,155,1318,804,16,804,804,2,0,0,,0,0,0,0,0
2023,1,22,1,AA,1360,TPA,HOU,1052,1052,6,33,1052,351,364,326,2505,1643,5,1643,1643,5,0,0,,0,0,0,0,0
2023,7,18,5,DL,9284,TPA,LAX,2208,2208,29,10,2208,152,151,124,803,40,17,40,40,14,0,0,,0,0,0,0,0
2023,12,26,1,AS,4854,DFW,HOU,2123,2123,3,22,2123,359,368,336,2482,322,10,322,322,-15,0,0,,0,0,0,0,0
2023,1,6,5,DL,1942,SEA,FLL,945,945,4,22,945,98,95,61,541,1123,12,1123,1123,-4,0,0,,0,0,0,0,0
2023,5,4,6,F9,3149,ATL,BWI,2133,2133,18,18,2133,348,356,332,2557,321,6,321,321,12,0,0,,0,0,0,0,0
2023,10,12,6,B6,7934,MDW,SAN,1000,1000,-30,34,1000,167,166,114,918,1247,18,1247,1247,-14,0,0,,0,0,0,0,0
2023,8,19,1,UA,9437,EWR,MSP,1237,1237,-18,29,1237,153,161,122,946,1510,10,1510,1510,-27,0,0,,0,0,0,0,0
2023,4,27,4,WN,1286,DTW,MIA,2033,2033,16,13,2033,194,204,185,1081,2347,6,2347,2347,34,0,0,,32,1,43,39,0
2023,5,2,6,G4,6475,ATL,DEN,834,834,37,13,834,313,316,288,2120,1347,15,1347,1347,17,0,0,,12,6,4,5,4
2023,4,17,4,WN,771,CLT,LAS,952,952,9,16,952,73,81,56,314,1105,9,1105,1105,38,0,0,,31,8,2,42,4
2023,12,11,3,HA,1844,SLC,BOS,1626,1626,-15,21,1626,140,143,116,882,1846,6,1846,1846,10,0,0,,0,0,0,0,0
2023,12,11,1,HA,74,LAX,MCO,1037,1037,-23,33,1037,144,145,108,730,1301,4,1301,1301,-16,0,0,,0,0,0,0,0
2023,4,21,7,F9,1661,ATL,DTW,636,636,16,18,636,176,165,138,970,932,9,932,932,-4,0,0,,0,0,0,0,0
2023,12,16,6,B6,4350,MIA,FLL,1503,1503,53,31,1503,223,211,166,1397,1846,14,1846,1846,46,0,0,,14,1,39,38,0
2023,8,2,2,HA,7103,MSP,SFO,2134,2134,19,13,2134,88,94,75,273,2302,6,2302,2302,14,0,0,,0,0,0,0,0
2023,2,2,3,AA,8001,BWI,IAD,2134,2134,40,25,2134,293,287,258,2121,227,4,227,227,21,0,0,,11,4,33,18,21
2023,1,23,4,NK,9012,BWI,FLL,1449,1449,-30,27,1449,98,103,57,493,1627,19,1627,1627,-20,0,0,,0,0,0,0,0
2023,3,8,6,DL,3819,MCO,SAN,1109,1109,5,22,1109,291,300,270,2024,1600,8,1600,1600,-4,0,0,,0,0,0,0,0
2023,9,13,1,HA,332,DTW,EWR,611,611,44,29,611,142,132,92,673,833,11,833,833,31,0,1,B,38,5,20,41,18
2023,4,10,7,F9,1422,EWR,LAS,1809,1809,36,16,1809,57,71,44,278,1906,11,1906,1906,30,0,0,,1,8,38,24,27
2023,10,8,5,DL,7513,BOS,MCO,1933,1933,-21,18,1933,188,201,172,1308,2241,11,2241,2241,-23,0,0,,0,0,0,0,0
2023,5,4,7,AA,6891,HOU,SLC,2253,2253,23,9,2253,335,330,315,2268,428,6,428,428,46,0,0,,28,8,44,40,20
2023,2,15,2,B6,4932,MCO,PHL,1409,1409,16,13,1409,359,354,323,2470,2008,18,2008,2008,9,0,0,,0,0,0,0,0
2023,4,1,4,UA,9884,ORD,PHL,2259,2259,4,33,2259,205,216,172,1360,224,11,224,224,11,0,0,,0,0,0,0,0
2023,2,11,3,WN,6026,TPA,DFW,1333,1333,-30,34,1333,177,180,139,1176,1630,7,1630,1630,-22,0,0,,0,0,0,0,0
2023,2,7,7,AA,4409,HOU,JFK,1341,1341,-4,33,1341,223,229,178,1458,1724,18,1724,1724,3,0,0,,0,0,0,0,0
2023,4,17,1,G4,5114,LGA,DFW,523,523,0,33,523,76,88,44,171,639,11,639,639,7,0,0,,0,0,0,0,0
2023,6,27,2,AS,8420,MSP,DEN,2104,2104,-11,30,2104,81,69,33,315,2225,6,2225,2225,3,0,0,,0,0,0,0,0
2023,7,20,1,F9,2882,JFK,LAS,1527,1527,-15,21,1527,230,251,211,1483,1917,19,1917,1917,-8,0,0,,0,0,0,0,0
2023,10,24,6,WN,2866,ORD,MIA,932,932,-1,21,932,256,259,232,1650,1348,6,1348,1348,4,0,0,,0,0,0,0,0
2023,3,18,5,G4,2576,LAS,SLC,1521,1521,1,31,1521,128,129,94,647,1729,4,1729,1729,4,0,0,,0,0,0,0,0
2023,3,22,3,UA,6186,CLT,SEA,1837,1837,-8,20,1837,96,120,89,583,2013,11,2013,2013,-6,0,0,,0,0,0,0,0
2023,10,22,1,G4,8657,LGA,SEA,1832,1832,9,32,1832,360,380,337,2431,32,11,32,32,-1,0,0,,0,0,0,0,0
2023,6,12,4,B6,5742,PHX,DEN,2126,2126,-23,12,2126,167,174,150,986,13,12,13,13,-18,0,0,,0,0,0,0,0
2023,12,9,6,AS,278,DTW,DAL,614,614,7,16,614,283,295,270,1843,1057,9,1057,1057,11,0,0,,0,0,0,0,0
2023,3,5,6,DL,66,TPA,CLT,1044,1044,-30,32,1044,132,127,80,812,1256,15,1256,1256,-19,0,0,,0,0,0,0,0
2023,2,10,3,WN,4263,BWI,SLC,1815,1815,14,18,1815,150,148,125,874,2045,5,2045,2045,16,0,0,,23,5,21,0,19
2023,8,4,6,AS,5705,BNA,CLT,2053,2053,39,14,2053,93,90,72,525,2226,4,2226,2226,32,0,0,,32,1,2,7,0
2023,5,5,4,NK,8595,SAN,PHX,1141,1141,-2,9,1141,95,103,83,452,1316,11,1316,1316,0,0,0,,0,0,0,0,0
2023,1,28,1,AA,7990,MDW,IAH,912,912,21,31,912,373,373,329,2602,1525,13,1525,1525,13,0,0,,0,0,0,0,0
2023,3,28,3,NK,6256,BWI,BNA,1735,1735,37,19,1735,277,289,251,1836,2212,19,2212,2212,37,0,0,,23,5,15,32,28
2023,10,10,6,AA,7442,DFW,SEA,1440,1440,-30,12,1440,153,167,148,857,1713,7,1713,1713,-26,0,0,,0,0,0,0,0
2023,8,11,6,B6,4693,BWI,IAD,1603,1603,9,34,1603,169,192,144,1066,1852,14,1852,1852,12,0,0,,0,0,0,0,0
2023,4,21,4,AS,4420,SAN,HOU,1935,1935,-30,31,1935,301,312,264,2218,36,17,36,36,-11,0,0,,0,0,0,0,0
2023,7,24,5,UA,7961,SEA,DTW,1822,1822,7,9,1822,82,83,60,406,1944,14,1944,1944,-1,0,0,,0,0,0,0,0
2023,10,10,5,HA,6079,PHX,FLL,1442,1442,-4,21,1442,102,112,81,548,1624,10,1624,1624,6,0,0,,0,0,0,0,0
2023,12,28,7,G4,1438,MCO,MIA,1321,1321,-30,14,1321,59,50,20,200,1420,17,1420,1420,-23,0,0,,0,0,0,0,0
2023,2,8,6,HA,8621,LAX,MIA,701,701,57,12,701,367,386,361,2644,1308,13,1308,1308,75,0,0,,14,4,13,59,20
2023,7,2,1,AS,7033,SEA,DTW,2026,2026,26,11,2026,114,113,84,744,2220,18,2220,2220,22,0,0,,16,0,25,51,7
2023,5,23,3,NK,5732,JFK,MCO,2222,2222,8,17,2222,162,162,130,967,104,15,104,104,17,0,0,,1,2,47,2,14
2023,5,8,6,HA,3379,MSP,SFO,2113,2113,52,23,2113,130,135,105,785,2323,7,2323,2323,46,0,0,,26,1,24,14,12
2023,6,16,2,F9,8585,DTW,BNA,2239,2239,-24,13,2239,175,176,159,1222,134,4,134,134,-35,0,0,,0,0,0,0,0
2023,9,27,3,HA,6348,BOS,DTW,1148,1148,-30,28,1148,269,279,240,1802,1617,11,1617,1617,-30,0,0,,0,0,0,0,0
2023,6,22,7,AA,6402,JFK,MIA,2008,2008,-30,13,2008,191,210,184,1291,2319,13,2319,2319,-13,0,0,,0,0,0,0,0
2023,12,5,5,F9,6630,PHX,IAH,2108,2108,61,16,2108,234,238,205,1626,102,17,102,102,49,0,0,,11,2,14,50,14
2023,8,27,6,WN,4542,SLC,EWR,1059,1059,21,8,1059,147,151,131,924,1326,12,1326,1326,-7,0,0,,0,0,0,0,0
2023,7,25,4,HA,7877,IAH,MSP,1541,1541,10,23,1541,293,300,264,2120,2034,13,2034,2034,10,0,0,,0,0,0,0,0
2023,9,3,2,F9,8534,HOU,LAX,931,931,13,34,931,283,272,220,1814,1414,18,1414,1414,0,0,0,,0,0,0,0,0
2023,4,12,6,AS,8325,TPA,HOU,902,902,15,24,902,93,86,50,546,1035,12,1035,1035,16,0,1,B,6,9,12,45,24
2023,2,13,7,G4,265,LGA,HOU,1426,1426,4,20,1426,222,229,197,1545,1808,12,1808,1808,24,0,0,,20,5,11,53,11
2023,7,13,1,WN,9878,HOU,DTW,1218,1218,24,13,1218,200,202,174,1270,1538,15,1538,1538,32,0,0,,30,4,14,4,0
2023,6,10,2,UA,1435,MCO,MIA,1921,1921,5,9,1921,118,131,107,678,2119,15,2119,2119,25,0,0,,22,8,28,58,9
2023,1,4,7,UA,5328,SAN,MSP,839,839,-9,15,839,146,141,112,834,1105,14,1105,1105,-12,0,0,,0,0,0,0,0
2023,11,9,6,B6,5098,CLT,PHX,2054,2054,19,30,2054,356,348,304,2383,250,14,250,250,16,0,0,,34,6,12,16,17
2023,9,22,1,HA,1661,PHX,PHL,1111,1111,-9,29,1111,357,368,324,2412,1708,15,1708,1708,-18,0,0,,0,0,0,0,0
2023,9,24,2,G4,5693,MIA,BOS,615,615,5,11,615,354,340,322,2413,1209,7,1209,1209,-2,0,0,,0,0,0,0,0
2023,12,23,1,DL,2355,LAS,DTW,556,556,-30,16,556,313,320,286,2226,1109,18,1109,1109,-35,0,0,,0,0,0,0,0
2023,2,27,1,F9,8458,DFW,ORD,1700,1700,-9,30,1700,82,87,38,251,1822,19,1822,1822,-21,0,0,,0,0,0,0,0
2023,3,2,2,WN,6462,SFO,SLC,2104,2104,42,14,2104,91,85,59,272,2235,12,2235,2235,54,0,0,,4,2,11,22,24
2023,5,19,2,AS,9329,SAN,MCO,615,615,-1,28,615,340,362,320,2251,1155,14,1155,1155,-24,0,0,,0,0,0,0,0
2023,5,1,1,HA,7045,DAL,ATL,2209,2209,24,8,2209,206,194,179,1456,135,7,135,135,39,0,0,,30,3,45,32,25
2023,1,25,7,AS,5498,BWI,JFK,2216,2216,-16,21,2216,259,264,238,1787,235,5,235,235,3,0,0,,0,0,0,0,0
2023,8,7,5,DL,4550,LAX,ORD,2248,2248,-22,9,2248,202,223,201,1290,210,13,210,210,-11,0,0,,0,0,0,0,0
2023,12,17,2,B6,6335,SFO,FLL,2132,2132,7,15,2132,153,149,128,765,5,6,5,5,-5,0,0,,0,0,0,0,0
2023,8,3,6,DL,6011,DAL,DFW,1650,1650,-8,18,1650,125,123,100,706,1855,5,1855,1855,-24,0,0,,0,0,0,0,0
2023,4,20,3,AA,4927,LAS,DAL,2106,2106,-6,12,2106,79,83,54,263,2225,17,2225,2225,-10,0,0,,0,0,0,0,0
2023,7,20,4,NK,9583,DEN,PHL,1745,1745,47,25,1745,246,238,209,1716,2151,4,2151,2151,49,0,0,,1,7,9,14,24
2023,11,21,1,WN,9305,EWR,SLC,625,625,7,19,625,160,171,138,1126,905,14,905,905,8,0,0,,0,0,0,0,0
2023,10,3,1,NK,6066,DTW,ORD,1156,1156,73,28,1156,144,165,128,850,1420,9,1420,1420,52,0,0,,8,9,16,23,9
2023,3,3,4,DL,2180,DFW,SEA,1618,1618,20,31,1618,236,241,203,1466,2014,7,2014,2014,33,0,0,,1,5,37,11,15
2023,6,17,5,B6,4968,FLL,SEA,1135,1135,-30,27,1135,334,353,316,2489,1709,10,1709,1709,-3,0,0,,0,0,0,0,0
2023,10,7,4,B6,635,PHL,MDW,2217,2217,39,26,2217,73,96,60,410,2330,10,2330,2330,32,0,0,,7,7,40,17,9
2023,10,27,2,UA,3632,TPA,DAL,1850,1850,-18,12,1850,374,373,344,2761,104,17,104,104,-12,0,0,,0,0,0,0,0
2023,12,26,4,HA,9592,SFO,ATL,1405,1405,-1,14,1405,327,323,296,2246,1932,13,1932,1932,-17,0,0,,0,0,0,0,0
2023,9,14,1,UA,4678,TPA,LAX,1517,1517,-19,9,1517,200,218,205,1179,1837,4,1837,1837,-19,0,0,,0,0,0,0,0
2023,1,17,4,WN,2219,SEA,LGA,1358,1358,76,24,1358,124,116,77,528,1602,15,1602,1602,73,0,0,,31,7,49,41,2
2023,5,18,3,WN,1390,BOS,JFK,2021,2021,47,20,2021,295,316,280,2059,116,16,116,116,46,0,0,,7,1,41,38,11
2023,4,13,6,WN,4277,PHX,BNA,559,559,-3,18,559,357,371,341,2421,1156,12,1156,1156,-7,0,0,,0,0,0,0,0
2023,8,20,2,AS,1250,SAN,MSP,1906,1906,20,12,1906,171,158,135,1196,2157,11,2157,2157,16,0,0,,20,1,48,21,27
2023,11,20,4,UA,7641,LGA,MCO,1132,1132,7,20,1132,186,200,167,1157,1438,13,1438,1438,3,0,0,,0,0,0,0,0
2023,12,21,1,AS,5713,BNA,DFW,2114,2114,24,30,2114,68,81,47,259,2222,4,2222,2222,19,0,0,,19,8,32,13,24
2023,1,27,7,NK,1246,SLC,PHX,1935,1935,19,20,1935,369,354,316,2750,144,18,144,144,23,0,0,,0,1,39,30,8
2023,9,18,6,HA,8246,CLT,MCO,950,950,-30,15,950,241,241,210,1572,1351,16,1351,1351,-40,0,0,,0,0,0,0,0
2023,6,4,2,DL,443,MDW,LGA,1017,1017,-13,18,1017,181,196,167,1155,1318,11,1318,1318,-10,0,0,,0,0,0,0,0
2023,4,1,1,F9,6977,ATL,IAH,1345,1345,10,15,1345,130,124,101,847,1555,8,1555,1555,15,0,0,,0,0,0,0,0
2023,12,18,5,UA,4676,LAX,LAS,1155,1155,42,17,1155,106,120,99,455,1341,4,1341,1341,31,0,0,,8,9,19,34,23
2023,9,1,3,F9,7954,BOS,CLT,1049,1049,37,32,1049,267,277,227,1755,1516,18,1516,1516,28,0,1,D,21,9,30,33,13
2023,11,26,5,B6,4378,DEN,SLC,1428,1428,0,34,1428,263,259,218,1881,1851,7,1851,1851,-3,0,0,,0,0,0,0,0
2023,5,26,3,UA,7059,HOU,DTW,615,615,26,18,615,192,216,188,1108,927,10,927,927,18,0,0,,18,4,33,1,13
2023,5,13,4,NK,823,HOU,CLT,2137,2137,-8,8,2137,173,162,137,1103,30,17,30,30,-5,0,0,,0,0,0,0,0
2023,12,20,2,UA,2940,JFK,BOS,1531,1531,35,14,1531,196,189,160,1324,1847,15,1847,1847,33,0,0,,4,9,49,26,10
2023,5,20,4,AS,7097,TPA,LAX,1741,1741,91,33,1741,277,272,231,1780,2218,8,2218,2218,54,0,0,,9,1,8,57,25
2023,1,23,3,HA,5766,IAD,ORD,2242,2242,-29,15,2242,285,292,263,1941,327,14,327,327,-15,0,0,,0,0,0,0,0
2023,1,10,3,DL,1032,SAN,CLT,2113,2113,39,13,2113,373,374,355,2753,326,6,326,326,32,0,0,,25,4,8,1,2
2023,8,27,3,G4,563,SFO,DTW,903,903,-10,33,903,314,311,263,2121,1417,15,1417,1417,17,0,0,,25,5,41,51,14
2023,12,11,6,DL,341,BNA,MDW,2032,2032,1,21,2032,75,76,41,216,2147,14,2147,2147,-11,0,0,,0,0,0,0,0
2023,8,9,1,DL,4568,LGA,ORD,803,803,10,27,803,224,231,197,1329,1147,7,1147,1147,0,0,0,,0,0,0,0,0
2023,12,9,2,B6,7863,HOU,TPA,1923,1923,31,14,1923,152,175,156,984,2155,5,2155,2155,26,0,0,,11,9,4,40,12
2023,6,5,4,NK,2297,EWR,BNA,1239,1239,82,10,1239,102,95,74,355,1421,11,1421,1421,77,0,0,,37,6,48,4,15
2023,12,26,4,F9,235,FLL,CLT,526,526,-2,9,526,85,87,63,304,651,15,651,651,-23,0,0,,0,0,0,0,0
2023,11,1,5,NK,5203,MSP,CLT,1533,1533,18,29,1533,270,272,238,1864,2003,5,2003,2003,7,0,0,,0,0,0,0,0
2023,4,17,3,G4,9309,IAD,BNA,807,807,-30,25,807,246,260,218,1682,1213,17,1213,1213,-16,0,0,,0,0,0,0,0
2023,2,22,7,B6,9610,PHX,HOU,933,933,31,29,933,248,258,213,1745,1341,16,1341,1341,17,0,0,,34,9,32,44,1
2023,2,2,3,HA,1292,DEN,BNA,1301,1301,27,33,1301,294,296,249,2195,1755,14,1755,1755,41,0,0,,16,5,43,0,12
2023,9,24,3,DL,4728,ORD,IAD,648,648,-15,10,648,241,246,227,1640,1049,9,1049,1049,-16,0,0,,0,0,0,0,0
2023,5,13,7,AS,8721,ORD,PHL,1710,1710,-24,21,1710,402,419,381,2782,2352,17,2352,2352,-29,0,0,,0,0,0,0,0
2023,4,9,4,B6,2940,FLL,BNA,1840,1840,29,25,1840,162,160,125,857,2122,10,2122,2122,34,0,0,,15,7,13,2,1
2023,10,4,5,WN,5436,IAH,IAD,1448,1448,21,20,1448,288,282,252,2084,1936,10,1936,1936,39,0,0,,5,0,13,43,15
2023,1,5,1,UA,6982,MSP,CLT,1155,1155,11,15,1155,88,100,69,328,1323,16,1323,1323,16,0,0,,3,1,14,36,13
2023,7,11,7,NK,5393,BWI,FLL,1858,1858,64,11,1858,204,202,187,1221,2222,4,2222,2222,72,0,0,,8,0,32,57,6
2023,3,24,6,B6,9522,BOS,BNA,517,517,-1,22,517,177,180,147,1245,814,11,814,814,21,0,0,,28,9,30,43,21
2023,6,19,2,WN,7973,MDW,ATL,1522,1522,-22,19,1522,59,69,38,262,1621,12,1621,1621,-28,0,0,,0,0,0,0,0
2023,5,21,7,F9,1234,DFW,MDW,1632,1632,-1,21,1632,138,132,94,906,1850,17,1850,1850,12,0,0,,0,0,0,0,0
2023,5,3,1,G4,9946,PHX,DEN,1310,1310,29,27,1310,155,156,112,1046,1545,17,1545,1545,8,0,0,,0,0,0,0,0
2023,11,12,4,G4,2801,SEA,MCO,838,838,14,14,838,307,325,301,2076,1345,10,1345,1345,19,0,0,,2,8,19,52,4
2023,5,26,6,DL,2776,FLL,MCO,747,747,5,31,747,94,92,45,308,921,16,921,921,5,0,0,,0,0,0,0,0
2023,1,19,6,DL,6045,DEN,IAH,1716,1716,31,19,1716,147,157,127,935,1943,11,1943,1943,43,0,0,,13,6,20,36,17
2023,1,19,6,B6,3488,LAX,JFK,1942,1942,57,16,1942,272,290,267,1953,14,7,14,14,65,0,0,,8,9,28,13,15
2023,3,13,3,B6,7384,EWR,DFW,1848,1848,22,17,1848,286,289,257,1989,2334,15,2334,2334,28,0,0,,35,9,8,45,25
2023,12,28,2,HA,3851,LAX,EWR,805,805,-18,15,805,342,350,324,2448,1347,11,1347,1347,-10,0,0,,0,0,0,0,0
2023,10,7,4,UA,4998,CLT,DTW,703,703,7,27,703,262,277,244,1692,1125,6,1125,1125,14,0,0,,0,0,0,0,0
2023,4,15,4,AA,891,PHX,DFW,1352,1352,-30,9,1352,86,110,85,262,1518,16,1518,1518,-23,0,0,,0,0,0,0,0
2023,5,23,6,F9,5921,SLC,FLL,1646,1646,23,33,1646,84,74,37,408,1810,4,1810,1810,21,0,0,,19,1,46,36,1
2023,2,7,4,DL,1189,MCO,DEN,2040,2040,11,23,2040,323,327,288,2304,203,16,203,203,29,0,0,,18,1,8,58,28
2023,8,26,2,AA,5645,ORD,PHL,946,946,17,28,946,130,153,109,724,1156,16,1156,1156,35,0,0,,5,7,47,17,26
2023,11,8,2,AA,741,DEN,LAX,1212,1212,11,30,1212,222,240,191,1531,1554,19,1554,1554,10,0,0,,0,0,0,0,0
2023,11,5,5,UA,1370,ORD,CLT,2014,2014,27,25,2014,287,293,257,1956,101,11,101,101,28,0,0,,0,0,16,16,27
2023,2,21,7,AS,9582,JFK,HOU,932,932,-11,27,932,224,215,170,1372,1316,18,1316,1316,-6,0,0,,0,0,0,0,0
2023,9,14,7,AS,2001,PHX,HOU,2147,2147,-6,29,2147,355,372,329,2624,342,14,342,342,-22,0,0,,0,0,0,0,0
2023,2,4,5,DL,1472,MCO,TPA,1651,1651,-30,31,1651,246,236,190,1651,2057,15,2057,2057,-28,0,0,,0,0,0,0,0
2023,9,23,1,WN,1537,FLL,DTW,2045,2045,15,17,2045,153,153,127,1008,2318,9,2318,2318,34,0,0,,37,4,31,23,19
2023,7,10,7,UA,319,SEA,HOU,2246,2246,27,13,2246,265,257,232,1746,311,12,311,311,16,0,0,,22,6,6,18,11
2023,8,20,2,UA,5154,DTW,JFK,1321,1321,-11,13,1321,248,255,236,1711,1729,6,1729,1729,18,0,0,,24,2,37,43,1
2023,11,15,2,NK,1895,ORD,SLC,1555,1555,52,29,1555,363,365,325,2672,2158,11,2158,2158,60,0,0,,37,4,31,15,2
2023,2,18,7,AA,7992,SAN,BNA,1004,1004,-15,27,1004,377,375,336,2749,1621,12,1621,1621,-6,0,0,,0,0,0,0,0
2023,7,20,2,NK,9468,SAN,MCO,614,614,-4,20,614,340,360,328,2541,1154,12,1154,1154,5,0,0,,0,0,0,0,0
2023,12,13,5,AA,8593,BOS,BWI,1939,1939,-4,26,1939,336,335,294,2333,115,15,115,115,-12,0,0,,0,0,0,0,0
2023,6,8,6,AS,5936,SEA,SLC,2228,2228,18,24,2228,87,76,35,426,2355,17,2355,2355,14,0,0,,0,0,0,0,0
2023,4,9,6,DL,724,MCO,BOS,1430,1430,35,9,1430,325,324,298,2162,1955,17,1955,1955,49,0,0,,11,1,16,53,19
2023,7,16,4,F9,2330,LAX,BWI,722,722,20,25,722,329,324,289,2228,1251,10,1251,1251,12,0,0,,0,0,0,0,0
2023,4,19,6,AS,9328,MIA,CLT,1135,1135,-30,33,1135,106,92,44,396,1321,15,1321,1321,-11,0,0,,0,0,0,0,0
2023,2,16,3,UA,2771,SLC,FLL,2026,2026,62,14,2026,93,100,72,560,2159,14,2159,2159,38,0,0,,19,3,12,18,17
2023,10,7,5,F9,7546,JFK,BOS,1100,1100,39,34,1100,306,314,267,2224,1606,13,1606,1606,21,0,0,,20,4,17,24,24
2023,12,14,2,B6,4847,LAX,SAN,1457,1457,4,21,1457,81,83,56,222,1618,6,1618,1618,28,0,0,,21,3,13,2,12
2023,7,28,7,F9,268,LGA,DFW,1432,1432,23,29,1432,205,193,158,1270,1757,6,1757,1757,21,0,0,,0,1,33,12,5
2023,8,14,6,F9,570,SLC,TPA,533,533,-22,22,533,158,157,130,822,811,5,811,811,-23,0,0,,0,0,0,0,0
2023,2,25,5,AS,1974,SAN,LGA,606,606,-30,15,606,217,213,194,1519,943,4,943,943,-7,0,0,,0,0,0,0,0
2023,5,27,6,UA,8738,ORD,TPA,1131,1131,-13,16,1131,355,342,310,2673,1726,16,1726,1726,6,0,0,,0,0,0,0,0
2023,1,4,1,F9,2823,BOS,IAH,2136,2136,3,28,2136,206,222,189,1473,102,5,102,102,16,0,0,,5,0,25,28,17
2023,7,26,2,AS,4461,DAL,MDW,2138,2138,23,18,2138,78,98,72,436,2256,8,2256,2256,15,0,0,,0,0,0,0,0
2023,8,15,1,AS,271,SFO,PHL,2201,2201,-8,10,2201,286,291,262,2058,247,19,247,247,-8,0,0,,0,0,0,0,0
2023,6,3,2,F9,7642,DAL,DFW,1117,1117,3,27,1117,92,82,51,361,1249,4,1249,1249,8,0,0,,0,0,0,0,0
2023,5,5,5,AA,8931,LGA,BNA,531,531,17,21,531,102,88,54,550,713,13,713,713,25,0,0,,31,9,49,22,28
2023,6,1,4,UA,6681,DEN,IAH,2016,2016,-10,34,2016,133,126,85,804,2229,7,2229,2229,-13,0,0,,0,0,0,0,0
2023,2,3,6,G4,1258,SLC,TPA,517,517,33,15,517,122,118,89,647,719,14,719,719,32,0,0,,7,6,15,11,7
2023,1,15,6,F9,8251,ATL,DFW,1702,1702,32,10,1702,219,227,204,1501,2041,13,2041,2041,32,0,0,,20,4,33,48,10
2023,7,24,3,NK,5371,SEA,JFK,1205,1205,67,25,1205,65,63,25,247,1310,13,1310,1310,74,0,0,,16,3,10,53,12
2023,7,27,7,NK,4859,MIA,HOU,1951,1951,46,30,1951,369,365,331,2563,200,4,200,200,50,0,0,,16,8,18,22,16
2023,10,8,1,B6,8582,IAH,LAS,1415,1415,11,21,1415,135,146,110,612,1630,15,1630,1630,-7,0,1,A,0,0,0,0,0
2023,11,4,6,UA,8911,MSP,LGA,1048,1048,1,27,1048,305,299,259,2225,1553,13,1553,1553,0,0,0,,0,0,0,0,0
2023,10,2,5,AS,7000,MCO,MIA,700,700,10,15,700,88,74,48,422,828,11,828,828,-1,0,0,,0,0,0,0,0
2023,2,24,4,HA,121,EWR,DAL,548,548,2,24,548,211,226,187,1300,919,15,919,919,11,0,0,,0,0,0,0,0
2023,2,24,7,DL,6909,LGA,TPA,1239,1239,-2,15,1239,335,347,324,2399,1814,8,1814,1814,11,0,0,,0,0,0,0,0
2023,1,10,5,WN,2304,SAN,HOU,1450,1450,26,12,1450,384,384,359,2647,2114,13,2114,2114,25,0,0,,1,7,14,34,23
2023,10,4,1,HA,4862,TPA,SEA,2203,2203,-28,19,2203,177,162,124,1261,100,19,100,100,-25,0,0,,0,0,0,0,0
2023,8,3,3,UA,2912,EWR,SAN,700,700,-1,9,700,64,70,54,168,804,7,804,804,2,0,0,,0,0,0,0,0
2023,8,2,6,UA,8992,MCO,DFW,1656,1656,27,24,1656,264,249,219,1766,2120,6,2120,2120,27,0,0,,7,5,7,55,7
2023,1,25,5,F9,7237,LGA,MDW,843,843,6,20,843,224,239,207,1631,1227,12,1227,1227,-1,0,0,,0,0,0,0,0
2023,12,17,7,F9,5566,BNA,TPA,1646,1646,3,29,1646,357,363,325,2508,2243,9,2243,2243,-10,0,0,,0,0,0,0,0
2023,11,23,2,HA,6532,SFO,IAD,1914,1914,15,21,1914,103,121,85,561,2057,15,2057,2057,-10,0,0,,0,0,0,0,0
2023,8,21,4,AS,1110,TPA,IAD,510,510,-23,16,510,169,165,145,891,759,4,759,759,-2,0,0,,0,0,0,0,0
2023,9,24,7,B6,6930,ORD,DEN,700,700,31,16,700,388,395,362,2695,1328,17,1328,1328,34,0,0,,7,6,2,41,10
2023,4,20,5,F9,1251,LAX,JFK,1444,1444,-28,16,1444,341,353,326,2441,2025,11,2025,2025,-17,0,0,,0,0,0,0,0
2023,1,23,4,WN,8178,JFK,DEN,1425,1425,27,34,1425,396,392,345,2774,2101,13,2101,2101,40,0,0,,34,6,30,10,9
2023,1,13,6,WN,1650,LGA,FLL,502,502,16,27,502,223,234,202,1553,845,5,845,845,1,0,0,,0,0,0,0,0
2023,3,5,2,B6,7352,LAS,MDW,1737,1737,-3,13,1737,108,115,86,664,1925,16,1925,1925,-21,0,0,,0,0,0,0,0
2023,5,21,3,AA,5912,MCO,SEA,1307,1307,19,19,1307,102,87,56,356,1449,12,1449,1449,23,0,0,,14,6,40,13,4
2023,5,9,7,AA,9538,DFW,LAS,1830,1830,-13,17,1830,181,167,136,1097,2131,14,2131,2131,-6,0,0,,0,0,0,0,0
2023,9,25,3,UA,2957,MDW,EWR,2041,2041,37,29,2041,380,395,356,2591,301,10,301,301,13,0,1,B,0,0,0,0,0
2023,10,25,2,F9,5829,ORD,DFW,1059,1059,-16,12,1059,303,289,271,1978,1602,6,1602,1602,-7,0,0,,0,0,0,0,0
2023,12,28,4,NK,4995,LAS,IAD,1850,1850,8,25,1850,317,326,294,2148,7,7,7,7,4,0,0,,0,0,0,0,0
2023,2,22,6,HA,6437,SAN,LAS,2229,2229,-23,14,2229,352,374,354,2399,421,6,421,421,-27,0,0,,0,0,0,0,0
2023,2,6,5,G4,8677,BWI,SFO,603,603,-12,20,603,326,329,300,2317,1129,9,1129,1129,-12,0,0,,0,0,0,0,0
2023,6,5,2,B6,7615,BOS,SEA,2124,2124,34,8,2124,270,282,262,1822,154,12,154,154,2,0,0,,0,0,0,0,0
2023,9,25,1,UA,8995,IAH,EWR,608,608,30,13,608,293,283,257,1980,1101,13,1101,1101,20,0,0,,27,1,31,7,29
2023,1,10,4,NK,1716,MCO,FLL,1814,1814,32,28,1814,369,392,352,2586,23,12,23,23,21,0,0,,30,3,5,13,22
2023,9,8,3,F9,8151,PHX,EWR,607,607,-3,28,607,271,274,242,1710,1038,4,1038,1038,6,0,0,,0,0,0,0,0
2023,9,7,7,NK,3484,MIA,DEN,1931,1931,10,15,1931,289,290,262,1997,20,13,20,20,9,0,0,,0,0,0,0,0
2023,9,7,2,NK,7676,MDW,FLL,1051,1051,5,16,1051,341,331,306,2431,1632,9,1632,1632,14,0,0,,0,0,0,0,0
2023,5,6,3,B6,1758,ATL,SFO,1431,1431,21,14,1431,283,282,249,1806,1914,19,1914,1914,-11,0,0,,0,0,0,0,0
2023,9,21,4,UA,1810,BNA,JFK,551,551,-22,17,551,135,141,120,751,806,4,806,806,-27,0,0,,0,0,0,0,0
2023,11,20,3,AS,5540,BWI,MDW,611,611,-18,15,611,244,262,233,1493,1015,14,1015,1015,-7,0,0,,0,0,0,0,0
2023,4,3,2,WN,6049,DAL,FLL,709,709,29,9,709,141,130,114,861,930,7,930,930,23,0,0,,8,8,19,58,26
2023,2,19,4,HA,9863,FLL,IAD,2103,2103,38,25,2103,162,169,134,1131,2345,10,2345,2345,44,0,0,,17,7,6,14,22
2023,6,22,1,UA,1152,FLL,BNA,1712,1712,40,22,1712,223,212,183,1353,2055,7,2055,2055,14,0,0,,0,0,0,0,0
2023,4,15,2,G4,5493,JFK,BOS,2244,2244,0,31,2244,231,225,182,1541,235,12,235,235,11,0,0,,0,0,0,0,0
2023,6,4,5,NK,6712,PHX,MCO,542,542,1,13,542,331,319,289,2273,1113,17,1113,1113,-5,0,0,,0,0,0,0,0
2023,3,28,6,AS,6303,FLL,CLT,1004,1004,11,31,1004,370,366,322,2693,1614,13,1614,1614,3,0,0,,0,0,0,0,0
2023,6,12,2,B6,4748,PHX,CLT,908,908,-21,21,908,157,151,122,979,1145,8,1145,1145,-4,0,0,,0,0,0,0,0
2023,2,6,4,DL,8403,MDW,EWR,757,757,28,32,757,387,401,352,2680,1424,17,1424,1424,40,0,0,,35,1,9,21,10
2023,2,19,7,HA,4682,TPA,MCO,2104,2104,-30,32,2104,118,126,82,699,2302,12,2302,2302,-11,0,0,,0,0,0,0,0
2023,9,4,6,HA,2508,BWI,CLT,1503,1503,-9,34,1503,157,146,108,795,1740,4,1740,1740,19,0,0,,10,5,30,35,1
2023,7,15,2,WN,2964,LGA,SLC,1133,1133,3,29,1133,232,229,184,1394,1525,16,1525,1525,20,0,0,,16,7,9,17,13
2023,3,9,1,DL,3429,DFW,ORD,1854,1854,-30,31,1854,376,396,350,2699,110,15,110,110,-33,0,0,,0,0,0,0,0
2023,11,5,7,F9,7495,SAN,HOU,2024,2024,-6,25,2024,172,165,123,995,2316,17,2316,2316,-1,0,0,,0,0,0,0,0
2023,1,13,1,DL,3956,LAX,ORD,2206,2206,16,31,2206,303,305,267,2250,309,7,309,309,11,0,0,,0,0,0,0,0
2023,8,23,5,NK,3706,EWR,DTW,709,709,22,10,709,98,117,97,599,847,10,847,847,45,0,0,,8,1,4,53,21
2023,6,26,7,NK,4039,MIA,IAD,510,510,47,8,510,303,318,294,2259,1013,16,1013,1013,55,0,0,,24,2,20,51,28
2023,7,18,3,NK,9245,HOU,CLT,2202,2202,76,30,2202,66,74,39,193,2308,5,2308,2308,64,0,0,,22,1,38,43,27
2023,9,5,7,NK,714,MDW,PHL,527,527,6,8,527,261,249,223,1731,948,18,948,948,18,0,0,,1,8,19,30,1
2023,5,25,6,UA,7261,SFO,TPA,737,737,30,21,737,146,156,123,808,1003,12,1003,1003,13,0,0,,0,0,0,0,0
2023,1,16,7,HA,7012,PHL,DAL,835,835,-3,34,835,135,129,89,877,1050,6,1050,1050,2,0,0,,0,0,0,0,0
2023,12,27,4,DL,8880,DTW,BWI,534,534,-30,8,534,309,302,287,2244,1043,7,1043,1043,-35,0,0,,0,0,0,0,0
2023,10,19,4,HA,8522,SLC,DTW,2226,2226,-23,8,2226,173,158,135,1197,119,15,119,119,-38,0,0,,0,0,0,0,0
2023,7,14,3,G4,1747,PHX,IAD,2003,2003,14,11,2003,259,259,231,1830,22,17,22,22,23,0,0,,6,2,32,18,20
2023,5,25,7,DL,1208,BOS,EWR,909,909,19,19,909,336,333,296,2286,1445,18,1445,1445,29,0,0,,1,7,43,51,27
2023,3,16,1,UA,785,DFW,SFO,2038,2038,16,22,2038,218,240,200,1347,16,18,16,16,21,0,1,B,29,7,1,54,5
2023,12,27,1,G4,2697,IAD,MCO,1232,1232,-19,11,1232,202,200,182,1292,1554,7,1554,1554,-16,0,0,,0,0,0,0,0
2023,9,15,2,HA,7074,IAH,LGA,1958,1958,38,17,1958,266,290,262,1841,24,11,24,24,19,0,0,,11,9,31,14,27
2023,1,22,5,G4,5037,PHL,SLC,1037,1037,38,18,1037,335,342,319,2375,1612,5,1612,1612,20,0,0,,33,9,14,4,16
2023,1,4,6,WN,7128,BNA,HOU,1507,1507,25,13,1507,289,291,270,2005,1956,8,1956,1956,12,0,0,,0,0,0,0,0
2023,1,7,5,G4,3719,PHX,PHL,1635,1635,21,17,1635,289,301,279,2097,2124,5,2124,2124,17,0,0,,35,7,8,12,0
2023,3,16,7,DL,5776,ORD,DAL,800,800,-18,19,800,242,246,212,1515,1202,15,1202,1202,0,0,0,,0,0,0,0,0
2023,12,24,5,NK,7911,TPA,MCO,1613,1613,53,10,1613,115,100,81,587,1808,9,1808,1808,60,0,0,,1,3,21,7,29
2023,6,22,2,NK,2694,TPA,PHX,728,728,5,22,728,257,253,219,1601,1145,12,1145,1145,-14,0,0,,0,0,0,0,0
2023,10,21,5,F9,626,DTW,EWR,649,649,14,23,649,118,129,91,575,847,15,847,847,6,0,0,,0,0,0,0,0
2023,11,22,3,HA,3709,IAH,SLC,2248,2248,21,17,2248,171,168,139,1117,139,12,139,139,11,0,0,,0,0,0,0,0
2023,3,21,2,WN,6860,EWR,DTW,1623,1623,2,29,1623,242,230,184,1554,2025,17,2025,2025,-27,0,0,,0,0,0,0,0
2023,8,8,3,DL,8954,ORD,SLC,1658,1658,5,30,1658,106,115,81,635,1844,4,1844,1844,13,0,1,A,0,0,0,0,0
2023,10,17,7,DL,7693,ATL,DFW,1938,1938,8,18,1938,268,258,233,1905,6,7,6,6,6,0,0,,0,0,0,0,0
2023,2,16,2,B6,6399,TPA,PHL,2124,2124,47,23,2124,369,375,345,2657,333,7,333,333,41,0,0,,7,9,31,32,8
2023,9,27,7,AA,7253,SAN,BOS,2017,2017,13,24,2017,260,282,254,1729,37,4,37,37,29,0,0,,2,2,43,35,17
2023,3,23,7,HA,1556,BOS,BNA,1026,1026,34,21,1026,296,316,282,2046,1522,13,1522,1522,32,0,0,,26,8,6,16,0
2023,5,10,5,DL,8868,ORD,DEN,832,832,22,23,832,79,66,38,200,951,5,951,951,16,0,0,,14,9,30,48,10
2023,10,10,3,AS,4188,IAH,LGA,1832,1832,2,21,1832,361,360,330,2506,33,9,33,33,11,0,0,,0,0,0,0,0
2023,8,27,7,DL,7768,ORD,LGA,640,640,56,13,640,190,185,159,1207,950,13,950,950,62,0,0,,17,2,3,22,21
2023,2,2,3,B6,37,PHX,LAX,2125,2125,9,17,2125,252,270,235,1809,137,18,137,137,13,0,0,,0,0,0,0,0
2023,6,9,3,G4,1788,EWR,DFW,1736,1736,51,24,1736,251,262,232,1762,2147,6,2147,2147,54,0,0,,35,3,14,38,10
2023,12,17,2,UA,6284,DTW,ATL,1842,1842,20,30,1842,314,321,279,2077,2356,12,2356,2356,17,0,0,,2,4,8,36,9
2023,5,11,4,UA,8061,IAH,EWR,518,518,-13,17,518,87,88,65,354,645,6,645,645,-10,0,0,,0,0,0,0,0
2023,10,10,5,AS,8066,LGA,IAD,2255,2255,-3,28,2255,206,213,179,1243,221,6,221,221,1,0,0,,0,0,0,0,0
2023,9,22,7,AS,3881,TPA,ATL,1501,1501,-23,17,1501,131,149,114,682,1712,18,1712,1712,-27,0,0,,0,0,0,0,0
2023,12,25,3,F9,5933,ORD,JFK,1318,1318,7,21,1318,339,344,311,2305,1857,12,1857,1857,1,0,0,,0,0,0,0,0
2023,5,17,6,UA,8329,FLL,SFO,2201,2201,-18,27,2201,227,244,211,1414,148,6,148,148,3,0,0,,0,0,0,0,0
2023,2,4,4,G4,6334,SEA,FLL,1023,1023,27,24,1023,101,90,57,400,1204,9,1204,1204,49,0,0,,0,1,37,28,27
2023,5,16,7,UA,5760,DFW,MIA,715,715,-30,16,715,80,81,56,284,835,9,835,835,-4,0,0,,0,0,0,0,0
2023,12,20,6,AA,6486,DFW,ATL,2112,2112,21,22,2112,250,235,209,1764,122,4,122,122,4,0,0,,0,0,0,0,0
2023,4,15,5,HA,5068,FLL,SFO,2254,2254,41,14,2254,106,97,67,556,40,16,40,40,20,0,0,,36,2,31,5,5
2023,11,25,5,UA,662,CLT,FLL,1123,1123,-25,9,1123,89,76,51,251,1252,16,1252,1252,-34,0,0,,0,0,0,0,0
2023,7,27,3,NK,7974,ATL,PHX,1010,1010,50,11,1010,215,225,195,1534,1345,19,1345,1345,46,0,0,,17,0,47,7,26
2023,6,21,3,F9,6387,SEA,TPA,1134,1134,8,27,1134,247,247,210,1701,1541,10,1541,1541,-25,0,0,,0,0,0,0,0
2023,2,5,7,B6,7888,EWR,MIA,922,922,-26,31,922,252,252,209,1781,1334,12,1334,1334,-27,0,0,,0,0,0,0,0
2023,12,6,2,AS,415,ATL,MIA,1215,1215,26,25,1215,237,235,198,1466,1612,12,1612,1612,41,0,0,,3,6,5,37,28
2023,11,17,4,AA,6851,SFO,BWI,1946,1946,-19,18,1946,99,109,79,553,2125,12,2125,2125,-2,0,0,,0,0,0,0,0
2023,11,1,7,AS,8535,LGA,PHX,1816,1816,9,12,1816,162,173,156,963,2058,5,2058,2058,4,0,0,,0,0,0,0,0
2023,5,25,4,F9,2730,PHL,BNA,1729,1729,4,33,1729,275,276,239,1779,2204,4,2204,2204,0,0,0,,0,0,0,0,0
2023,7,19,3,DL,3898,PHL,IAH,1809,1809,2,15,1809,183,171,147,1176,2112,9,2112,2112,11,0,0,,0,0,0,0,0
2023,11,4,5,AA,2170,SAN,BWI,1628,1628,43,29,1628,175,176,138,1170,1923,9,1923,1923,50,0,0,,10,4,9,10,5
2023,7,17,3,WN,1879,CLT,HOU,1253,1253,-1,27,1253,333,350,316,2374,1826,7,1826,1826,-5,0,0,,0,0,0,0,0
2023,5,9,5,AA,6455,MDW,MIA,1246,1246,-15,12,1246,205,219,191,1430,1611,16,1611,1611,-14,0,0,,0,0,0,0,0
2023,12,24,7,F9,4571,DAL,PHL,1141,1141,23,9,1141,379,384,364,2674,1800,11,1800,1800,15,0,0,,0,0,0,0,0
2023,9,2,5,B6,1516,IAH,MIA,1222,1222,-29,12,1222,346,347,327,2595,1808,8,1808,1808,-39,0,0,,0,0,0,0,0
2023,4,8,3,AA,575,BWI,MDW,2002,2002,4,10,2002,251,246,226,1669,13,10,13,13,3,0,0,,0,0,0,0,0
2023,11,15,1,F9,2868,MSP,JFK,1246,1246,47,19,1246,68,82,51,369,1354,12,1354,1354,38,0,0,,33,1,20,54,8
2023,3,7,4,G4,3545,IAH,MDW,741,741,-23,26,741,326,328,286,2154,1307,16,1307,1307,-33,0,0,,0,0,0,0,0
2023,4,27,6,HA,4478,MIA,MCO,2014,2014,-30,14,2014,61,65,47,322,2115,4,2115,2115,-16,0,0,,0,0,0,0,0
2023,5,6,5,UA,72,BOS,PHL,1121,1121,26,26,1121,249,267,229,1563,1530,12,1530,1530,30,0,0,,36,4,43,18,22
2023,6,1,5,G4,2981,IAH,DAL,1207,1207,2,11,1207,117,129,102,651,1404,16,1404,1404,12,0,0,,0,0,0,0,0
2023,3,15,1,F9,9310,MCO,SAN,2021,2021,1,30,2021,273,266,220,1962,54,16,54,54,-6,0,0,,0,0,0,0,0
2023,2,23,7,NK,5493,SAN,LAS,934,934,2,21,934,346,361,333,2328,1520,7,1520,1520,-20,0,0,,0,0,0,0,0
2023,4,26,7,DL,9552,DAL,LAX,1234,1234,16,26,1234,159,159,123,947,1513,10,1513,1513,21,0,0,,37,1,15,52,22
2023,5,7,7,UA,4760,IAH,SFO,920,920,-12,33,920,184,199,147,1079,1224,19,1224,1224,-16,0,1,C,0,0,0,0,0
2023,4,25,6,NK,9708,DTW,LAS,1924,1924,67,33,1924,162,175,128,872,2206,14,2206,2206,48,0,0,,18,6,28,53,12
2023,11,17,2,B6,8085,BWI,IAD,838,838,-25,25,838,344,341,309,2412,1422,7,1422,1422,-34,0,0,,0,0,0,0,0
2023,12,2,1,AS,40,LAS,MIA,2033,2033,13,33,2033,213,220,180,1483,6,7,6,6,10,0,0,,0,0,0,0,0
2023,3,27,6,WN,9575,BOS,DEN,601,601,9,14,601,199,197,167,1424,920,16,920,920,29,0,0,,39,1,25,52,14
2023,8,9,1,UA,5374,JFK,ATL,1520,1520,-13,22,1520,119,142,101,637,1719,19,1719,1719,-15,0,0,,0,0,0,0,0
2023,10,9,5,G4,7566,SEA,BWI,1449,1449,-21,28,1449,316,302,256,2107,2005,18,2005,2005,-29,0,0,,0,0,0,0,0
2023,4,13,4,DL,1901,TPA,EWR,1300,1300,33,8,1300,216,212,187,1367,1636,17,1636,1636,38,0,0,,4,0,34,40,12
2023,2,6,1,NK,2218,PHX,SEA,822,822,-22,19,822,257,269,232,1614,1239,18,1239,1239,-15,0,0,,0,0,0,0,0
2023,2,6,2,F9,4797,DTW,ATL,1347,1347,-9,33,1347,83,99,59,462,1510,7,1510,1510,-31,0,0,,0,0,0,0,0
2023,1,20,3,UA,4607,DEN,DTW,1906,1906,49,31,1906,69,77,37,228,2015,9,2015,2015,52,0,0,,23,3,8,28,20
2023,4,20,6,AS,1284,JFK,PHX,1755,1755,13,26,1755,320,341,307,2377,2315,8,2315,2315,39,0,0,,34,2,33,30,3
2023,10,21,1,F9,8776,LGA,DAL,1119,1119,-30,34,1119,136,149,110,824,1335,5,1335,1335,-40,0,0,,0,0,0,0,0
2023,9,3,1,NK,8651,FLL,ATL,858,858,54,30,858,288,290,248,1887,1346,12,1346,1346,33,0,0,,21,7,15,34,9
2023,11,17,2,DL,816,DFW,DEN,1742,1742,13,13,1742,62,49,22,163,1844,14,1844,1844,-21,0,0,,0,0,0,0,0
2023,7,17,4,AA,2512,SFO,DTW,531,531,-3,33,531,349,346,304,2443,1120,9,1120,1120,-1,0,0,,0,0,0,0,0
2023,12,12,1,AS,247,DFW,MSP,654,654,12,20,654,294,291,258,2195,1148,13,1148,1148,24,0,0,,33,1,31,36,27
2023,10,16,1,F9,4826,IAD,TPA,1416,1416,20,13,1416,182,195,173,1187,1718,9,1718,1718,20,0,0,,15,3,49,1,9
2023,7,15,4,AS,6517,CLT,MCO,505,505,59,20,505,338,324,292,2296,1043,12,1043,1043,69,0,0,,10,9,17,47,20
2023,7,13,2,B6,417,MIA,HOU,2233,2233,1,22,2233,55,67,41,182,2328,4,2328,2328,13,0,0,,0,0,0,0,0
2023,8,23,6,F9,6703,IAH,DFW,526,526,22,23,526,241,229,196,1609,927,10,927,927,41,0,0,,37,1,33,58,9
2023,1,1,6,UA,3718,PHX,ATL,2154,2154,23,15,2154,76,65,44,406,2310,6,2310,2310,35,0,0,,18,8,28,31,20
2023,10,17,1,AA,108,DAL,SLC,2002,2002,13,20,2002,77,100,73,183,2119,7,2119,2119,8,0,0,,0,0,0,0,0
2023,10,3,4,AA,9031,MCO,SEA,735,735,32,20,735,317,306,282,2216,1252,4,1252,1252,30,0,0,,28,6,0,1,4
2023,8,26,1,WN,4514,DTW,DEN,1050,1050,31,27,1050,238,230,197,1433,1448,6,1448,1448,18,0,0,,36,4,15,58,12
2023,4,15,7,AS,1422,MSP,LAX,1511,1511,-30,27,1511,379,397,353,2786,2130,17,2130,2130,-26,0,0,,0,0,0,0,0
2023,4,4,3,G4,7284,DEN,SAN,559,559,50,19,559,283,292,256,1999,1042,17,1042,1042,45,1,0,,17,1,32,8,20
2023,4,4,6,AA,256,SEA,BOS,632,632,-29,26,632,325,336,293,2334,1157,17,1157,1157,-24,0,0,,0,0,0,0,0
2023,6,18,7,AA,7249,IAH,SFO,1415,1415,-25,24,1415,99,90,56,508,1554,10,1554,1554,-3,0,0,,0,0,0,0,0
2023,7,17,5,B6,9030,DEN,BOS,1820,1820,19,33,1820,165,185,135,903,2105,17,2105,2105,14,0,0,,0,0,0,0,0
2023,6,19,3,HA,2963,TPA,BNA,550,550,59,10,550,273,289,270,1752,1023,9,1023,1023,41,0,0,,31,1,19,33,11
2023,1,11,1,B6,2283,BNA,JFK,1445,1445,6,22,1445,127,132,94,553,1652,16,1652,1652,-3,0,0,,0,0,0,0,0
2023,12,20,2,B6,8745,SAN,DAL,1851,1851,18,24,1851,228,230,202,1375,2239,4,2239,2239,25,0,0,,18,7,15,33,20
2023,8,3,6,HA,8373,SEA,BWI,1621,1621,46,13,1621,226,212,181,1549,2007,18,2007,2007,24,0,0,,3,4,13,22,27
2023,10,8,5,AS,1478,IAD,EWR,1034,1034,-13,31,1034,329,318,275,2447,1603,12,1603,1603,-11,0,0,,0,0,0,0,0
2023,11,14,3,F9,8763,TPA,DEN,826,826,-30,26,826,379,401,368,2643,1445,7,1445,1445,-8,0,0,,0,0,0,0,0
2023,7,26,6,DL,4953,JFK,EWR,1041,1041,-9,19,1041,76,88,59,427,1157,10,1157,1157,-2,0,0,,0,0,0,0,0
2023,6,1,4,G4,5881,MSP,DTW,1648,1648,39,11,1648,66,81,51,261,1754,19,1754,1754,34,0,0,,15,7,31,31,29
2023,6,14,2,AA,9920,BNA,DTW,709,709,-2,28,709,325,333,298,2136,1234,7,1234,1234,0,1,0,,0,0,0,0,0
2023,5,2,3,WN,5593,DFW,IAD,2248,2248,84,30,2248,121,138,98,541,49,10,49,49,61,0,0,,29,9,44,48,21
2023,6,23,4,G4,7092,MIA,LGA,632,632,47,19,632,168,191,164,1118,920,8,920,920,32,0,0,,23,9,21,27,24
2023,12,4,7,F9,592,CLT,LGA,2026,2026,0,34,2026,313,309,271,2340,139,4,139,139,0,0,0,,0,0,0,0,0
2023,9,24,1,HA,6278,ORD,SLC,656,656,1,29,656,193,216,169,1205,1009,18,1009,1009,6,0,0,,0,0,0,0,0
2023,10,27,4,G4,2261,MIA,JFK,2035,2035,-5,9,2035,344,337,321,2378,219,7,219,219,9,0,0,,0,0,0,0,0
2023,9,19,3,AA,348,HOU,LAX,1307,1307,1,14,1307,388,387,355,2776,1935,18,1935,1935,4,0,0,,0,0,0,0,0
2023,10,6,3,G4,8358,DEN,MDW,849,849,132,23,849,103,110,81,418,1032,6,1032,1032,130,0,0,,35,8,16,42,13
2023,8,25,7,DL,5033,JFK,BOS,1545,1545,12,31,1545,393,399,359,2750,2218,9,2218,2218,31,0,0,,39,9,33,57,12
2023,10,1,1,HA,4444,FLL,LGA,1403,1403,28,19,1403,310,330,302,2179,1913,9,1913,1913,35,0,0,,14,7,6,30,2
2023,9,17,4,G4,8775,DTW,DFW,1042,1042,-19,23,1042,93,87,45,424,1215,19,1215,1215,1,0,0,,0,0,0,0,0
2023,10,8,4,AA,6870,MSP,MIA,1942,1942,72,21,1942,133,145,120,892,2155,4,2155,2155,51,0,0,,13,8,16,10,19
2023,8,19,1,AA,5697,SLC,FLL,915,915,39,8,915,54,73,48,235,1009,17,1009,1009,21,0,0,,14,0,23,55,24
2023,8,21,4,G4,3039,CLT,LAX,733,733,46,29,733,120,133,87,553,933,17,933,933,47,0,0,,11,6,7,39,4
2023,1,1,6,AS,2846,DEN,TPA,1002,1002,46,34,1002,319,308,255,2389,1521,19,1521,1521,25,0,0,,34,6,22,49,1
2023,10,5,1,WN,7865,LAS,LAX,1906,1906,-23,16,1906,317,305,275,2195,23,14,23,23,-21,0,0,,0,0,0,0,0
2023,11,27,2,NK,6610,ORD,IAH,2223,2223,-1,14,2223,196,195,176,1204,139,5,139,139,10,0,0,,0,0,0,0,0
2023,5,16,3,B6,1266,HOU,EWR,2001,2001,4,12,2001,316,330,302,2304,117,16,117,117,22,0,0,,1,6,18,28,28
2023,4,6,2,HA,2275,SEA,PHL,1200,1200,-30,17,1200,287,297,265,2044,1647,15,1647,1647,-27,0,0,,0,0,0,0,0
2023,2,8,6,NK,2471,JFK,LAX,1657,1657,39,34,1657,86,93,54,425,1823,5,1823,1823,27,0,0,,34,5,36,55,8
2023,8,13,7,F9,2578,DFW,DTW,800,800,11,17,800,130,153,121,800,1010,15,1010,1010,15,0,0,,0,0,0,0,0
2023,3,16,6,F9,3661,MIA,FLL,805,805,52,32,805,254,267,222,1771,1219,13,1219,1219,33,0,0,,10,9,25,54,27
2023,4,3,5,AA,1069,MIA,LAS,501,501,52,25,501,379,385,343,2753,1120,17,1120,1120,44,0,0,,25,8,23,57,27
2023,12,19,5,F9,5592,IAD,SFO,700,700,26,14,700,185,204,183,1255,1005,7,1005,1005,24,0,0,,2,2,20,46,11
2023,7,12,5,AS,5975,LGA,HOU,920,920,64,32,920,296,298,250,2063,1416,16,1416,1416,56,0,0,,4,7,32,30,4
2023,10,16,1,WN,4830,MSP,PHX,1637,1637,43,25,1637,380,399,362,2764,2257,12,2257,2257,40,0,0,,31,3,25,50,17
2023,9,27,4,F9,1951,MCO,MDW,1150,1150,9,20,1150,144,161,127,735,1414,14,1414,1414,0,0,0,,0,0,0,0,0
2023,2,11,6,DL,8284,BWI,MIA,1306,1306,-16,18,1306,69,60,37,278,1415,5,1415,1415,-20,0,0,,0,0,0,0,0
2023,3,10,2,WN,3094,IAH,ORD,1459,1459,5,17,1459,83,101,70,405,1622,14,1622,1622,-3,0,0,,0,0,0,0,0
2023,4,25,7,AS,5312,PHX,SAN,1423,1423,-19,29,1423,94,88,48,380,1557,11,1557,1557,-34,0,0,,0,0,0,0,0
2023,10,20,2,NK,1388,LAS,EWR,2259,2259,28,16,2259,200,208,178,1310,219,14,219,219,30,0,0,,16,2,27,48,21
2023,1,4,2,WN,4275,SFO,IAH,1509,1509,14,22,1509,364,373,336,2552,2113,15,2113,2113,25,0,0,,1,5,11,41,9
2023,7,12,2,WN,2286,MIA,SAN,1304,1304,5,21,1304,281,292,267,1797,1745,4,1745,1745,16,0,0,,23,9,43,10,25
2023,2,23,7,NK,3207,DEN,LAS,1120,1120,31,10,1120,318,308,283,2343,1638,15,1638,1638,25,0,0,,4,0,6,13,2
2023,5,2,5,AS,2925,DTW,PHX,2058,2058,-30,31,2058,327,319,277,2197,225,11,225,225,-33,0,0,,0,0,0,0,0
2023,1,24,2,F9,7046,DFW,SLC,1327,1327,16,21,1327,77,82,55,409,1444,6,1444,1444,25,0,0,,5,6,19,35,13
2023,3,22,7,AA,8472,LAX,BWI,1517,1517,4,28,1517,337,340,295,2284,2054,17,2054,2054,13,0,0,,0,0,0,0,0
2023,12,19,7,HA,1619,ORD,DFW,606,606,-14,23,606,178,196,155,992,904,18,904,904,-7,0,0,,0,0,0,0,0
2023,2,25,4,NK,8563,TPA,LGA,1820,1820,54,30,1820,323,346,308,2121,2343,8,2343,2343,69,0,0,,4,2,27,38,22
2023,1,5,7,NK,5897,MIA,SEA,2223,2223,-30,10,2223,91,98,84,414,2354,4,2354,2354,-24,0,0,,0,0,0,0,0
2023,7,8,5,NK,7844,ORD,EWR,1620,1620,-11,15,1620,114,111,92,541,1814,4,1814,1814,-10,0,0,,0,0,0,0,0
2023,5,7,2,NK,9896,DFW,LAX,757,757,2,9,757,354,377,359,2429,1351,9,1351,1351,-1,0,0,,0,0,0,0,0
2023,1,14,7,HA,7064,JFK,FLL,1633,1633,-8,31,1633,166,178,141,1050,1919,6,1919,1919,-24,0,0,,0,0,0,0,0
2023,6,24,1,HA,8496,MIA,BNA,1048,1048,38,9,1048,121,111,91,737,1249,11,1249,1249,42,0,0,,1,8,9,57,27
2023,5,23,7,F9,1349,FLL,SLC,1051,1051,-5,30,1051,372,368,331,2644,1703,7,1703,1703,-4,0,0,,0,0,0,0,0
2023,3,3,3,G4,5557,MCO,SEA,2120,2120,2,25,2120,196,183,149,1302,36,9,36,36,10,0,0,,0,0,0,0,0
2023,12,18,3,G4,5290,HOU,BOS,631,631,-5,14,631,205,209,179,1444,956,16,956,956,20,0,0,,11,1,15,12,28
2023,7,16,3,UA,2423,ATL,PHX,1251,1251,27,24,1251,128,120,83,615,1459,13,1459,1459,20,0,0,,36,4,34,48,28
2023,11,23,7,NK,3629,BOS,SFO,1344,1344,2,13,1344,225,235,207,1343,1729,15,1729,1729,-24,0,0,,0,0,0,0,0
2023,10,19,5,NK,2429,MSP,LAS,2011,2011,21,17,2011,321,343,314,2325,132,12,132,132,26,0,0,,34,4,39,37,12
2023,9,19,2,WN,3034,LAS,MIA,1832,1832,67,14,1832,320,332,301,2122,2352,17,2352,2352,61,0,0,,39,3,47,28,28
2023,9,18,6,G4,6158,IAD,DAL,518,518,4,11,518,199,218,196,1199,837,11,837,837,-3,0,0,,0,0,0,0,0
2023,9,20,6,F9,8861,LGA,IAH,1358,1358,32,18,1358,375,397,372,2770,2013,7,2013,2013,34,0,0,,36,1,42,35,2
2023,2,16,6,AA,8692,LAS,IAH,1916,1916,58,23,1916,391,377,341,2708,147,13,147,147,61,0,0,,35,0,42,39,29
2023,3,8,5,UA,7814,MDW,EWR,1709,1709,43,34,1709,108,99,54,637,1857,11,1857,1857,27,0,0,,19,1,32,46,15
2023,7,28,4,UA,1415,SLC,ORD,1408,1408,19,24,1408,377,386,344,2776,2025,18,2025,2025,15,0,0,,0,0,0,0,0
2023,5,1,1,F9,6709,LAS,EWR,909,909,12,13,909,170,186,163,1099,1159,10,1159,1159,30,0,0,,7,0,32,19,1
2023,2,17,1,AA,8722,MIA,FLL,1926,1926,-18,27,1926,91,87,52,555,2057,8,2057,2057,-22,0,0,,0,0,0,0,0
2023,3,12,3,WN,6636,SLC,SAN,2148,2148,-10,26,2148,201,196,160,1199,109,10,109,109,-6,0,0,,0,0,0,0,0
2023,10,21,3,HA,3622,LAS,PHL,932,932,-4,27,932,183,177,140,1256,1235,10,1235,1235,-33,0,0,,0,0,0,0,0
2023,6,11,7,B6,5316,EWR,IAH,1827,1827,83,29,1827,87,106,60,513,1954,17,1954,1954,55,0,0,,10,7,18,27,0
2023,7,5,6,G4,755,LAX,SEA,1123,1123,-5,28,1123,250,238,194,1540,1533,16,1533,1533,0,0,0,,0,0,0,0,0
2023,9,27,7,NK,2348,CLT,DEN,1155,1155,-15,25,1155,183,169,131,1233,1458,13,1458,1458,4,0,0,,0,0,0,0,0
2023,1,12,6,F9,727,CLT,HOU,1232,1232,-5,22,1232,121,133,106,700,1433,5,1433,1433,-19,0,0,,0,0,0,0,0
2023,11,17,3,G4,4924,SEA,FLL,517,517,6,9,517,261,259,240,1808,938,10,938,938,8,0,0,,0,0,0,0,0
2023,7,6,2,NK,2650,SLC,DFW,606,606,-4,26,606,112,125,93,441,758,6,758,758,-6,0,0,,0,0,0,0,0
2023,8,1,4,B6,2816,JFK,IAH,904,904,25,34,904,286,272,227,2110,1350,11,1350,1350,35,0,0,,17,8,10,55,26
2023,12,5,7,B6,9067,LGA,MSP,1203,1203,27,13,1203,268,286,262,1967,1631,11,1631,1631,10,0,0,,0,0,0,0,0
2023,3,25,4,HA,3280,PHL,DTW,1654,1654,-26,19,1654,97,114,83,340,1831,12,1831,1831,-15,0,0,,0,0,0,0,0
2023,4,28,4,AS,2985,SFO,SAN,927,927,-30,8,927,122,126,104,610,1129,14,1129,1129,-31,0,0,,0,0,0,0,0
2023,10,14,4,B6,3808,ORD,JFK,2222,2222,66,34,2222,299,313,272,2069,321,7,321,321,61,0,0,,19,7,37,24,21
2023,6,5,3,G4,7877,SEA,SLC,507,507,3,30,507,344,354,311,2430,1051,13,1051,1051,5,0,0,,0,0,0,0,0
2023,10,22,1,DL,6100,DTW,IAD,1204,1204,18,31,1204,369,373,336,2671,1813,6,1813,1813,14,0,0,,0,0,0,0,0
2023,7,24,3,DL,608,BOS,JFK,1841,1841,9,30,1841,105,90,48,420,2026,12,2026,2026,15,0,0,,0,0,0,0,0
2023,4,27,4,NK,6170,CLT,ORD,1914,1914,8,18,1914,214,199,169,1307,2248,12,2248,2248,9,0,1,C,0,0,0,0,0
2023,8,1,3,NK,7791,LAX,EWR,2042,2042,19,26,2042,65,74,43,320,2147,5,2147,2147,17,0,0,,27,5,30,28,8
2023,5,18,4,AS,5574,IAD,DAL,1659,1659,-10,29,1659,250,267,219,1588,2109,19,2109,2109,-11,0,1,C,0,0,0,0,0
2023,1,16,5,DL,635,LGA,ORD,1030,1030,-24,11,1030,49,56,36,177,1119,9,1119,1119,-17,0,0,,0,0,0,0,0
2023,4,9,6,NK,1075,MDW,CLT,1412,1412,14,28,1412,90,85,38,285,1542,19,1542,1542,17,0,0,,10,5,38,26,3
2023,3,19,1,B6,1915,SAN,ORD,2152,2152,23,26,2152,349,348,316,2602,341,6,341,341,10,0,0,,0,0,0,0,0
2023,9,22,5,NK,589,FLL,BNA,1831,1831,-2,28,1831,153,151,115,1037,2104,8,2104,2104,-4,0,1,B,0,0,0,0,0
2023,8,5,2,UA,3232,SFO,MCO,2012,2012,22,13,2012,238,223,191,1678,10,19,10,10,8,0,0,,0,0,0,0,0
2023,1,27,3,AS,6352,DTW,PHL,1143,1143,17,15,1143,235,252,232,1414,1538,5,1538,1538,16,0,0,,1,0,1,18,15
2023,11,2,2,F9,3839,SEA,ATL,1534,1534,-9,29,1534,151,141,94,1005,1805,18,1805,1805,-13,0,0,,0,0,0,0,0
2023,6,15,7,AA,1974,IAH,MSP,1052,1052,3,16,1052,361,368,345,2641,1653,7,1653,1653,14,0,0,,0,0,0,0,0
2023,9,7,3,WN,5045,SFO,MSP,945,945,-6,17,945,377,387,356,2631,1602,14,1602,1602,5,0,0,,0,0,0,0,0
2023,7,4,6,AA,6104,BNA,MDW,1637,1637,55,17,1637,219,206,183,1401,2016,6,2016,2016,38,0,0,,36,8,4,26,7
2023,4,1,5,AA,6684,LGA,MCO,2215,2215,41,17,2215,129,119,97,658,24,5,24,24,37,0,0,,39,7,11,29,0
2023,1,13,6,HA,5838,BNA,ATL,1205,1205,33,33,1205,216,240,198,1476,1541,9,1541,1541,38,0,0,,10,7,13,11,13
2023,12,20,7,F9,9444,MDW,DFW,615,615,-2,11,615,319,328,303,2231,1134,14,1134,1134,-2,0,0,,0,0,0,0,0
2023,2,22,4,NK,6784,DFW,ORD,1359,1359,-11,25,1359,183,184,153,1175,1702,6,1702,1702,-16,0,0,,0,0,0,0,0
2023,12,7,6,HA,5595,BOS,DEN,2245,2245,6,19,2245,109,121,95,511,34,7,34,34,-6,0,0,,0,0,0,0,0
2023,5,15,6,AA,3823,DEN,MIA,1846,1846,10,32,1846,198,214,173,1368,2204,9,2204,2204,21,0,0,,38,9,45,12,15
2023,12,23,4,UA,3390,MIA,IAD,2254,2254,-1,18,2254,119,132,99,755,53,15,53,53,12,0,0,,0,0,0,0,0
2023,11,14,3,WN,5915,LAS,MIA,2035,2035,-12,23,2035,281,288,249,2013,116,16,116,116,-11,0,0,,0,0,0,0,0
2023,5,23,4,AA,1781,TPA,PHX,1127,1127,15,26,1127,233,233,192,1481,1520,15,1520,1520,24,0,0,,29,8,41,1,1
2023,8,19,5,DL,3689,PHL,SAN,1409,1409,12,18,1409,251,267,231,1820,1820,18,1820,1820,-23,0,0,,0,0,0,0,0
2023,6,22,6,F9,9917,PHX,MIA,2113,2113,29,30,2113,134,144,106,865,2327,8,2327,2327,43,0,0,,28,2,32,33,10
2023,8,24,4,F9,7212,IAD,BNA,1129,1129,25,11,1129,346,363,345,2447,1715,7,1715,1715,21,0,0,,25,5,24,57,9
2023,2,20,7,F9,5038,BNA,MSP,1638,1638,31,19,1638,316,319,284,2344,2154,16,2154,2154,30,0,0,,0,1,37,49,24
2023,3,24,7,AS,6320,DTW,PHX,1735,1735,-19,24,1735,113,114,73,497,1928,17,1928,1928,-18,0,0,,0,0,0,0,0
2023,6,18,6,AS,9870,PHL,DEN,543,543,5,31,543,216,238,192,1427,919,15,919,919,23,0,0,,38,6,8,25,6
2023,12,10,5,B6,8641,LAS,SAN,1933,1933,3,20,1933,120,118,91,548,2133,7,2133,2133,-8,0,0,,0,0,0,0,0
2023,10,9,2,G4,82,DFW,PHX,923,923,-9,11,923,208,210,194,1507,1251,5,1251,1251,12,0,0,,0,0,0,0,0
2023,3,25,5,WN,6279,LGA,DEN,617,617,-30,34,617,195,200,151,1349,932,15,932,932,-19,0,0,,0,0,0,0,0
2023,6,8,1,HA,7000,MDW,EWR,1600,1600,34,13,1600,341,364,335,2322,2141,16,2141,2141,38,0,0,,19,3,24,33,19
2023,6,26,1,NK,1407,SEA,MIA,815,815,-4,14,815,373,396,369,2595,1428,13,1428,1428,-5,0,0,,0,0,0,0,0
2023,2,10,1,AA,7411,ATL,FLL,1127,1127,51,15,1127,338,350,319,2328,1705,16,1705,1705,30,0,0,,24,8,21,9,2
2023,7,17,6,G4,1481,BOS,LGA,1456,1456,15,33,1456,267,271,219,1735,1923,19,1923,1923,26,0,0,,23,6,28,4,20
2023,12,2,7,NK,9272,IAD,BNA,540,540,12,9,540,165,155,139,971,825,7,825,825,16,0,0,,33,0,27,25,26
2023,2,6,3,HA,3599,LAS,FLL,2048,2048,48,16,2048,184,194,163,1051,2352,15,2352,2352,59,0,0,,20,3,43,43,13
2023,6,26,7,G4,7994,PHL,LGA,1615,1615,27,17,1615,188,178,150,1094,1923,11,1923,1923,23,0,0,,1,3,12,18,21
2023,1,5,3,NK,4184,PHX,CLT,2236,2236,6,26,2236,284,307,273,2019,320,8,320,320,2,0,0,,0,0,0,0,0
2023,3,28,3,UA,3681,LAX,HOU,1240,1240,47,8,1240,104,114,87,483,1424,19,1424,1424,59,0,0,,39,2,2,56,1
2023,2,9,7,AS,7645,PHX,LGA,1150,1150,3,23,1150,208,209,169,1193,1518,17,1518,1518,27,0,0,,20,3,29,33,22
2023,7,5,6,HA,4311,LAS,JFK,1724,1724,18,25,1724,358,382,340,2402,2322,17,2322,2322,17,0,0,,36,8,10,28,15
2023,4,18,5,WN,1759,HOU,LAS,840,840,-23,15,840,92,78,45,504,1012,18,1012,1012,-27,0,0,,0,0,0,0,0
2023,8,26,3,DL,2600,PHL,ATL,1402,1402,48,17,1402,218,223,189,1346,1740,17,1740,1740,53,0,0,,13,1,49,14,16
2023,6,20,2,UA,5617,JFK,MIA,1827,1827,26,29,1827,200,191,148,1362,2147,14,2147,2147,21,0,0,,21,6,49,39,14
2023,12,9,7,AS,5814,BNA,TPA,807,807,21,18,807,165,169,138,973,1052,13,1052,1052,27,0,1,C,17,8,8,15,29
2023,10,17,7,F9,3854,ATL,IAH,1202,1202,20,24,1202,199,186,149,1175,1521,13,1521,1521,16,0,0,,4,6,32,50,28
2023,4,27,1,AS,2293,BNA,JFK,1923,1923,25,34,1923,294,314,269,2046,17,11,17,17,42,0,0,,29,0,25,17,12
2023,5,17,5,G4,1502,IAD,ATL,519,519,30,32,519,65,68,27,317,624,9,624,624,19,0,0,,30,6,15,58,28
2023,9,12,1,B6,8423,DEN,BWI,1854,1854,13,14,1854,372,386,353,2565,106,19,106,106,19,0,0,,8,5,24,48,28
2023,7,7,7,UA,7551,ORD,LAX,1728,1728,-10,33,1728,139,134,86,685,1947,15,1947,1947,-12,0,0,,0,0,0,0,0
2023,10,27,7,F9,4251,DFW,SAN,948,948,23,34,948,310,307,260,2098,1458,13,1458,1458,18,0,0,,30,0,20,10,6
2023,9,3,3,G4,9391,ATL,CLT,1941,1941,-27,10,1941,378,395,377,2777,159,8,159,159,-26,0,0,,0,0,0,0,0
2023,7,10,5,HA,6992,IAH,ORD,2147,2147,11,14,2147,245,267,246,1769,152,7,152,152,20,0,0,,36,5,4,31,19
2023,12,2,4,WN,115,LAS,MCO,529,529,9,13,529,168,154,128,1099,817,13,817,817,21,0,0,,5,3,16,27,19
2023,1,25,2,AS,9606,HOU,HOU,1319,1319,31,10,1319,92,99,77,356,1451,12,1451,1451,35,0,0,,25,3,39,5,2
2023,12,3,3,HA,4407,SAN,JFK,1048,1048,-7,15,1048,140,144,116,693,1308,13,1308,1308,-5,0,0,,0,0,0,0,0
2023,8,16,7,F9,9185,DFW,JFK,1217,1217,35,8,1217,73,87,62,278,1330,17,1330,1330,33,0,0,,5,8,0,39,2
2023,4,2,3,G4,2348,DTW,PHL,1948,1948,12,12,1948,258,257,237,1620,6,8,6,6,23,0,0,,32,0,12,23,15
2023,3,28,2,B6,1042,IAH,LGA,1952,1952,46,31,1952,299,285,241,2232,51,13,51,51,52,0,0,,29,1,17,9,19
2023,7,24,7,AS,6928,IAD,LAX,2008,2008,52,26,2008,334,348,303,2396,142,19,142,142,14,0,0,,0,0,0,0,0
2023,12,10,2,WN,12,DFW,TPA,1314,1314,-27,34,1314,297,306,254,1986,1811,18,1811,1811,-24,0,0,,0,0,0,0,0
2023,3,6,4,B6,7981,IAD,TPA,1521,1521,-2,20,1521,56,44,20,226,1617,14,1617,1617,-2,0,0,,0,0,0,0,0
2023,8,22,3,NK,7872,MCO,SAN,634,634,70,33,634,93,78,36,518,807,9,807,807,70,0,0,,37,5,47,7,25
2023,6,26,6,G4,6376,ORD,MCO,1153,1153,20,18,1153,116,108,72,675,1349,18,1349,1349,18,0,0,,28,7,4,11,23
2023,5,11,3,HA,7099,SLC,ATL,1703,1703,25,29,1703,101,99,60,498,1844,10,1844,1844,32,0,1,D,14,1,32,25,14
2023,4,23,1,AS,3677,SFO,TPA,2047,2047,38,33,2047,129,124,77,655,2256,14,2256,2256,21,0,0,,7,1,25,16,4
2023,8,7,5,AS,6110,MCO,JFK,1735,1735,18,18,1735,122,130,97,792,1937,15,1937,1937,20,0,0,,22,0,3,34,12
2023,8,27,5,F9,5398,PHX,SLC,1145,1145,-30,9,1145,95,103,75,387,1320,19,1320,1320,-13,0,0,,0,0,0,0,0
2023,12,15,1,WN,3066,DFW,BNA,1219,1219,45,16,1219,237,253,223,1453,1616,14,1616,1616,23,0,0,,10,5,16,43,6
2023,1,6,7,DL,2037,DTW,BOS,2022,2022,-30,9,2022,250,259,234,1750,32,16,32,32,7,0,0,,0,0,0,0,0
2023,9,20,5,NK,3047,CLT,HOU,1112,1112,21,28,1112,222,234,202,1605,1454,4,1454,1454,34,0,0,,11,1,5,44,2
2023,5,27,2,B6,541,IAD,IAH,905,905,40,26,905,347,347,309,2335,1452,12,1452,1452,36,0,0,,33,6,26,10,7
2023,4,9,5,UA,77,DFW,DEN,1502,1502,13,33,1502,265,288,240,1823,1927,15,1927,1927,3,0,0,,0,0,0,0,0
2023,6,22,5,UA,3068,SAN,SLC,1917,1917,7,19,1917,296,296,266,1996,13,11,13,13,6,0,0,,0,0,0,0,0
2023,6,20,1,AS,24,IAH,BOS,2105,2105,40,16,2105,288,308,277,2004,153,15,153,153,37,0,0,,35,0,0,41,7
2023,2,12,7,F9,5135,DTW,LAX,1147,1147,-29,16,1147,99,95,60,504,1326,19,1326,1326,-17,0,0,,0,0,0,0,0
2023,8,19,4,AA,676,SEA,LAS,1246,1246,-14,30,1246,383,379,335,2775,1909,14,1909,1909,8,0,0,,0,0,0,0,0
2023,7,20,5,AS,6669,MDW,MIA,1039,1039,9,17,1039,125,143,107,708,1244,19,1244,1244,4,0,0,,0,0,0,0,0
2023,1,3,6,UA,4268,MCO,FLL,1527,1527,-1,12,1527,300,322,292,2067,2027,18,2027,2027,8,0,0,,0,0,0,0,0
2023,5,15,5,UA,5989,DEN,BWI,2259,2259,-30,16,2259,234,238,214,1404,253,8,253,253,-39,0,0,,0,0,0,0,0
2023,12,2,4,NK,7653,SLC,SFO,500,500,26,30,500,256,255,219,1831,916,6,916,916,19,0,0,,16,1,32,19,25
2023,6,21,1,HA,8681,SFO,LAS,1813,1813,22,25,1813,212,218,185,1319,2145,8,2145,2145,25,0,0,,15,1,29,19,17
2023,4,2,4,AA,1486,MIA,LGA,608,608,-18,17,608,213,213,177,1325,941,19,941,941,-5,0,0,,0,0,0,0,0
2023,2,22,1,AS,3660,IAD,MSP,2017,2017,-11,24,2017,266,274,242,1964,43,8,43,43,-16,0,0,,0,0,0,0,0
2023,4,3,2,NK,2420,ORD,PHL,959,959,30,33,959,328,315,270,2337,1527,12,1527,1527,22,0,0,,29,4,9,2,4
2023,1,6,1,F9,7741,TPA,CLT,755,755,47,17,755,151,136,109,812,1026,10,1026,1026,59,0,0,,33,9,10,23,15
2023,7,15,2,NK,7144,DFW,MIA,1622,1622,8,21,1622,68,90,53,170,1730,16,1730,1730,23,0,0,,4,6,38,51,16
2023,2,27,2,AS,3496,MCO,EWR,1957,1957,39,11,1957,340,341,325,2261,137,5,137,137,38,0,0,,32,1,19,9,8
2023,2,10,1,G4,757,DFW,DTW,543,543,20,17,543,222,227,202,1391,925,8,925,925,-8,0,0,,0,0,0,0,0
2023,9,9,6,DL,8449,EWR,FLL,1334,1334,25,31,1334,92,89,39,311,1506,19,1506,1506,53,0,0,,16,0,11,27,18
2023,5,1,3,AS,1780,DAL,MSP,2033,2033,3,29,2033,73,59,20,279,2146,12,2146,2146,4,0,0,,0,0,0,0,0
